ARM GAS  /var/folders/xf/tcndk8390ml5xdpfw93qkhpm0000gn/T//ccIuqtfV.s 			page 1


   1              		.cpu cortex-m7
   2              		.arch armv7e-m
   3              		.fpu fpv5-d16
   4              		.eabi_attribute 28, 1
   5              		.eabi_attribute 20, 1
   6              		.eabi_attribute 21, 1
   7              		.eabi_attribute 23, 3
   8              		.eabi_attribute 24, 1
   9              		.eabi_attribute 25, 1
  10              		.eabi_attribute 26, 1
  11              		.eabi_attribute 30, 6
  12              		.eabi_attribute 34, 1
  13              		.eabi_attribute 18, 4
  14              		.file	"chassis.c"
  15              		.text
  16              	.Ltext0:
  17              		.cfi_sections	.debug_frame
  18              		.global	chassis_remote_control_buf
  19              		.section	.bss.chassis_remote_control_buf,"aw",%nobits
  20              		.align	2
  23              	chassis_remote_control_buf:
  24 0000 00000000 		.space	8
  24      00000000 
  25              		.global	steer_motor_id
  26              		.section	.data.steer_motor_id,"aw"
  27              		.align	2
  30              	steer_motor_id:
  31 0000 05060708 		.ascii	"\005\006\007\010"
  32              		.global	drive_motor_id
  33              		.section	.data.drive_motor_id,"aw"
  34              		.align	2
  37              	drive_motor_id:
  38 0000 01020304 		.ascii	"\001\002\003\004"
  39              		.global	steer_motor_pos_max
  40              		.section	.data.steer_motor_pos_max,"aw"
  41              		.align	2
  44              	steer_motor_pos_max:
  45 0000 CF084F3D 		.word	1028589775
  46 0004 DF70DF3C 		.word	1021276383
  47 0008 A348233D 		.word	1025722531
  48 000c 8728073D 		.word	1023879303
  49              		.global	steer_motor_pos_min
  50              		.section	.data.steer_motor_pos_min,"aw"
  51              		.align	2
  54              	steer_motor_pos_min:
  55 0000 18C57740 		.word	1081591064
  56 0004 96287640 		.word	1081485462
  57 0008 D7927640 		.word	1081512663
  58 000c 16677640 		.word	1081501462
  59              		.global	steer_range_
  60              		.section	.data.steer_range_,"aw"
  61              		.align	2
  64              	steer_range_:
  65 0000 B4697440 		.word	1081371060
  66              		.global	steer_forward_pos
  67              		.section	.bss.steer_forward_pos,"aw",%nobits
  68              		.align	2
ARM GAS  /var/folders/xf/tcndk8390ml5xdpfw93qkhpm0000gn/T//ccIuqtfV.s 			page 2


  71              	steer_forward_pos:
  72 0000 00000000 		.space	16
  72      00000000 
  72      00000000 
  72      00000000 
  73              		.global	steer_vel_limit
  74              		.section	.data.steer_vel_limit,"aw"
  75              		.align	2
  78              	steer_vel_limit:
  79 0000 0000A040 		.word	1084227584
  80              		.global	steer_clip_angle
  81              		.section	.data.steer_clip_angle,"aw"
  82              		.align	2
  85              	steer_clip_angle:
  86 0000 DB0FC93F 		.word	1070141403
  87              		.global	steer_front_angle
  88              		.section	.data.steer_front_angle,"aw"
  89              		.align	2
  92              	steer_front_angle:
  93 0000 DB0FC93F 		.word	1070141403
  94              		.global	steer_motor_pos_cmd
  95              		.section	.bss.steer_motor_pos_cmd,"aw",%nobits
  96              		.align	2
  99              	steer_motor_pos_cmd:
 100 0000 00000000 		.space	16
 100      00000000 
 100      00000000 
 100      00000000 
 101              		.global	steer_motor_ang_cmd
 102              		.section	.data.steer_motor_ang_cmd,"aw"
 103              		.align	2
 106              	steer_motor_ang_cmd:
 107 0000 DB0FC93F 		.word	1070141403
 108 0004 DB0FC93F 		.word	1070141403
 109 0008 DB0FC93F 		.word	1070141403
 110 000c DB0FC93F 		.word	1070141403
 111              		.global	steer_decrease_flag
 112              		.section	.bss.steer_decrease_flag,"aw",%nobits
 115              	steer_decrease_flag:
 116 0000 00       		.space	1
 117              		.global	drive_motor_spd_cmd
 118              		.section	.bss.drive_motor_spd_cmd,"aw",%nobits
 119              		.align	2
 122              	drive_motor_spd_cmd:
 123 0000 00000000 		.space	16
 123      00000000 
 123      00000000 
 123      00000000 
 124              		.global	hx
 125              		.section	.data.hx,"aw"
 126              		.align	2
 129              	hx:
 130 0000 F628DC3E 		.word	1054615798
 131              		.global	hy
 132              		.section	.data.hy,"aw"
 133              		.align	2
 136              	hy:
ARM GAS  /var/folders/xf/tcndk8390ml5xdpfw93qkhpm0000gn/T//ccIuqtfV.s 			page 3


 137 0000 3789013F 		.word	1057065271
 138              		.global	bx
 139              		.section	.bss.bx,"aw",%nobits
 140              		.align	2
 143              	bx:
 144 0000 00000000 		.space	4
 145              		.global	by
 146              		.section	.bss.by,"aw",%nobits
 147              		.align	2
 150              	by:
 151 0000 00000000 		.space	4
 152              		.global	sign_hx
 153              		.section	.data.sign_hx,"aw"
 154              		.align	2
 157              	sign_hx:
 158 0000 000080BF 		.word	-1082130432
 159 0004 0000803F 		.word	1065353216
 160 0008 0000803F 		.word	1065353216
 161 000c 000080BF 		.word	-1082130432
 162              		.global	sign_hy
 163              		.section	.data.sign_hy,"aw"
 164              		.align	2
 167              	sign_hy:
 168 0000 0000803F 		.word	1065353216
 169 0004 0000803F 		.word	1065353216
 170 0008 000080BF 		.word	-1082130432
 171 000c 000080BF 		.word	-1082130432
 172              		.global	steer_to_drive
 173              		.section	.data.steer_to_drive,"aw"
 174              		.align	2
 177              	steer_to_drive:
 178 0000 00010302 		.ascii	"\000\001\003\002"
 179              		.global	spd_max
 180              		.section	.data.spd_max,"aw"
 181              		.align	2
 184              	spd_max:
 185 0000 0000C842 		.word	1120403456
 186              		.global	last_chassis_start_flag
 187              		.section	.bss.last_chassis_start_flag,"aw",%nobits
 190              	last_chassis_start_flag:
 191 0000 00       		.space	1
 192              		.global	chassis_start_flag
 193              		.section	.bss.chassis_start_flag,"aw",%nobits
 196              	chassis_start_flag:
 197 0000 00       		.space	1
 198              		.section	.text.Chassis_RC_Update,"ax",%progbits
 199              		.align	1
 200              		.global	Chassis_RC_Update
 201              		.syntax unified
 202              		.thumb
 203              		.thumb_func
 205              	Chassis_RC_Update:
 206              	.LFB144:
 207              		.file 1 "User/Src/chassis.c"
   1:User/Src/chassis.c **** #include "chassis.h"
   2:User/Src/chassis.c **** #include <math.h>
   3:User/Src/chassis.c **** 
ARM GAS  /var/folders/xf/tcndk8390ml5xdpfw93qkhpm0000gn/T//ccIuqtfV.s 			page 4


   4:User/Src/chassis.c **** u8 chassis_remote_control_buf[8] = {0};
   5:User/Src/chassis.c **** 
   6:User/Src/chassis.c **** // orient front direction
   7:User/Src/chassis.c **** // front left, front right, rear right, rear left
   8:User/Src/chassis.c **** u8 steer_motor_id[STEER_MOTOR_NUM] = {0x05, 0x06, 0x07, 0x08};
   9:User/Src/chassis.c **** // left front 0x01, right front 0x02, left rear 0x03, right rear 0x04
  10:User/Src/chassis.c **** u8 drive_motor_id[DRIVE_MOTOR_NUM] = {0x01, 0x02, 0x03, 0x04};
  11:User/Src/chassis.c **** 
  12:User/Src/chassis.c **** 
  13:User/Src/chassis.c **** 
  14:User/Src/chassis.c **** float steer_motor_pos_max[STEER_MOTOR_NUM] = {0.0505455099, 0.0272755008, 0.0398641936, 0.032997634
  15:User/Src/chassis.c **** // max -> min clock-wise
  16:User/Src/chassis.c **** float steer_motor_pos_min[STEER_MOTOR_NUM] = {3.87140465, 3.84622717, 3.85271239, 3.85004187};
  17:User/Src/chassis.c **** float steer_range_ = 3.8189516692;
  18:User/Src/chassis.c **** // float steer_forward_pos[STEER_MOTOR_NUM] = {1.8694208890999, -1.88467991, 1.8587395727999, -0.64
  19:User/Src/chassis.c **** float steer_forward_pos[STEER_MOTOR_NUM] = {0.0, 0.0, 0.0, 0.0};
  20:User/Src/chassis.c **** float steer_vel_limit = 5.0;
  21:User/Src/chassis.c **** float steer_clip_angle = pi / 2.0;
  22:User/Src/chassis.c **** float steer_front_angle = pi / 2.0;
  23:User/Src/chassis.c **** 
  24:User/Src/chassis.c **** // float steer_motor_pos_cmd[STEER_MOTOR_NUM] = {1.8694208890999, -1.88467991, 1.8587395727999, -0.
  25:User/Src/chassis.c **** float steer_motor_pos_cmd[STEER_MOTOR_NUM] = {0.0, 0.0, 0.0, 0.0};
  26:User/Src/chassis.c **** float steer_motor_ang_cmd[STEER_MOTOR_NUM] = {pi / 2, pi / 2, pi / 2, pi / 2};
  27:User/Src/chassis.c **** 
  28:User/Src/chassis.c **** u8 steer_decrease_flag = 0;
  29:User/Src/chassis.c **** 
  30:User/Src/chassis.c **** s32 drive_motor_spd_cmd[DRIVE_MOTOR_NUM] = {0};
  31:User/Src/chassis.c **** 
  32:User/Src/chassis.c **** float hx = 0.43;    // width of chassis
  33:User/Src/chassis.c **** float hy = 0.506;    // lenght of chassis
  34:User/Src/chassis.c **** float bx = 0.0;    // offset of steer and motor center
  35:User/Src/chassis.c **** float by = 0.0;   // offset of steer and motor center
  36:User/Src/chassis.c **** 
  37:User/Src/chassis.c **** float sign_hx[STEER_MOTOR_NUM] = {-1, 1, 1, -1};
  38:User/Src/chassis.c **** float sign_hy[STEER_MOTOR_NUM] = {1, 1, -1, -1};
  39:User/Src/chassis.c **** 
  40:User/Src/chassis.c **** u8 steer_to_drive[STEER_MOTOR_NUM] = {0, 1, 3, 2};
  41:User/Src/chassis.c **** float spd_max = 100;
  42:User/Src/chassis.c **** 
  43:User/Src/chassis.c **** u8 last_chassis_start_flag = 0;
  44:User/Src/chassis.c **** u8 chassis_start_flag = 0;
  45:User/Src/chassis.c **** 
  46:User/Src/chassis.c **** void Chassis_RC_Update(){
 208              		.loc 1 46 25
 209              		.cfi_startproc
 210              		@ args = 0, pretend = 0, frame = 16
 211              		@ frame_needed = 1, uses_anonymous_args = 0
 212 0000 80B5     		push	{r7, lr}
 213              	.LCFI0:
 214              		.cfi_def_cfa_offset 8
 215              		.cfi_offset 7, -8
 216              		.cfi_offset 14, -4
 217 0002 84B0     		sub	sp, sp, #16
 218              	.LCFI1:
 219              		.cfi_def_cfa_offset 24
 220 0004 00AF     		add	r7, sp, #0
 221              	.LCFI2:
ARM GAS  /var/folders/xf/tcndk8390ml5xdpfw93qkhpm0000gn/T//ccIuqtfV.s 			page 5


 222              		.cfi_def_cfa_register 7
  47:User/Src/chassis.c ****   last_chassis_start_flag = chassis_start_flag;
 223              		.loc 1 47 27
 224 0006 524B     		ldr	r3, .L11+8
 225 0008 1A78     		ldrb	r2, [r3]	@ zero_extendqisi2
 226 000a 524B     		ldr	r3, .L11+12
 227 000c 1A70     		strb	r2, [r3]
  48:User/Src/chassis.c ****   if(((uint8_t)chassis_remote_control_buf[2] >> 6) & 1U)
 228              		.loc 1 48 42
 229 000e 524B     		ldr	r3, .L11+16
 230 0010 9B78     		ldrb	r3, [r3, #2]	@ zero_extendqisi2
 231              		.loc 1 48 52
 232 0012 9B09     		lsrs	r3, r3, #6
 233 0014 DBB2     		uxtb	r3, r3
 234 0016 03F00103 		and	r3, r3, #1
 235              		.loc 1 48 5
 236 001a 002B     		cmp	r3, #0
 237 001c 02D0     		beq	.L2
  49:User/Src/chassis.c ****     spd_max = 300;
 238              		.loc 1 49 13
 239 001e 4F4B     		ldr	r3, .L11+20
 240 0020 4F4A     		ldr	r2, .L11+24
 241 0022 1A60     		str	r2, [r3]	@ float
 242              	.L2:
  50:User/Src/chassis.c ****   if(((uint8_t)chassis_remote_control_buf[2] >> 7) & 1U)
 243              		.loc 1 50 42
 244 0024 4C4B     		ldr	r3, .L11+16
 245 0026 9B78     		ldrb	r3, [r3, #2]	@ zero_extendqisi2
 246              		.loc 1 50 52
 247 0028 DB09     		lsrs	r3, r3, #7
 248 002a DBB2     		uxtb	r3, r3
 249 002c 03F00103 		and	r3, r3, #1
 250              		.loc 1 50 5
 251 0030 002B     		cmp	r3, #0
 252 0032 02D0     		beq	.L3
  51:User/Src/chassis.c ****     spd_max = 100;
 253              		.loc 1 51 13
 254 0034 494B     		ldr	r3, .L11+20
 255 0036 4B4A     		ldr	r2, .L11+28
 256 0038 1A60     		str	r2, [r3]	@ float
 257              	.L3:
  52:User/Src/chassis.c ****   if(((uint8_t)chassis_remote_control_buf[2] >> 5) & 1U)
 258              		.loc 1 52 42
 259 003a 474B     		ldr	r3, .L11+16
 260 003c 9B78     		ldrb	r3, [r3, #2]	@ zero_extendqisi2
 261              		.loc 1 52 52
 262 003e 5B09     		lsrs	r3, r3, #5
 263 0040 DBB2     		uxtb	r3, r3
 264 0042 03F00103 		and	r3, r3, #1
 265              		.loc 1 52 5
 266 0046 002B     		cmp	r3, #0
 267 0048 02D0     		beq	.L4
  53:User/Src/chassis.c ****     chassis_start_flag = 1;
 268              		.loc 1 53 24
 269 004a 414B     		ldr	r3, .L11+8
 270 004c 0122     		movs	r2, #1
 271 004e 1A70     		strb	r2, [r3]
ARM GAS  /var/folders/xf/tcndk8390ml5xdpfw93qkhpm0000gn/T//ccIuqtfV.s 			page 6


 272              	.L4:
  54:User/Src/chassis.c ****   if(((uint8_t)chassis_remote_control_buf[2] >> 4) & 1U)
 273              		.loc 1 54 42
 274 0050 414B     		ldr	r3, .L11+16
 275 0052 9B78     		ldrb	r3, [r3, #2]	@ zero_extendqisi2
 276              		.loc 1 54 52
 277 0054 1B09     		lsrs	r3, r3, #4
 278 0056 DBB2     		uxtb	r3, r3
 279 0058 03F00103 		and	r3, r3, #1
 280              		.loc 1 54 5
 281 005c 002B     		cmp	r3, #0
 282 005e 02D0     		beq	.L5
  55:User/Src/chassis.c ****     chassis_start_flag = 0;
 283              		.loc 1 55 24
 284 0060 3B4B     		ldr	r3, .L11+8
 285 0062 0022     		movs	r2, #0
 286 0064 1A70     		strb	r2, [r3]
 287              	.L5:
  56:User/Src/chassis.c **** 
  57:User/Src/chassis.c ****   if(last_chassis_start_flag != chassis_start_flag){
 288              		.loc 1 57 30
 289 0066 3B4B     		ldr	r3, .L11+12
 290 0068 1A78     		ldrb	r2, [r3]	@ zero_extendqisi2
 291 006a 394B     		ldr	r3, .L11+8
 292 006c 1B78     		ldrb	r3, [r3]	@ zero_extendqisi2
 293              		.loc 1 57 5
 294 006e 9A42     		cmp	r2, r3
 295 0070 08D0     		beq	.L6
  58:User/Src/chassis.c ****     if(chassis_start_flag == 1)
 296              		.loc 1 58 27
 297 0072 374B     		ldr	r3, .L11+8
 298 0074 1B78     		ldrb	r3, [r3]	@ zero_extendqisi2
 299              		.loc 1 58 7
 300 0076 012B     		cmp	r3, #1
 301 0078 02D1     		bne	.L7
  59:User/Src/chassis.c ****       Chassis_Start();
 302              		.loc 1 59 7
 303 007a FFF7FEFF 		bl	Chassis_Start
 304 007e 01E0     		b	.L6
 305              	.L7:
  60:User/Src/chassis.c ****     else
  61:User/Src/chassis.c ****       Chassis_Stop();
 306              		.loc 1 61 7
 307 0080 FFF7FEFF 		bl	Chassis_Stop
 308              	.L6:
  62:User/Src/chassis.c ****   }
  63:User/Src/chassis.c ****   if(chassis_start_flag == 0)
 309              		.loc 1 63 25
 310 0084 324B     		ldr	r3, .L11+8
 311 0086 1B78     		ldrb	r3, [r3]	@ zero_extendqisi2
 312              		.loc 1 63 5
 313 0088 002B     		cmp	r3, #0
 314 008a 59D0     		beq	.L10
  64:User/Src/chassis.c ****     return;
  65:User/Src/chassis.c ****   float spd_x = ((float)chassis_remote_control_buf[4] - 128) / 128.0 * spd_max;
 315              		.loc 1 65 51
 316 008c 324B     		ldr	r3, .L11+16
ARM GAS  /var/folders/xf/tcndk8390ml5xdpfw93qkhpm0000gn/T//ccIuqtfV.s 			page 7


 317 008e 1B79     		ldrb	r3, [r3, #4]	@ zero_extendqisi2
 318              		.loc 1 65 18
 319 0090 07EE903A 		vmov	s15, r3	@ int
 320 0094 F8EE677A 		vcvt.f32.u32	s15, s15
 321              		.loc 1 65 55
 322 0098 9FED337A 		vldr.32	s14, .L11+32
 323 009c 77EEC77A 		vsub.f32	s15, s15, s14
 324 00a0 B7EEE77A 		vcvt.f64.f32	d7, s15
 325              		.loc 1 65 62
 326 00a4 9FED285B 		vldr.64	d5, .L11
 327 00a8 87EE056B 		vdiv.f64	d6, d7, d5
 328              		.loc 1 65 70
 329 00ac 2B4B     		ldr	r3, .L11+20
 330 00ae D3ED007A 		vldr.32	s15, [r3]
 331 00b2 B7EEE77A 		vcvt.f64.f32	d7, s15
 332 00b6 26EE077B 		vmul.f64	d7, d6, d7
 333              		.loc 1 65 9
 334 00ba F7EEC77B 		vcvt.f32.f64	s15, d7
 335 00be C7ED037A 		vstr.32	s15, [r7, #12]
  66:User/Src/chassis.c ****   float spd_y = (128 - (float)chassis_remote_control_buf[5]) / 128.0 * spd_max;
 336              		.loc 1 66 57
 337 00c2 254B     		ldr	r3, .L11+16
 338 00c4 5B79     		ldrb	r3, [r3, #5]	@ zero_extendqisi2
 339              		.loc 1 66 24
 340 00c6 07EE903A 		vmov	s15, r3	@ int
 341 00ca F8EE677A 		vcvt.f32.u32	s15, s15
 342              		.loc 1 66 22
 343 00ce 9FED267A 		vldr.32	s14, .L11+32
 344 00d2 77EE677A 		vsub.f32	s15, s14, s15
 345 00d6 B7EEE77A 		vcvt.f64.f32	d7, s15
 346              		.loc 1 66 62
 347 00da 9FED1B5B 		vldr.64	d5, .L11
 348 00de 87EE056B 		vdiv.f64	d6, d7, d5
 349              		.loc 1 66 70
 350 00e2 1E4B     		ldr	r3, .L11+20
 351 00e4 D3ED007A 		vldr.32	s15, [r3]
 352 00e8 B7EEE77A 		vcvt.f64.f32	d7, s15
 353 00ec 26EE077B 		vmul.f64	d7, d6, d7
 354              		.loc 1 66 9
 355 00f0 F7EEC77B 		vcvt.f32.f64	s15, d7
 356 00f4 C7ED027A 		vstr.32	s15, [r7, #8]
  67:User/Src/chassis.c ****   float spd_z = ((float)chassis_remote_control_buf[6] - 128) / 128.0 * spd_max;
 357              		.loc 1 67 51
 358 00f8 174B     		ldr	r3, .L11+16
 359 00fa 9B79     		ldrb	r3, [r3, #6]	@ zero_extendqisi2
 360              		.loc 1 67 18
 361 00fc 07EE903A 		vmov	s15, r3	@ int
 362 0100 F8EE677A 		vcvt.f32.u32	s15, s15
 363              		.loc 1 67 55
 364 0104 9FED187A 		vldr.32	s14, .L11+32
 365 0108 77EEC77A 		vsub.f32	s15, s15, s14
 366 010c B7EEE77A 		vcvt.f64.f32	d7, s15
 367              		.loc 1 67 62
 368 0110 9FED0D5B 		vldr.64	d5, .L11
 369 0114 87EE056B 		vdiv.f64	d6, d7, d5
 370              		.loc 1 67 70
 371 0118 104B     		ldr	r3, .L11+20
ARM GAS  /var/folders/xf/tcndk8390ml5xdpfw93qkhpm0000gn/T//ccIuqtfV.s 			page 8


 372 011a D3ED007A 		vldr.32	s15, [r3]
 373 011e B7EEE77A 		vcvt.f64.f32	d7, s15
 374 0122 26EE077B 		vmul.f64	d7, d6, d7
 375              		.loc 1 67 9
 376 0126 F7EEC77B 		vcvt.f32.f64	s15, d7
 377 012a C7ED017A 		vstr.32	s15, [r7, #4]
  68:User/Src/chassis.c ****   Chassis_Tidybot(spd_x, spd_y, spd_z);
 378              		.loc 1 68 3
 379 012e 97ED011A 		vldr.32	s2, [r7, #4]
 380 0132 D7ED020A 		vldr.32	s1, [r7, #8]
 381 0136 97ED030A 		vldr.32	s0, [r7, #12]
 382 013a FFF7FEFF 		bl	Chassis_Tidybot
 383 013e 00E0     		b	.L1
 384              	.L10:
  64:User/Src/chassis.c ****   float spd_x = ((float)chassis_remote_control_buf[4] - 128) / 128.0 * spd_max;
 385              		.loc 1 64 5
 386 0140 00BF     		nop
 387              	.L1:
  69:User/Src/chassis.c **** }
 388              		.loc 1 69 1
 389 0142 1037     		adds	r7, r7, #16
 390              	.LCFI3:
 391              		.cfi_def_cfa_offset 8
 392 0144 BD46     		mov	sp, r7
 393              	.LCFI4:
 394              		.cfi_def_cfa_register 13
 395              		@ sp needed
 396 0146 80BD     		pop	{r7, pc}
 397              	.L12:
 398              		.align	3
 399              	.L11:
 400 0148 00000000 		.word	0
 401 014c 00006040 		.word	1080033280
 402 0150 00000000 		.word	chassis_start_flag
 403 0154 00000000 		.word	last_chassis_start_flag
 404 0158 00000000 		.word	chassis_remote_control_buf
 405 015c 00000000 		.word	spd_max
 406 0160 00009643 		.word	1133903872
 407 0164 0000C842 		.word	1120403456
 408 0168 00000043 		.word	1124073472
 409              		.cfi_endproc
 410              	.LFE144:
 412              		.section	.text.Chassis_Start,"ax",%progbits
 413              		.align	1
 414              		.global	Chassis_Start
 415              		.syntax unified
 416              		.thumb
 417              		.thumb_func
 419              	Chassis_Start:
 420              	.LFB145:
  70:User/Src/chassis.c **** void Chassis_Start(){
 421              		.loc 1 70 21
 422              		.cfi_startproc
 423              		@ args = 0, pretend = 0, frame = 0
 424              		@ frame_needed = 1, uses_anonymous_args = 0
 425 0000 80B5     		push	{r7, lr}
 426              	.LCFI5:
ARM GAS  /var/folders/xf/tcndk8390ml5xdpfw93qkhpm0000gn/T//ccIuqtfV.s 			page 9


 427              		.cfi_def_cfa_offset 8
 428              		.cfi_offset 7, -8
 429              		.cfi_offset 14, -4
 430 0002 00AF     		add	r7, sp, #0
 431              	.LCFI6:
 432              		.cfi_def_cfa_register 7
  71:User/Src/chassis.c ****   Chassis_Init();
 433              		.loc 1 71 3
 434 0004 FFF7FEFF 		bl	Chassis_Init
  72:User/Src/chassis.c **** }
 435              		.loc 1 72 1
 436 0008 00BF     		nop
 437 000a 80BD     		pop	{r7, pc}
 438              		.cfi_endproc
 439              	.LFE145:
 441              		.section	.text.Chassis_Stop,"ax",%progbits
 442              		.align	1
 443              		.global	Chassis_Stop
 444              		.syntax unified
 445              		.thumb
 446              		.thumb_func
 448              	Chassis_Stop:
 449              	.LFB146:
  73:User/Src/chassis.c **** void Chassis_Stop(){
 450              		.loc 1 73 20
 451              		.cfi_startproc
 452              		@ args = 0, pretend = 0, frame = 0
 453              		@ frame_needed = 1, uses_anonymous_args = 0
 454 0000 80B5     		push	{r7, lr}
 455              	.LCFI7:
 456              		.cfi_def_cfa_offset 8
 457              		.cfi_offset 7, -8
 458              		.cfi_offset 14, -4
 459 0002 00AF     		add	r7, sp, #0
 460              	.LCFI8:
 461              		.cfi_def_cfa_register 7
  74:User/Src/chassis.c ****   Chassis_Deinit();
 462              		.loc 1 74 3
 463 0004 FFF7FEFF 		bl	Chassis_Deinit
  75:User/Src/chassis.c **** }
 464              		.loc 1 75 1
 465 0008 00BF     		nop
 466 000a 80BD     		pop	{r7, pc}
 467              		.cfi_endproc
 468              	.LFE146:
 470              		.section	.text.Chassis_Init,"ax",%progbits
 471              		.align	1
 472              		.global	Chassis_Init
 473              		.syntax unified
 474              		.thumb
 475              		.thumb_func
 477              	Chassis_Init:
 478              	.LFB147:
  76:User/Src/chassis.c **** void Chassis_Init(void){
 479              		.loc 1 76 24
 480              		.cfi_startproc
 481              		@ args = 0, pretend = 0, frame = 8
ARM GAS  /var/folders/xf/tcndk8390ml5xdpfw93qkhpm0000gn/T//ccIuqtfV.s 			page 10


 482              		@ frame_needed = 1, uses_anonymous_args = 0
 483 0000 80B5     		push	{r7, lr}
 484              	.LCFI9:
 485              		.cfi_def_cfa_offset 8
 486              		.cfi_offset 7, -8
 487              		.cfi_offset 14, -4
 488 0002 82B0     		sub	sp, sp, #8
 489              	.LCFI10:
 490              		.cfi_def_cfa_offset 16
 491 0004 00AF     		add	r7, sp, #0
 492              	.LCFI11:
 493              		.cfi_def_cfa_register 7
  77:User/Src/chassis.c ****   
  78:User/Src/chassis.c ****   Hollysys_enable_A(0x03);
 494              		.loc 1 78 3
 495 0006 0320     		movs	r0, #3
 496 0008 FFF7FEFF 		bl	Hollysys_enable_A
  79:User/Src/chassis.c ****   Hollysys_enable_B(0x04);
 497              		.loc 1 79 3
 498 000c 0420     		movs	r0, #4
 499 000e FFF7FEFF 		bl	Hollysys_enable_B
  80:User/Src/chassis.c ****   Hollysys_enable_A(0x01);
 500              		.loc 1 80 3
 501 0012 0120     		movs	r0, #1
 502 0014 FFF7FEFF 		bl	Hollysys_enable_A
  81:User/Src/chassis.c ****   Hollysys_enable_B(0x02);
 503              		.loc 1 81 3
 504 0018 0220     		movs	r0, #2
 505 001a FFF7FEFF 		bl	Hollysys_enable_B
  82:User/Src/chassis.c ****   HAL_Delay(50);
 506              		.loc 1 82 3
 507 001e 3220     		movs	r0, #50
 508 0020 FFF7FEFF 		bl	HAL_Delay
 509              	.LBB2:
  83:User/Src/chassis.c ****   for(u8 i = 0; i < sizeof(drive_motor_id); i++){
 510              		.loc 1 83 10
 511 0024 0023     		movs	r3, #0
 512 0026 FB71     		strb	r3, [r7, #7]
 513              		.loc 1 83 3
 514 0028 08E0     		b	.L16
 515              	.L17:
  84:User/Src/chassis.c ****     Hollysys_CANopen_PV_Init(drive_motor_id[i]);
 516              		.loc 1 84 5 discriminator 3
 517 002a FB79     		ldrb	r3, [r7, #7]	@ zero_extendqisi2
 518 002c 224A     		ldr	r2, .L22
 519 002e D35C     		ldrb	r3, [r2, r3]	@ zero_extendqisi2
 520 0030 1846     		mov	r0, r3
 521 0032 FFF7FEFF 		bl	Hollysys_CANopen_PV_Init
  83:User/Src/chassis.c ****   for(u8 i = 0; i < sizeof(drive_motor_id); i++){
 522              		.loc 1 83 46 discriminator 3
 523 0036 FB79     		ldrb	r3, [r7, #7]	@ zero_extendqisi2
 524 0038 0133     		adds	r3, r3, #1
 525 003a FB71     		strb	r3, [r7, #7]
 526              	.L16:
  83:User/Src/chassis.c ****   for(u8 i = 0; i < sizeof(drive_motor_id); i++){
 527              		.loc 1 83 3 discriminator 1
 528 003c FB79     		ldrb	r3, [r7, #7]	@ zero_extendqisi2
ARM GAS  /var/folders/xf/tcndk8390ml5xdpfw93qkhpm0000gn/T//ccIuqtfV.s 			page 11


 529 003e 032B     		cmp	r3, #3
 530 0040 F3D9     		bls	.L17
 531              	.LBE2:
  85:User/Src/chassis.c ****   }
  86:User/Src/chassis.c ****   HAL_Delay(50);
 532              		.loc 1 86 3
 533 0042 3220     		movs	r0, #50
 534 0044 FFF7FEFF 		bl	HAL_Delay
 535              	.LBB3:
  87:User/Src/chassis.c ****   for(u8 i = 0; i < sizeof(drive_motor_id); i++){
 536              		.loc 1 87 10
 537 0048 0023     		movs	r3, #0
 538 004a BB71     		strb	r3, [r7, #6]
 539              		.loc 1 87 3
 540 004c 08E0     		b	.L18
 541              	.L19:
  88:User/Src/chassis.c ****     Hollysys_startup(drive_motor_id[i]);
 542              		.loc 1 88 5 discriminator 3
 543 004e BB79     		ldrb	r3, [r7, #6]	@ zero_extendqisi2
 544 0050 194A     		ldr	r2, .L22
 545 0052 D35C     		ldrb	r3, [r2, r3]	@ zero_extendqisi2
 546 0054 1846     		mov	r0, r3
 547 0056 FFF7FEFF 		bl	Hollysys_startup
  87:User/Src/chassis.c ****   for(u8 i = 0; i < sizeof(drive_motor_id); i++){
 548              		.loc 1 87 46 discriminator 3
 549 005a BB79     		ldrb	r3, [r7, #6]	@ zero_extendqisi2
 550 005c 0133     		adds	r3, r3, #1
 551 005e BB71     		strb	r3, [r7, #6]
 552              	.L18:
  87:User/Src/chassis.c ****   for(u8 i = 0; i < sizeof(drive_motor_id); i++){
 553              		.loc 1 87 3 discriminator 1
 554 0060 BB79     		ldrb	r3, [r7, #6]	@ zero_extendqisi2
 555 0062 032B     		cmp	r3, #3
 556 0064 F3D9     		bls	.L19
 557              	.LBE3:
  89:User/Src/chassis.c ****   }
  90:User/Src/chassis.c ****   HAL_Delay(50);
 558              		.loc 1 90 3
 559 0066 3220     		movs	r0, #50
 560 0068 FFF7FEFF 		bl	HAL_Delay
  91:User/Src/chassis.c **** 
  92:User/Src/chassis.c ****   Motorevo_init();
 561              		.loc 1 92 3
 562 006c FFF7FEFF 		bl	Motorevo_init
 563              	.LBB4:
  93:User/Src/chassis.c **** 
  94:User/Src/chassis.c ****   for(u8 i = 0; i < sizeof(steer_motor_id); i++){
 564              		.loc 1 94 10
 565 0070 0023     		movs	r3, #0
 566 0072 7B71     		strb	r3, [r7, #5]
 567              		.loc 1 94 3
 568 0074 0EE0     		b	.L20
 569              	.L21:
  95:User/Src/chassis.c ****     Motorevo_Reset(steer_motor_id[i]);
 570              		.loc 1 95 5 discriminator 3
 571 0076 7B79     		ldrb	r3, [r7, #5]	@ zero_extendqisi2
 572 0078 104A     		ldr	r2, .L22+4
ARM GAS  /var/folders/xf/tcndk8390ml5xdpfw93qkhpm0000gn/T//ccIuqtfV.s 			page 12


 573 007a D35C     		ldrb	r3, [r2, r3]	@ zero_extendqisi2
 574 007c 1846     		mov	r0, r3
 575 007e FFF7FEFF 		bl	Motorevo_Reset
  96:User/Src/chassis.c ****     Motorevo_Activate(steer_motor_id[i]);
 576              		.loc 1 96 5 discriminator 3
 577 0082 7B79     		ldrb	r3, [r7, #5]	@ zero_extendqisi2
 578 0084 0D4A     		ldr	r2, .L22+4
 579 0086 D35C     		ldrb	r3, [r2, r3]	@ zero_extendqisi2
 580 0088 1846     		mov	r0, r3
 581 008a FFF7FEFF 		bl	Motorevo_Activate
  94:User/Src/chassis.c ****     Motorevo_Reset(steer_motor_id[i]);
 582              		.loc 1 94 46 discriminator 3
 583 008e 7B79     		ldrb	r3, [r7, #5]	@ zero_extendqisi2
 584 0090 0133     		adds	r3, r3, #1
 585 0092 7B71     		strb	r3, [r7, #5]
 586              	.L20:
  94:User/Src/chassis.c ****     Motorevo_Reset(steer_motor_id[i]);
 587              		.loc 1 94 3 discriminator 1
 588 0094 7B79     		ldrb	r3, [r7, #5]	@ zero_extendqisi2
 589 0096 032B     		cmp	r3, #3
 590 0098 EDD9     		bls	.L21
 591              	.LBE4:
  97:User/Src/chassis.c ****   }
  98:User/Src/chassis.c **** 
  99:User/Src/chassis.c ****   HAL_Delay(50);
 592              		.loc 1 99 3
 593 009a 3220     		movs	r0, #50
 594 009c FFF7FEFF 		bl	HAL_Delay
 100:User/Src/chassis.c ****   Chassis_Info_Query();
 595              		.loc 1 100 3
 596 00a0 FFF7FEFF 		bl	Chassis_Info_Query
 101:User/Src/chassis.c ****   // Chassis_Steer_Info_Query();
 102:User/Src/chassis.c ****   Motorevo_Update_State();
 597              		.loc 1 102 3
 598 00a4 FFF7FEFF 		bl	Motorevo_Update_State
 103:User/Src/chassis.c ****   HAL_Delay(50);
 599              		.loc 1 103 3
 600 00a8 3220     		movs	r0, #50
 601 00aa FFF7FEFF 		bl	HAL_Delay
 104:User/Src/chassis.c **** }
 602              		.loc 1 104 1
 603 00ae 00BF     		nop
 604 00b0 0837     		adds	r7, r7, #8
 605              	.LCFI12:
 606              		.cfi_def_cfa_offset 8
 607 00b2 BD46     		mov	sp, r7
 608              	.LCFI13:
 609              		.cfi_def_cfa_register 13
 610              		@ sp needed
 611 00b4 80BD     		pop	{r7, pc}
 612              	.L23:
 613 00b6 00BF     		.align	2
 614              	.L22:
 615 00b8 00000000 		.word	drive_motor_id
 616 00bc 00000000 		.word	steer_motor_id
 617              		.cfi_endproc
 618              	.LFE147:
ARM GAS  /var/folders/xf/tcndk8390ml5xdpfw93qkhpm0000gn/T//ccIuqtfV.s 			page 13


 620              		.section	.text.Chassis_drive_spd_decrease,"ax",%progbits
 621              		.align	1
 622              		.global	Chassis_drive_spd_decrease
 623              		.syntax unified
 624              		.thumb
 625              		.thumb_func
 627              	Chassis_drive_spd_decrease:
 628              	.LFB148:
 105:User/Src/chassis.c **** 
 106:User/Src/chassis.c **** void Chassis_drive_spd_decrease(){
 629              		.loc 1 106 34
 630              		.cfi_startproc
 631              		@ args = 0, pretend = 0, frame = 8
 632              		@ frame_needed = 1, uses_anonymous_args = 0
 633              		@ link register save eliminated.
 634 0000 80B4     		push	{r7}
 635              	.LCFI14:
 636              		.cfi_def_cfa_offset 4
 637              		.cfi_offset 7, -4
 638 0002 83B0     		sub	sp, sp, #12
 639              	.LCFI15:
 640              		.cfi_def_cfa_offset 16
 641 0004 00AF     		add	r7, sp, #0
 642              	.LCFI16:
 643              		.cfi_def_cfa_register 7
 644              	.LBB5:
 107:User/Src/chassis.c ****   for(u8 i = 0; i < STEER_MOTOR_NUM; i++){
 645              		.loc 1 107 10
 646 0006 0023     		movs	r3, #0
 647 0008 FB71     		strb	r3, [r7, #7]
 648              		.loc 1 107 3
 649 000a 21E0     		b	.L25
 650              	.L29:
 108:User/Src/chassis.c ****     if(fabs(motorevo_state[i].pos - steer_motor_pos_cmd[i]) > 0.5){
 651              		.loc 1 108 30
 652 000c FA79     		ldrb	r2, [r7, #7]	@ zero_extendqisi2
 653 000e 1549     		ldr	r1, .L32
 654 0010 1346     		mov	r3, r2
 655 0012 9B00     		lsls	r3, r3, #2
 656 0014 1344     		add	r3, r3, r2
 657 0016 9B00     		lsls	r3, r3, #2
 658 0018 0B44     		add	r3, r3, r1
 659 001a 0433     		adds	r3, r3, #4
 660 001c 93ED007A 		vldr.32	s14, [r3]
 661              		.loc 1 108 56
 662 0020 FB79     		ldrb	r3, [r7, #7]	@ zero_extendqisi2
 663 0022 114A     		ldr	r2, .L32+4
 664 0024 9B00     		lsls	r3, r3, #2
 665 0026 1344     		add	r3, r3, r2
 666 0028 D3ED007A 		vldr.32	s15, [r3]
 667              		.loc 1 108 35
 668 002c 77EE677A 		vsub.f32	s15, s14, s15
 669              		.loc 1 108 8
 670 0030 F0EEE77A 		vabs.f32	s15, s15
 671              		.loc 1 108 7
 672 0034 B6EE007A 		vmov.f32	s14, #5.0e-1
 673 0038 F4EEC77A 		vcmpe.f32	s15, s14
ARM GAS  /var/folders/xf/tcndk8390ml5xdpfw93qkhpm0000gn/T//ccIuqtfV.s 			page 14


 674 003c F1EE10FA 		vmrs	APSR_nzcv, FPSCR
 675 0040 03DD     		ble	.L31
 109:User/Src/chassis.c ****       steer_decrease_flag = 1;
 676              		.loc 1 109 27
 677 0042 0A4B     		ldr	r3, .L32+8
 678 0044 0122     		movs	r2, #1
 679 0046 1A70     		strb	r2, [r3]
 110:User/Src/chassis.c ****       break;
 680              		.loc 1 110 7
 681 0048 06E0     		b	.L28
 682              	.L31:
 107:User/Src/chassis.c ****     if(fabs(motorevo_state[i].pos - steer_motor_pos_cmd[i]) > 0.5){
 683              		.loc 1 107 39 discriminator 2
 684 004a FB79     		ldrb	r3, [r7, #7]	@ zero_extendqisi2
 685 004c 0133     		adds	r3, r3, #1
 686 004e FB71     		strb	r3, [r7, #7]
 687              	.L25:
 107:User/Src/chassis.c ****     if(fabs(motorevo_state[i].pos - steer_motor_pos_cmd[i]) > 0.5){
 688              		.loc 1 107 3 discriminator 1
 689 0050 FB79     		ldrb	r3, [r7, #7]	@ zero_extendqisi2
 690 0052 032B     		cmp	r3, #3
 691 0054 DAD9     		bls	.L29
 692              	.LBE5:
 111:User/Src/chassis.c ****     }
 112:User/Src/chassis.c ****   }
 113:User/Src/chassis.c **** }
 693              		.loc 1 113 1
 694 0056 00BF     		nop
 695              	.L28:
 696 0058 00BF     		nop
 697 005a 0C37     		adds	r7, r7, #12
 698              	.LCFI17:
 699              		.cfi_def_cfa_offset 4
 700 005c BD46     		mov	sp, r7
 701              	.LCFI18:
 702              		.cfi_def_cfa_register 13
 703              		@ sp needed
 704 005e 5DF8047B 		ldr	r7, [sp], #4
 705              	.LCFI19:
 706              		.cfi_restore 7
 707              		.cfi_def_cfa_offset 0
 708 0062 7047     		bx	lr
 709              	.L33:
 710              		.align	2
 711              	.L32:
 712 0064 00000000 		.word	motorevo_state
 713 0068 00000000 		.word	steer_motor_pos_cmd
 714 006c 00000000 		.word	steer_decrease_flag
 715              		.cfi_endproc
 716              	.LFE148:
 718              		.section	.text.Chassis_Set_drive_spd,"ax",%progbits
 719              		.align	1
 720              		.global	Chassis_Set_drive_spd
 721              		.syntax unified
 722              		.thumb
 723              		.thumb_func
 725              	Chassis_Set_drive_spd:
ARM GAS  /var/folders/xf/tcndk8390ml5xdpfw93qkhpm0000gn/T//ccIuqtfV.s 			page 15


 726              	.LFB149:
 114:User/Src/chassis.c **** void Chassis_Set_drive_spd(){
 727              		.loc 1 114 29
 728              		.cfi_startproc
 729              		@ args = 0, pretend = 0, frame = 0
 730              		@ frame_needed = 1, uses_anonymous_args = 0
 731 0000 80B5     		push	{r7, lr}
 732              	.LCFI20:
 733              		.cfi_def_cfa_offset 8
 734              		.cfi_offset 7, -8
 735              		.cfi_offset 14, -4
 736 0002 00AF     		add	r7, sp, #0
 737              	.LCFI21:
 738              		.cfi_def_cfa_register 7
 115:User/Src/chassis.c ****   if(steer_decrease_flag){
 739              		.loc 1 115 6
 740 0004 3E4B     		ldr	r3, .L37+8
 741 0006 1B78     		ldrb	r3, [r3]	@ zero_extendqisi2
 742              		.loc 1 115 5
 743 0008 002B     		cmp	r3, #0
 744 000a 4ED0     		beq	.L35
 116:User/Src/chassis.c ****     Hollysys_Setspdcmd(drive_motor_id[0], drive_motor_spd_cmd[0]*0.1);
 745              		.loc 1 116 5
 746 000c 3D4B     		ldr	r3, .L37+12
 747 000e 1B78     		ldrb	r3, [r3]	@ zero_extendqisi2
 748              		.loc 1 116 62
 749 0010 3D4A     		ldr	r2, .L37+16
 750 0012 1268     		ldr	r2, [r2]
 751              		.loc 1 116 65
 752 0014 07EE902A 		vmov	s15, r2	@ int
 753 0018 B8EEE77B 		vcvt.f64.s32	d7, s15
 754 001c 9FED366B 		vldr.64	d6, .L37
 755 0020 27EE067B 		vmul.f64	d7, d7, d6
 756              		.loc 1 116 5
 757 0024 FDEEC77B 		vcvt.s32.f64	s15, d7
 758 0028 17EE901A 		vmov	r1, s15	@ int
 759 002c 1846     		mov	r0, r3
 760 002e FFF7FEFF 		bl	Hollysys_Setspdcmd
 117:User/Src/chassis.c ****     Hollysys_Setspdcmd(drive_motor_id[1], -drive_motor_spd_cmd[1]*0.1);
 761              		.loc 1 117 5
 762 0032 344B     		ldr	r3, .L37+12
 763 0034 5A78     		ldrb	r2, [r3, #1]	@ zero_extendqisi2
 764              		.loc 1 117 63
 765 0036 344B     		ldr	r3, .L37+16
 766 0038 5B68     		ldr	r3, [r3, #4]
 767              		.loc 1 117 43
 768 003a 5B42     		rsbs	r3, r3, #0
 769              		.loc 1 117 66
 770 003c 07EE903A 		vmov	s15, r3	@ int
 771 0040 B8EEE77B 		vcvt.f64.s32	d7, s15
 772 0044 9FED2C6B 		vldr.64	d6, .L37
 773 0048 27EE067B 		vmul.f64	d7, d7, d6
 774              		.loc 1 117 5
 775 004c FDEEC77B 		vcvt.s32.f64	s15, d7
 776 0050 17EE901A 		vmov	r1, s15	@ int
 777 0054 1046     		mov	r0, r2
 778 0056 FFF7FEFF 		bl	Hollysys_Setspdcmd
ARM GAS  /var/folders/xf/tcndk8390ml5xdpfw93qkhpm0000gn/T//ccIuqtfV.s 			page 16


 118:User/Src/chassis.c ****     Hollysys_Setspdcmd(drive_motor_id[2], drive_motor_spd_cmd[2]*0.1); 
 779              		.loc 1 118 5
 780 005a 2A4B     		ldr	r3, .L37+12
 781 005c 9B78     		ldrb	r3, [r3, #2]	@ zero_extendqisi2
 782              		.loc 1 118 62
 783 005e 2A4A     		ldr	r2, .L37+16
 784 0060 9268     		ldr	r2, [r2, #8]
 785              		.loc 1 118 65
 786 0062 07EE902A 		vmov	s15, r2	@ int
 787 0066 B8EEE77B 		vcvt.f64.s32	d7, s15
 788 006a 9FED236B 		vldr.64	d6, .L37
 789 006e 27EE067B 		vmul.f64	d7, d7, d6
 790              		.loc 1 118 5
 791 0072 FDEEC77B 		vcvt.s32.f64	s15, d7
 792 0076 17EE901A 		vmov	r1, s15	@ int
 793 007a 1846     		mov	r0, r3
 794 007c FFF7FEFF 		bl	Hollysys_Setspdcmd
 119:User/Src/chassis.c ****     Hollysys_Setspdcmd(drive_motor_id[3], -drive_motor_spd_cmd[3]*0.1);
 795              		.loc 1 119 5
 796 0080 204B     		ldr	r3, .L37+12
 797 0082 DA78     		ldrb	r2, [r3, #3]	@ zero_extendqisi2
 798              		.loc 1 119 63
 799 0084 204B     		ldr	r3, .L37+16
 800 0086 DB68     		ldr	r3, [r3, #12]
 801              		.loc 1 119 43
 802 0088 5B42     		rsbs	r3, r3, #0
 803              		.loc 1 119 66
 804 008a 07EE903A 		vmov	s15, r3	@ int
 805 008e B8EEE77B 		vcvt.f64.s32	d7, s15
 806 0092 9FED196B 		vldr.64	d6, .L37
 807 0096 27EE067B 		vmul.f64	d7, d7, d6
 808              		.loc 1 119 5
 809 009a FDEEC77B 		vcvt.s32.f64	s15, d7
 810 009e 17EE901A 		vmov	r1, s15	@ int
 811 00a2 1046     		mov	r0, r2
 812 00a4 FFF7FEFF 		bl	Hollysys_Setspdcmd
 813 00a8 21E0     		b	.L36
 814              	.L35:
 120:User/Src/chassis.c ****   }
 121:User/Src/chassis.c ****   else{
 122:User/Src/chassis.c ****     Hollysys_Setspdcmd(drive_motor_id[0], drive_motor_spd_cmd[0]);
 815              		.loc 1 122 5
 816 00aa 164B     		ldr	r3, .L37+12
 817 00ac 1B78     		ldrb	r3, [r3]	@ zero_extendqisi2
 818 00ae 164A     		ldr	r2, .L37+16
 819 00b0 1268     		ldr	r2, [r2]
 820 00b2 1146     		mov	r1, r2
 821 00b4 1846     		mov	r0, r3
 822 00b6 FFF7FEFF 		bl	Hollysys_Setspdcmd
 123:User/Src/chassis.c ****     Hollysys_Setspdcmd(drive_motor_id[1], -drive_motor_spd_cmd[1]);
 823              		.loc 1 123 5
 824 00ba 124B     		ldr	r3, .L37+12
 825 00bc 5A78     		ldrb	r2, [r3, #1]	@ zero_extendqisi2
 826              		.loc 1 123 63
 827 00be 124B     		ldr	r3, .L37+16
 828 00c0 5B68     		ldr	r3, [r3, #4]
 829              		.loc 1 123 5
ARM GAS  /var/folders/xf/tcndk8390ml5xdpfw93qkhpm0000gn/T//ccIuqtfV.s 			page 17


 830 00c2 5B42     		rsbs	r3, r3, #0
 831 00c4 1946     		mov	r1, r3
 832 00c6 1046     		mov	r0, r2
 833 00c8 FFF7FEFF 		bl	Hollysys_Setspdcmd
 124:User/Src/chassis.c ****     Hollysys_Setspdcmd(drive_motor_id[2], drive_motor_spd_cmd[2]);
 834              		.loc 1 124 5
 835 00cc 0D4B     		ldr	r3, .L37+12
 836 00ce 9B78     		ldrb	r3, [r3, #2]	@ zero_extendqisi2
 837 00d0 0D4A     		ldr	r2, .L37+16
 838 00d2 9268     		ldr	r2, [r2, #8]
 839 00d4 1146     		mov	r1, r2
 840 00d6 1846     		mov	r0, r3
 841 00d8 FFF7FEFF 		bl	Hollysys_Setspdcmd
 125:User/Src/chassis.c ****     Hollysys_Setspdcmd(drive_motor_id[3], -drive_motor_spd_cmd[3]);
 842              		.loc 1 125 5
 843 00dc 094B     		ldr	r3, .L37+12
 844 00de DA78     		ldrb	r2, [r3, #3]	@ zero_extendqisi2
 845              		.loc 1 125 63
 846 00e0 094B     		ldr	r3, .L37+16
 847 00e2 DB68     		ldr	r3, [r3, #12]
 848              		.loc 1 125 5
 849 00e4 5B42     		rsbs	r3, r3, #0
 850 00e6 1946     		mov	r1, r3
 851 00e8 1046     		mov	r0, r2
 852 00ea FFF7FEFF 		bl	Hollysys_Setspdcmd
 853              	.L36:
 126:User/Src/chassis.c ****   }
 127:User/Src/chassis.c ****   steer_decrease_flag = 0;
 854              		.loc 1 127 23
 855 00ee 044B     		ldr	r3, .L37+8
 856 00f0 0022     		movs	r2, #0
 857 00f2 1A70     		strb	r2, [r3]
 128:User/Src/chassis.c **** }
 858              		.loc 1 128 1
 859 00f4 00BF     		nop
 860 00f6 80BD     		pop	{r7, pc}
 861              	.L38:
 862              		.align	3
 863              	.L37:
 864 00f8 9A999999 		.word	-1717986918
 865 00fc 9999B93F 		.word	1069128089
 866 0100 00000000 		.word	steer_decrease_flag
 867 0104 00000000 		.word	drive_motor_id
 868 0108 00000000 		.word	drive_motor_spd_cmd
 869              		.cfi_endproc
 870              	.LFE149:
 872              		.section	.text.Chassis_Steer_Angle_Clip,"ax",%progbits
 873              		.align	1
 874              		.global	Chassis_Steer_Angle_Clip
 875              		.syntax unified
 876              		.thumb
 877              		.thumb_func
 879              	Chassis_Steer_Angle_Clip:
 880              	.LFB150:
 129:User/Src/chassis.c **** float Chassis_Steer_Angle_Clip(float* angle, float* center_ang){
 881              		.loc 1 129 64
 882              		.cfi_startproc
ARM GAS  /var/folders/xf/tcndk8390ml5xdpfw93qkhpm0000gn/T//ccIuqtfV.s 			page 18


 883              		@ args = 0, pretend = 0, frame = 8
 884              		@ frame_needed = 1, uses_anonymous_args = 0
 885              		@ link register save eliminated.
 886 0000 80B4     		push	{r7}
 887              	.LCFI22:
 888              		.cfi_def_cfa_offset 4
 889              		.cfi_offset 7, -4
 890 0002 83B0     		sub	sp, sp, #12
 891              	.LCFI23:
 892              		.cfi_def_cfa_offset 16
 893 0004 00AF     		add	r7, sp, #0
 894              	.LCFI24:
 895              		.cfi_def_cfa_register 7
 896 0006 7860     		str	r0, [r7, #4]
 897 0008 3960     		str	r1, [r7]
 130:User/Src/chassis.c ****   if(*angle < *center_ang - steer_clip_angle){
 898              		.loc 1 130 6
 899 000a 7B68     		ldr	r3, [r7, #4]
 900 000c 93ED007A 		vldr.32	s14, [r3]
 901              		.loc 1 130 15
 902 0010 3B68     		ldr	r3, [r7]
 903 0012 D3ED006A 		vldr.32	s13, [r3]
 904              		.loc 1 130 27
 905 0016 1B4B     		ldr	r3, .L49
 906 0018 D3ED007A 		vldr.32	s15, [r3]
 907 001c 76EEE77A 		vsub.f32	s15, s13, s15
 908              		.loc 1 130 5
 909 0020 B4EEE77A 		vcmpe.f32	s14, s15
 910 0024 F1EE10FA 		vmrs	APSR_nzcv, FPSCR
 911 0028 08D5     		bpl	.L47
 131:User/Src/chassis.c ****     return *center_ang - steer_clip_angle;
 912              		.loc 1 131 12
 913 002a 3B68     		ldr	r3, [r7]
 914 002c 93ED007A 		vldr.32	s14, [r3]
 915              		.loc 1 131 24
 916 0030 144B     		ldr	r3, .L49
 917 0032 D3ED007A 		vldr.32	s15, [r3]
 918 0036 77EE677A 		vsub.f32	s15, s14, s15
 919 003a 1BE0     		b	.L42
 920              	.L47:
 132:User/Src/chassis.c ****   }
 133:User/Src/chassis.c ****   else if (*angle > *center_ang + steer_clip_angle){
 921              		.loc 1 133 12
 922 003c 7B68     		ldr	r3, [r7, #4]
 923 003e 93ED007A 		vldr.32	s14, [r3]
 924              		.loc 1 133 21
 925 0042 3B68     		ldr	r3, [r7]
 926 0044 D3ED006A 		vldr.32	s13, [r3]
 927              		.loc 1 133 33
 928 0048 0E4B     		ldr	r3, .L49
 929 004a D3ED007A 		vldr.32	s15, [r3]
 930 004e 76EEA77A 		vadd.f32	s15, s13, s15
 931              		.loc 1 133 11
 932 0052 B4EEE77A 		vcmpe.f32	s14, s15
 933 0056 F1EE10FA 		vmrs	APSR_nzcv, FPSCR
 934 005a 08DD     		ble	.L48
 134:User/Src/chassis.c ****     return *center_ang + steer_clip_angle;
ARM GAS  /var/folders/xf/tcndk8390ml5xdpfw93qkhpm0000gn/T//ccIuqtfV.s 			page 19


 935              		.loc 1 134 12
 936 005c 3B68     		ldr	r3, [r7]
 937 005e 93ED007A 		vldr.32	s14, [r3]
 938              		.loc 1 134 24
 939 0062 084B     		ldr	r3, .L49
 940 0064 D3ED007A 		vldr.32	s15, [r3]
 941 0068 77EE277A 		vadd.f32	s15, s14, s15
 942 006c 02E0     		b	.L42
 943              	.L48:
 135:User/Src/chassis.c ****   }
 136:User/Src/chassis.c ****   else{
 137:User/Src/chassis.c ****     return *angle;
 944              		.loc 1 137 12
 945 006e 7B68     		ldr	r3, [r7, #4]
 946 0070 D3ED007A 		vldr.32	s15, [r3]
 947              	.L42:
 138:User/Src/chassis.c ****   }
 139:User/Src/chassis.c **** }
 948              		.loc 1 139 1
 949 0074 B0EE670A 		vmov.f32	s0, s15
 950 0078 0C37     		adds	r7, r7, #12
 951              	.LCFI25:
 952              		.cfi_def_cfa_offset 4
 953 007a BD46     		mov	sp, r7
 954              	.LCFI26:
 955              		.cfi_def_cfa_register 13
 956              		@ sp needed
 957 007c 5DF8047B 		ldr	r7, [sp], #4
 958              	.LCFI27:
 959              		.cfi_restore 7
 960              		.cfi_def_cfa_offset 0
 961 0080 7047     		bx	lr
 962              	.L50:
 963 0082 00BF     		.align	2
 964              	.L49:
 965 0084 00000000 		.word	steer_clip_angle
 966              		.cfi_endproc
 967              	.LFE150:
 969              		.section	.text.Chassis_Set_steer_angle,"ax",%progbits
 970              		.align	1
 971              		.global	Chassis_Set_steer_angle
 972              		.syntax unified
 973              		.thumb
 974              		.thumb_func
 976              	Chassis_Set_steer_angle:
 977              	.LFB151:
 140:User/Src/chassis.c **** 
 141:User/Src/chassis.c **** /*        Set chassis steer angle in base coordinate (x is right and y is front)          */
 142:User/Src/chassis.c **** // steer pos minus and motor rotate by inverse clock-wise direction
 143:User/Src/chassis.c **** void Chassis_Set_steer_angle(float* angle){
 978              		.loc 1 143 43
 979              		.cfi_startproc
 980              		@ args = 0, pretend = 0, frame = 16
 981              		@ frame_needed = 1, uses_anonymous_args = 0
 982 0000 90B5     		push	{r4, r7, lr}
 983              	.LCFI28:
 984              		.cfi_def_cfa_offset 12
ARM GAS  /var/folders/xf/tcndk8390ml5xdpfw93qkhpm0000gn/T//ccIuqtfV.s 			page 20


 985              		.cfi_offset 4, -12
 986              		.cfi_offset 7, -8
 987              		.cfi_offset 14, -4
 988 0002 85B0     		sub	sp, sp, #20
 989              	.LCFI29:
 990              		.cfi_def_cfa_offset 32
 991 0004 00AF     		add	r7, sp, #0
 992              	.LCFI30:
 993              		.cfi_def_cfa_register 7
 994 0006 7860     		str	r0, [r7, #4]
 995              	.LBB6:
 144:User/Src/chassis.c ****   for(u8 i = 0; i < STEER_MOTOR_NUM; i++){
 996              		.loc 1 144 10
 997 0008 0023     		movs	r3, #0
 998 000a FB73     		strb	r3, [r7, #15]
 999              		.loc 1 144 3
 1000 000c 2BE0     		b	.L52
 1001              	.L53:
 145:User/Src/chassis.c ****     steer_motor_ang_cmd[i] = Chassis_Steer_Angle_Clip(&angle[i], &steer_front_angle);
 1002              		.loc 1 145 61 discriminator 3
 1003 000e FB7B     		ldrb	r3, [r7, #15]	@ zero_extendqisi2
 1004 0010 9B00     		lsls	r3, r3, #2
 1005              		.loc 1 145 30 discriminator 3
 1006 0012 7A68     		ldr	r2, [r7, #4]
 1007 0014 1344     		add	r3, r3, r2
 1008              		.loc 1 145 24 discriminator 3
 1009 0016 FC7B     		ldrb	r4, [r7, #15]	@ zero_extendqisi2
 1010              		.loc 1 145 30 discriminator 3
 1011 0018 1749     		ldr	r1, .L54
 1012 001a 1846     		mov	r0, r3
 1013 001c FFF7FEFF 		bl	Chassis_Steer_Angle_Clip
 1014 0020 F0EE407A 		vmov.f32	s15, s0
 1015              		.loc 1 145 28 discriminator 3
 1016 0024 154A     		ldr	r2, .L54+4
 1017 0026 A300     		lsls	r3, r4, #2
 1018 0028 1344     		add	r3, r3, r2
 1019 002a C3ED007A 		vstr.32	s15, [r3]
 146:User/Src/chassis.c ****     steer_motor_pos_cmd[i] = -(steer_motor_ang_cmd[i] - steer_front_angle) + steer_forward_pos[i];
 1020              		.loc 1 146 95 discriminator 3
 1021 002e FB7B     		ldrb	r3, [r7, #15]	@ zero_extendqisi2
 1022 0030 134A     		ldr	r2, .L54+8
 1023 0032 9B00     		lsls	r3, r3, #2
 1024 0034 1344     		add	r3, r3, r2
 1025 0036 93ED007A 		vldr.32	s14, [r3]
 1026              		.loc 1 146 51 discriminator 3
 1027 003a FB7B     		ldrb	r3, [r7, #15]	@ zero_extendqisi2
 1028 003c 0F4A     		ldr	r2, .L54+4
 1029 003e 9B00     		lsls	r3, r3, #2
 1030 0040 1344     		add	r3, r3, r2
 1031 0042 D3ED006A 		vldr.32	s13, [r3]
 1032              		.loc 1 146 55 discriminator 3
 1033 0046 0C4B     		ldr	r3, .L54
 1034 0048 D3ED007A 		vldr.32	s15, [r3]
 1035 004c 76EEE77A 		vsub.f32	s15, s13, s15
 1036              		.loc 1 146 24 discriminator 3
 1037 0050 FB7B     		ldrb	r3, [r7, #15]	@ zero_extendqisi2
 1038              		.loc 1 146 76 discriminator 3
ARM GAS  /var/folders/xf/tcndk8390ml5xdpfw93qkhpm0000gn/T//ccIuqtfV.s 			page 21


 1039 0052 77EE677A 		vsub.f32	s15, s14, s15
 1040              		.loc 1 146 28 discriminator 3
 1041 0056 0B4A     		ldr	r2, .L54+12
 1042 0058 9B00     		lsls	r3, r3, #2
 1043 005a 1344     		add	r3, r3, r2
 1044 005c C3ED007A 		vstr.32	s15, [r3]
 144:User/Src/chassis.c ****   for(u8 i = 0; i < STEER_MOTOR_NUM; i++){
 1045              		.loc 1 144 39 discriminator 3
 1046 0060 FB7B     		ldrb	r3, [r7, #15]	@ zero_extendqisi2
 1047 0062 0133     		adds	r3, r3, #1
 1048 0064 FB73     		strb	r3, [r7, #15]
 1049              	.L52:
 144:User/Src/chassis.c ****   for(u8 i = 0; i < STEER_MOTOR_NUM; i++){
 1050              		.loc 1 144 3 discriminator 1
 1051 0066 FB7B     		ldrb	r3, [r7, #15]	@ zero_extendqisi2
 1052 0068 032B     		cmp	r3, #3
 1053 006a D0D9     		bls	.L53
 1054              	.LBE6:
 147:User/Src/chassis.c ****   }
 148:User/Src/chassis.c **** }
 1055              		.loc 1 148 1
 1056 006c 00BF     		nop
 1057 006e 00BF     		nop
 1058 0070 1437     		adds	r7, r7, #20
 1059              	.LCFI31:
 1060              		.cfi_def_cfa_offset 12
 1061 0072 BD46     		mov	sp, r7
 1062              	.LCFI32:
 1063              		.cfi_def_cfa_register 13
 1064              		@ sp needed
 1065 0074 90BD     		pop	{r4, r7, pc}
 1066              	.L55:
 1067 0076 00BF     		.align	2
 1068              	.L54:
 1069 0078 00000000 		.word	steer_front_angle
 1070 007c 00000000 		.word	steer_motor_ang_cmd
 1071 0080 00000000 		.word	steer_forward_pos
 1072 0084 00000000 		.word	steer_motor_pos_cmd
 1073              		.cfi_endproc
 1074              	.LFE151:
 1076              		.section	.text.Chassis_Set_steer_pos,"ax",%progbits
 1077              		.align	1
 1078              		.global	Chassis_Set_steer_pos
 1079              		.syntax unified
 1080              		.thumb
 1081              		.thumb_func
 1083              	Chassis_Set_steer_pos:
 1084              	.LFB152:
 149:User/Src/chassis.c **** 
 150:User/Src/chassis.c **** /*        Set chassis steer angle by motor pos                */
 151:User/Src/chassis.c **** void Chassis_Set_steer_pos(){ 
 1085              		.loc 1 151 29
 1086              		.cfi_startproc
 1087              		@ args = 0, pretend = 0, frame = 0
 1088              		@ frame_needed = 1, uses_anonymous_args = 0
 1089 0000 80B5     		push	{r7, lr}
 1090              	.LCFI33:
ARM GAS  /var/folders/xf/tcndk8390ml5xdpfw93qkhpm0000gn/T//ccIuqtfV.s 			page 22


 1091              		.cfi_def_cfa_offset 8
 1092              		.cfi_offset 7, -8
 1093              		.cfi_offset 14, -4
 1094 0002 00AF     		add	r7, sp, #0
 1095              	.LCFI34:
 1096              		.cfi_def_cfa_register 7
 152:User/Src/chassis.c ****   Motorevo_SetPos_cmd(steer_motor_id[0], steer_motor_pos_cmd[0], steer_vel_limit);
 1097              		.loc 1 152 3
 1098 0004 1E4B     		ldr	r3, .L57
 1099 0006 1B78     		ldrb	r3, [r3]	@ zero_extendqisi2
 1100 0008 1E4A     		ldr	r2, .L57+4
 1101 000a D2ED007A 		vldr.32	s15, [r2]
 1102 000e 1E4A     		ldr	r2, .L57+8
 1103 0010 92ED007A 		vldr.32	s14, [r2]
 1104 0014 F0EE470A 		vmov.f32	s1, s14
 1105 0018 B0EE670A 		vmov.f32	s0, s15
 1106 001c 1846     		mov	r0, r3
 1107 001e FFF7FEFF 		bl	Motorevo_SetPos_cmd
 153:User/Src/chassis.c ****   Motorevo_SetPos_cmd(steer_motor_id[1], steer_motor_pos_cmd[1], steer_vel_limit);
 1108              		.loc 1 153 3
 1109 0022 174B     		ldr	r3, .L57
 1110 0024 5B78     		ldrb	r3, [r3, #1]	@ zero_extendqisi2
 1111 0026 174A     		ldr	r2, .L57+4
 1112 0028 D2ED017A 		vldr.32	s15, [r2, #4]
 1113 002c 164A     		ldr	r2, .L57+8
 1114 002e 92ED007A 		vldr.32	s14, [r2]
 1115 0032 F0EE470A 		vmov.f32	s1, s14
 1116 0036 B0EE670A 		vmov.f32	s0, s15
 1117 003a 1846     		mov	r0, r3
 1118 003c FFF7FEFF 		bl	Motorevo_SetPos_cmd
 154:User/Src/chassis.c ****   Motorevo_SetPos_cmd(steer_motor_id[2], steer_motor_pos_cmd[2], steer_vel_limit);
 1119              		.loc 1 154 3
 1120 0040 0F4B     		ldr	r3, .L57
 1121 0042 9B78     		ldrb	r3, [r3, #2]	@ zero_extendqisi2
 1122 0044 0F4A     		ldr	r2, .L57+4
 1123 0046 D2ED027A 		vldr.32	s15, [r2, #8]
 1124 004a 0F4A     		ldr	r2, .L57+8
 1125 004c 92ED007A 		vldr.32	s14, [r2]
 1126 0050 F0EE470A 		vmov.f32	s1, s14
 1127 0054 B0EE670A 		vmov.f32	s0, s15
 1128 0058 1846     		mov	r0, r3
 1129 005a FFF7FEFF 		bl	Motorevo_SetPos_cmd
 155:User/Src/chassis.c ****   Motorevo_SetPos_cmd(steer_motor_id[3], steer_motor_pos_cmd[3], steer_vel_limit);
 1130              		.loc 1 155 3
 1131 005e 084B     		ldr	r3, .L57
 1132 0060 DB78     		ldrb	r3, [r3, #3]	@ zero_extendqisi2
 1133 0062 084A     		ldr	r2, .L57+4
 1134 0064 D2ED037A 		vldr.32	s15, [r2, #12]
 1135 0068 074A     		ldr	r2, .L57+8
 1136 006a 92ED007A 		vldr.32	s14, [r2]
 1137 006e F0EE470A 		vmov.f32	s1, s14
 1138 0072 B0EE670A 		vmov.f32	s0, s15
 1139 0076 1846     		mov	r0, r3
 1140 0078 FFF7FEFF 		bl	Motorevo_SetPos_cmd
 156:User/Src/chassis.c **** }
 1141              		.loc 1 156 1
 1142 007c 00BF     		nop
ARM GAS  /var/folders/xf/tcndk8390ml5xdpfw93qkhpm0000gn/T//ccIuqtfV.s 			page 23


 1143 007e 80BD     		pop	{r7, pc}
 1144              	.L58:
 1145              		.align	2
 1146              	.L57:
 1147 0080 00000000 		.word	steer_motor_id
 1148 0084 00000000 		.word	steer_motor_pos_cmd
 1149 0088 00000000 		.word	steer_vel_limit
 1150              		.cfi_endproc
 1151              	.LFE152:
 1153              		.section	.text.Chassis_steer_pos_from_angle,"ax",%progbits
 1154              		.align	1
 1155              		.global	Chassis_steer_pos_from_angle
 1156              		.syntax unified
 1157              		.thumb
 1158              		.thumb_func
 1160              	Chassis_steer_pos_from_angle:
 1161              	.LFB153:
 157:User/Src/chassis.c **** 
 158:User/Src/chassis.c **** void Chassis_steer_pos_from_angle(){
 1162              		.loc 1 158 36
 1163              		.cfi_startproc
 1164              		@ args = 0, pretend = 0, frame = 8
 1165              		@ frame_needed = 1, uses_anonymous_args = 0
 1166              		@ link register save eliminated.
 1167 0000 80B4     		push	{r7}
 1168              	.LCFI35:
 1169              		.cfi_def_cfa_offset 4
 1170              		.cfi_offset 7, -4
 1171 0002 83B0     		sub	sp, sp, #12
 1172              	.LCFI36:
 1173              		.cfi_def_cfa_offset 16
 1174 0004 00AF     		add	r7, sp, #0
 1175              	.LCFI37:
 1176              		.cfi_def_cfa_register 7
 1177              	.LBB7:
 159:User/Src/chassis.c ****   for(u8 i = 0; i < STEER_MOTOR_NUM; i++){
 1178              		.loc 1 159 10
 1179 0006 0023     		movs	r3, #0
 1180 0008 FB71     		strb	r3, [r7, #7]
 1181              		.loc 1 159 3
 1182 000a 1BE0     		b	.L60
 1183              	.L61:
 160:User/Src/chassis.c ****     steer_motor_pos_cmd[i] = -(steer_motor_ang_cmd[i] - steer_front_angle) + steer_forward_pos[i];
 1184              		.loc 1 160 95 discriminator 3
 1185 000c FB79     		ldrb	r3, [r7, #7]	@ zero_extendqisi2
 1186 000e 124A     		ldr	r2, .L62
 1187 0010 9B00     		lsls	r3, r3, #2
 1188 0012 1344     		add	r3, r3, r2
 1189 0014 93ED007A 		vldr.32	s14, [r3]
 1190              		.loc 1 160 51 discriminator 3
 1191 0018 FB79     		ldrb	r3, [r7, #7]	@ zero_extendqisi2
 1192 001a 104A     		ldr	r2, .L62+4
 1193 001c 9B00     		lsls	r3, r3, #2
 1194 001e 1344     		add	r3, r3, r2
 1195 0020 D3ED006A 		vldr.32	s13, [r3]
 1196              		.loc 1 160 55 discriminator 3
 1197 0024 0E4B     		ldr	r3, .L62+8
ARM GAS  /var/folders/xf/tcndk8390ml5xdpfw93qkhpm0000gn/T//ccIuqtfV.s 			page 24


 1198 0026 D3ED007A 		vldr.32	s15, [r3]
 1199 002a 76EEE77A 		vsub.f32	s15, s13, s15
 1200              		.loc 1 160 24 discriminator 3
 1201 002e FB79     		ldrb	r3, [r7, #7]	@ zero_extendqisi2
 1202              		.loc 1 160 76 discriminator 3
 1203 0030 77EE677A 		vsub.f32	s15, s14, s15
 1204              		.loc 1 160 28 discriminator 3
 1205 0034 0B4A     		ldr	r2, .L62+12
 1206 0036 9B00     		lsls	r3, r3, #2
 1207 0038 1344     		add	r3, r3, r2
 1208 003a C3ED007A 		vstr.32	s15, [r3]
 159:User/Src/chassis.c ****   for(u8 i = 0; i < STEER_MOTOR_NUM; i++){
 1209              		.loc 1 159 39 discriminator 3
 1210 003e FB79     		ldrb	r3, [r7, #7]	@ zero_extendqisi2
 1211 0040 0133     		adds	r3, r3, #1
 1212 0042 FB71     		strb	r3, [r7, #7]
 1213              	.L60:
 159:User/Src/chassis.c ****   for(u8 i = 0; i < STEER_MOTOR_NUM; i++){
 1214              		.loc 1 159 3 discriminator 1
 1215 0044 FB79     		ldrb	r3, [r7, #7]	@ zero_extendqisi2
 1216 0046 032B     		cmp	r3, #3
 1217 0048 E0D9     		bls	.L61
 1218              	.LBE7:
 161:User/Src/chassis.c ****   }
 162:User/Src/chassis.c **** }
 1219              		.loc 1 162 1
 1220 004a 00BF     		nop
 1221 004c 00BF     		nop
 1222 004e 0C37     		adds	r7, r7, #12
 1223              	.LCFI38:
 1224              		.cfi_def_cfa_offset 4
 1225 0050 BD46     		mov	sp, r7
 1226              	.LCFI39:
 1227              		.cfi_def_cfa_register 13
 1228              		@ sp needed
 1229 0052 5DF8047B 		ldr	r7, [sp], #4
 1230              	.LCFI40:
 1231              		.cfi_restore 7
 1232              		.cfi_def_cfa_offset 0
 1233 0056 7047     		bx	lr
 1234              	.L63:
 1235              		.align	2
 1236              	.L62:
 1237 0058 00000000 		.word	steer_forward_pos
 1238 005c 00000000 		.word	steer_motor_ang_cmd
 1239 0060 00000000 		.word	steer_front_angle
 1240 0064 00000000 		.word	steer_motor_pos_cmd
 1241              		.cfi_endproc
 1242              	.LFE153:
 1244              		.section	.text.Chassis_State_Update,"ax",%progbits
 1245              		.align	1
 1246              		.global	Chassis_State_Update
 1247              		.syntax unified
 1248              		.thumb
 1249              		.thumb_func
 1251              	Chassis_State_Update:
 1252              	.LFB154:
ARM GAS  /var/folders/xf/tcndk8390ml5xdpfw93qkhpm0000gn/T//ccIuqtfV.s 			page 25


 163:User/Src/chassis.c **** 
 164:User/Src/chassis.c **** void Chassis_State_Update(){
 1253              		.loc 1 164 28
 1254              		.cfi_startproc
 1255              		@ args = 0, pretend = 0, frame = 0
 1256              		@ frame_needed = 1, uses_anonymous_args = 0
 1257 0000 80B5     		push	{r7, lr}
 1258              	.LCFI41:
 1259              		.cfi_def_cfa_offset 8
 1260              		.cfi_offset 7, -8
 1261              		.cfi_offset 14, -4
 1262 0002 00AF     		add	r7, sp, #0
 1263              	.LCFI42:
 1264              		.cfi_def_cfa_register 7
 165:User/Src/chassis.c ****   Hollysys_Update_State();
 1265              		.loc 1 165 3
 1266 0004 FFF7FEFF 		bl	Hollysys_Update_State
 166:User/Src/chassis.c ****   Motorevo_Update_State();
 1267              		.loc 1 166 3
 1268 0008 FFF7FEFF 		bl	Motorevo_Update_State
 167:User/Src/chassis.c **** }
 1269              		.loc 1 167 1
 1270 000c 00BF     		nop
 1271 000e 80BD     		pop	{r7, pc}
 1272              		.cfi_endproc
 1273              	.LFE154:
 1275              		.section	.text.Chassis_Info_Query,"ax",%progbits
 1276              		.align	1
 1277              		.global	Chassis_Info_Query
 1278              		.syntax unified
 1279              		.thumb
 1280              		.thumb_func
 1282              	Chassis_Info_Query:
 1283              	.LFB155:
 168:User/Src/chassis.c **** 
 169:User/Src/chassis.c **** 
 170:User/Src/chassis.c **** void Chassis_Info_Query(){
 1284              		.loc 1 170 26
 1285              		.cfi_startproc
 1286              		@ args = 0, pretend = 0, frame = 0
 1287              		@ frame_needed = 1, uses_anonymous_args = 0
 1288 0000 80B5     		push	{r7, lr}
 1289              	.LCFI43:
 1290              		.cfi_def_cfa_offset 8
 1291              		.cfi_offset 7, -8
 1292              		.cfi_offset 14, -4
 1293 0002 00AF     		add	r7, sp, #0
 1294              	.LCFI44:
 1295              		.cfi_def_cfa_register 7
 171:User/Src/chassis.c ****   Chassis_Drive_Info_Query();
 1296              		.loc 1 171 3
 1297 0004 FFF7FEFF 		bl	Chassis_Drive_Info_Query
 172:User/Src/chassis.c ****   // Chassis_Steer_Info_Query();
 173:User/Src/chassis.c **** }
 1298              		.loc 1 173 1
 1299 0008 00BF     		nop
 1300 000a 80BD     		pop	{r7, pc}
ARM GAS  /var/folders/xf/tcndk8390ml5xdpfw93qkhpm0000gn/T//ccIuqtfV.s 			page 26


 1301              		.cfi_endproc
 1302              	.LFE155:
 1304              		.section	.text.Chassis_Steer_Info_Query,"ax",%progbits
 1305              		.align	1
 1306              		.global	Chassis_Steer_Info_Query
 1307              		.syntax unified
 1308              		.thumb
 1309              		.thumb_func
 1311              	Chassis_Steer_Info_Query:
 1312              	.LFB156:
 174:User/Src/chassis.c **** void Chassis_Steer_Info_Query(){
 1313              		.loc 1 174 32
 1314              		.cfi_startproc
 1315              		@ args = 0, pretend = 0, frame = 8
 1316              		@ frame_needed = 1, uses_anonymous_args = 0
 1317 0000 80B5     		push	{r7, lr}
 1318              	.LCFI45:
 1319              		.cfi_def_cfa_offset 8
 1320              		.cfi_offset 7, -8
 1321              		.cfi_offset 14, -4
 1322 0002 82B0     		sub	sp, sp, #8
 1323              	.LCFI46:
 1324              		.cfi_def_cfa_offset 16
 1325 0004 00AF     		add	r7, sp, #0
 1326              	.LCFI47:
 1327              		.cfi_def_cfa_register 7
 1328              	.LBB8:
 175:User/Src/chassis.c ****   for(u8 i = 0; i < sizeof(steer_motor_id); i++)
 1329              		.loc 1 175 10
 1330 0006 0023     		movs	r3, #0
 1331 0008 FB71     		strb	r3, [r7, #7]
 1332              		.loc 1 175 3
 1333 000a 08E0     		b	.L67
 1334              	.L68:
 176:User/Src/chassis.c ****     Motorevo_Query(steer_motor_id[i]);
 1335              		.loc 1 176 5 discriminator 3
 1336 000c FB79     		ldrb	r3, [r7, #7]	@ zero_extendqisi2
 1337 000e 084A     		ldr	r2, .L69
 1338 0010 D35C     		ldrb	r3, [r2, r3]	@ zero_extendqisi2
 1339 0012 1846     		mov	r0, r3
 1340 0014 FFF7FEFF 		bl	Motorevo_Query
 175:User/Src/chassis.c ****   for(u8 i = 0; i < sizeof(steer_motor_id); i++)
 1341              		.loc 1 175 46 discriminator 3
 1342 0018 FB79     		ldrb	r3, [r7, #7]	@ zero_extendqisi2
 1343 001a 0133     		adds	r3, r3, #1
 1344 001c FB71     		strb	r3, [r7, #7]
 1345              	.L67:
 175:User/Src/chassis.c ****   for(u8 i = 0; i < sizeof(steer_motor_id); i++)
 1346              		.loc 1 175 3 discriminator 1
 1347 001e FB79     		ldrb	r3, [r7, #7]	@ zero_extendqisi2
 1348 0020 032B     		cmp	r3, #3
 1349 0022 F3D9     		bls	.L68
 1350              	.LBE8:
 177:User/Src/chassis.c **** 
 178:User/Src/chassis.c **** }
 1351              		.loc 1 178 1
 1352 0024 00BF     		nop
ARM GAS  /var/folders/xf/tcndk8390ml5xdpfw93qkhpm0000gn/T//ccIuqtfV.s 			page 27


 1353 0026 00BF     		nop
 1354 0028 0837     		adds	r7, r7, #8
 1355              	.LCFI48:
 1356              		.cfi_def_cfa_offset 8
 1357 002a BD46     		mov	sp, r7
 1358              	.LCFI49:
 1359              		.cfi_def_cfa_register 13
 1360              		@ sp needed
 1361 002c 80BD     		pop	{r7, pc}
 1362              	.L70:
 1363 002e 00BF     		.align	2
 1364              	.L69:
 1365 0030 00000000 		.word	steer_motor_id
 1366              		.cfi_endproc
 1367              	.LFE156:
 1369              		.section	.text.Chassis_Drive_Info_Query,"ax",%progbits
 1370              		.align	1
 1371              		.global	Chassis_Drive_Info_Query
 1372              		.syntax unified
 1373              		.thumb
 1374              		.thumb_func
 1376              	Chassis_Drive_Info_Query:
 1377              	.LFB157:
 179:User/Src/chassis.c **** 
 180:User/Src/chassis.c **** void Chassis_Drive_Info_Query(){
 1378              		.loc 1 180 32
 1379              		.cfi_startproc
 1380              		@ args = 0, pretend = 0, frame = 8
 1381              		@ frame_needed = 1, uses_anonymous_args = 0
 1382 0000 80B5     		push	{r7, lr}
 1383              	.LCFI50:
 1384              		.cfi_def_cfa_offset 8
 1385              		.cfi_offset 7, -8
 1386              		.cfi_offset 14, -4
 1387 0002 82B0     		sub	sp, sp, #8
 1388              	.LCFI51:
 1389              		.cfi_def_cfa_offset 16
 1390 0004 00AF     		add	r7, sp, #0
 1391              	.LCFI52:
 1392              		.cfi_def_cfa_register 7
 1393              	.LBB9:
 181:User/Src/chassis.c ****   for(u8 i = 0; i < sizeof(drive_motor_id); i++)
 1394              		.loc 1 181 10
 1395 0006 0023     		movs	r3, #0
 1396 0008 FB71     		strb	r3, [r7, #7]
 1397              		.loc 1 181 3
 1398 000a 08E0     		b	.L72
 1399              	.L73:
 182:User/Src/chassis.c ****     Hollysys_GetData(drive_motor_id[i]);
 1400              		.loc 1 182 5 discriminator 3
 1401 000c FB79     		ldrb	r3, [r7, #7]	@ zero_extendqisi2
 1402 000e 084A     		ldr	r2, .L74
 1403 0010 D35C     		ldrb	r3, [r2, r3]	@ zero_extendqisi2
 1404 0012 1846     		mov	r0, r3
 1405 0014 FFF7FEFF 		bl	Hollysys_GetData
 181:User/Src/chassis.c ****   for(u8 i = 0; i < sizeof(drive_motor_id); i++)
 1406              		.loc 1 181 46 discriminator 3
ARM GAS  /var/folders/xf/tcndk8390ml5xdpfw93qkhpm0000gn/T//ccIuqtfV.s 			page 28


 1407 0018 FB79     		ldrb	r3, [r7, #7]	@ zero_extendqisi2
 1408 001a 0133     		adds	r3, r3, #1
 1409 001c FB71     		strb	r3, [r7, #7]
 1410              	.L72:
 181:User/Src/chassis.c ****   for(u8 i = 0; i < sizeof(drive_motor_id); i++)
 1411              		.loc 1 181 3 discriminator 1
 1412 001e FB79     		ldrb	r3, [r7, #7]	@ zero_extendqisi2
 1413 0020 032B     		cmp	r3, #3
 1414 0022 F3D9     		bls	.L73
 1415              	.LBE9:
 183:User/Src/chassis.c **** }
 1416              		.loc 1 183 1
 1417 0024 00BF     		nop
 1418 0026 00BF     		nop
 1419 0028 0837     		adds	r7, r7, #8
 1420              	.LCFI53:
 1421              		.cfi_def_cfa_offset 8
 1422 002a BD46     		mov	sp, r7
 1423              	.LCFI54:
 1424              		.cfi_def_cfa_register 13
 1425              		@ sp needed
 1426 002c 80BD     		pop	{r7, pc}
 1427              	.L75:
 1428 002e 00BF     		.align	2
 1429              	.L74:
 1430 0030 00000000 		.word	drive_motor_id
 1431              		.cfi_endproc
 1432              	.LFE157:
 1434              		.section	.text.Chassis_Update,"ax",%progbits
 1435              		.align	1
 1436              		.global	Chassis_Update
 1437              		.syntax unified
 1438              		.thumb
 1439              		.thumb_func
 1441              	Chassis_Update:
 1442              	.LFB158:
 184:User/Src/chassis.c **** 
 185:User/Src/chassis.c **** // Chassis motor output update
 186:User/Src/chassis.c **** void Chassis_Update(void){
 1443              		.loc 1 186 26
 1444              		.cfi_startproc
 1445              		@ args = 0, pretend = 0, frame = 0
 1446              		@ frame_needed = 1, uses_anonymous_args = 0
 1447 0000 80B5     		push	{r7, lr}
 1448              	.LCFI55:
 1449              		.cfi_def_cfa_offset 8
 1450              		.cfi_offset 7, -8
 1451              		.cfi_offset 14, -4
 1452 0002 00AF     		add	r7, sp, #0
 1453              	.LCFI56:
 1454              		.cfi_def_cfa_register 7
 187:User/Src/chassis.c **** 
 188:User/Src/chassis.c ****   Hollysys_Update();
 1455              		.loc 1 188 3
 1456 0004 FFF7FEFF 		bl	Hollysys_Update
 189:User/Src/chassis.c ****   Motorevo_Update();
 1457              		.loc 1 189 3
ARM GAS  /var/folders/xf/tcndk8390ml5xdpfw93qkhpm0000gn/T//ccIuqtfV.s 			page 29


 1458 0008 FFF7FEFF 		bl	Motorevo_Update
 190:User/Src/chassis.c **** }
 1459              		.loc 1 190 1
 1460 000c 00BF     		nop
 1461 000e 80BD     		pop	{r7, pc}
 1462              		.cfi_endproc
 1463              	.LFE158:
 1465              		.section	.text.Chassis_Convert_steer_pos_to_angle,"ax",%progbits
 1466              		.align	1
 1467              		.global	Chassis_Convert_steer_pos_to_angle
 1468              		.syntax unified
 1469              		.thumb
 1470              		.thumb_func
 1472              	Chassis_Convert_steer_pos_to_angle:
 1473              	.LFB159:
 191:User/Src/chassis.c **** 
 192:User/Src/chassis.c **** float Chassis_Convert_steer_pos_to_angle(u8 motor_no, float pos){
 1474              		.loc 1 192 65
 1475              		.cfi_startproc
 1476              		@ args = 0, pretend = 0, frame = 8
 1477              		@ frame_needed = 1, uses_anonymous_args = 0
 1478              		@ link register save eliminated.
 1479 0000 80B4     		push	{r7}
 1480              	.LCFI57:
 1481              		.cfi_def_cfa_offset 4
 1482              		.cfi_offset 7, -4
 1483 0002 83B0     		sub	sp, sp, #12
 1484              	.LCFI58:
 1485              		.cfi_def_cfa_offset 16
 1486 0004 00AF     		add	r7, sp, #0
 1487              	.LCFI59:
 1488              		.cfi_def_cfa_register 7
 1489 0006 0346     		mov	r3, r0
 1490 0008 87ED000A 		vstr.32	s0, [r7]
 1491 000c FB71     		strb	r3, [r7, #7]
 193:User/Src/chassis.c ****   return -(pos - steer_forward_pos[motor_no]) + steer_front_angle;
 1492              		.loc 1 193 47
 1493 000e 0B4B     		ldr	r3, .L79
 1494 0010 93ED007A 		vldr.32	s14, [r3]
 1495              		.loc 1 193 35
 1496 0014 FB79     		ldrb	r3, [r7, #7]	@ zero_extendqisi2
 1497 0016 0A4A     		ldr	r2, .L79+4
 1498 0018 9B00     		lsls	r3, r3, #2
 1499 001a 1344     		add	r3, r3, r2
 1500 001c D3ED007A 		vldr.32	s15, [r3]
 1501              		.loc 1 193 16
 1502 0020 D7ED006A 		vldr.32	s13, [r7]
 1503 0024 76EEE77A 		vsub.f32	s15, s13, s15
 1504              		.loc 1 193 47
 1505 0028 77EE677A 		vsub.f32	s15, s14, s15
 194:User/Src/chassis.c **** }
 1506              		.loc 1 194 1
 1507 002c B0EE670A 		vmov.f32	s0, s15
 1508 0030 0C37     		adds	r7, r7, #12
 1509              	.LCFI60:
 1510              		.cfi_def_cfa_offset 4
 1511 0032 BD46     		mov	sp, r7
ARM GAS  /var/folders/xf/tcndk8390ml5xdpfw93qkhpm0000gn/T//ccIuqtfV.s 			page 30


 1512              	.LCFI61:
 1513              		.cfi_def_cfa_register 13
 1514              		@ sp needed
 1515 0034 5DF8047B 		ldr	r7, [sp], #4
 1516              	.LCFI62:
 1517              		.cfi_restore 7
 1518              		.cfi_def_cfa_offset 0
 1519 0038 7047     		bx	lr
 1520              	.L80:
 1521 003a 00BF     		.align	2
 1522              	.L79:
 1523 003c 00000000 		.word	steer_front_angle
 1524 0040 00000000 		.word	steer_forward_pos
 1525              		.cfi_endproc
 1526              	.LFE159:
 1528              		.section	.text.Chassis_Deinit,"ax",%progbits
 1529              		.align	1
 1530              		.global	Chassis_Deinit
 1531              		.syntax unified
 1532              		.thumb
 1533              		.thumb_func
 1535              	Chassis_Deinit:
 1536              	.LFB160:
 195:User/Src/chassis.c **** 
 196:User/Src/chassis.c **** 
 197:User/Src/chassis.c **** void Chassis_Deinit(void){
 1537              		.loc 1 197 26
 1538              		.cfi_startproc
 1539              		@ args = 0, pretend = 0, frame = 8
 1540              		@ frame_needed = 1, uses_anonymous_args = 0
 1541 0000 80B5     		push	{r7, lr}
 1542              	.LCFI63:
 1543              		.cfi_def_cfa_offset 8
 1544              		.cfi_offset 7, -8
 1545              		.cfi_offset 14, -4
 1546 0002 82B0     		sub	sp, sp, #8
 1547              	.LCFI64:
 1548              		.cfi_def_cfa_offset 16
 1549 0004 00AF     		add	r7, sp, #0
 1550              	.LCFI65:
 1551              		.cfi_def_cfa_register 7
 198:User/Src/chassis.c ****   HAL_Delay(50);
 1552              		.loc 1 198 3
 1553 0006 3220     		movs	r0, #50
 1554 0008 FFF7FEFF 		bl	HAL_Delay
 1555              	.LBB10:
 199:User/Src/chassis.c ****   for(u8 i = 0; i < sizeof(drive_motor_id); i++){
 1556              		.loc 1 199 10
 1557 000c 0023     		movs	r3, #0
 1558 000e FB71     		strb	r3, [r7, #7]
 1559              		.loc 1 199 3
 1560 0010 08E0     		b	.L82
 1561              	.L83:
 200:User/Src/chassis.c ****     Hollysys_closedown(drive_motor_id[i]);
 1562              		.loc 1 200 5 discriminator 3
 1563 0012 FB79     		ldrb	r3, [r7, #7]	@ zero_extendqisi2
 1564 0014 174A     		ldr	r2, .L86
ARM GAS  /var/folders/xf/tcndk8390ml5xdpfw93qkhpm0000gn/T//ccIuqtfV.s 			page 31


 1565 0016 D35C     		ldrb	r3, [r2, r3]	@ zero_extendqisi2
 1566 0018 1846     		mov	r0, r3
 1567 001a FFF7FEFF 		bl	Hollysys_closedown
 199:User/Src/chassis.c ****   for(u8 i = 0; i < sizeof(drive_motor_id); i++){
 1568              		.loc 1 199 46 discriminator 3
 1569 001e FB79     		ldrb	r3, [r7, #7]	@ zero_extendqisi2
 1570 0020 0133     		adds	r3, r3, #1
 1571 0022 FB71     		strb	r3, [r7, #7]
 1572              	.L82:
 199:User/Src/chassis.c ****   for(u8 i = 0; i < sizeof(drive_motor_id); i++){
 1573              		.loc 1 199 3 discriminator 1
 1574 0024 FB79     		ldrb	r3, [r7, #7]	@ zero_extendqisi2
 1575 0026 032B     		cmp	r3, #3
 1576 0028 F3D9     		bls	.L83
 1577              	.LBE10:
 201:User/Src/chassis.c ****   }
 202:User/Src/chassis.c ****   Hollysys_disable_A(0x03);
 1578              		.loc 1 202 3
 1579 002a 0320     		movs	r0, #3
 1580 002c FFF7FEFF 		bl	Hollysys_disable_A
 203:User/Src/chassis.c ****   Hollysys_disable_B(0x04);
 1581              		.loc 1 203 3
 1582 0030 0420     		movs	r0, #4
 1583 0032 FFF7FEFF 		bl	Hollysys_disable_B
 204:User/Src/chassis.c ****   Hollysys_disable_A(0x01);
 1584              		.loc 1 204 3
 1585 0036 0120     		movs	r0, #1
 1586 0038 FFF7FEFF 		bl	Hollysys_disable_A
 205:User/Src/chassis.c ****   Hollysys_disable_B(0x02);
 1587              		.loc 1 205 3
 1588 003c 0220     		movs	r0, #2
 1589 003e FFF7FEFF 		bl	Hollysys_disable_B
 206:User/Src/chassis.c ****   HAL_Delay(50);
 1590              		.loc 1 206 3
 1591 0042 3220     		movs	r0, #50
 1592 0044 FFF7FEFF 		bl	HAL_Delay
 1593              	.LBB11:
 207:User/Src/chassis.c **** 
 208:User/Src/chassis.c ****   for(u8 i = 0; i < sizeof(steer_motor_id); i++){
 1594              		.loc 1 208 10
 1595 0048 0023     		movs	r3, #0
 1596 004a BB71     		strb	r3, [r7, #6]
 1597              		.loc 1 208 3
 1598 004c 08E0     		b	.L84
 1599              	.L85:
 209:User/Src/chassis.c ****     Motorevo_Reset(steer_motor_id[i]);
 1600              		.loc 1 209 5 discriminator 3
 1601 004e BB79     		ldrb	r3, [r7, #6]	@ zero_extendqisi2
 1602 0050 094A     		ldr	r2, .L86+4
 1603 0052 D35C     		ldrb	r3, [r2, r3]	@ zero_extendqisi2
 1604 0054 1846     		mov	r0, r3
 1605 0056 FFF7FEFF 		bl	Motorevo_Reset
 208:User/Src/chassis.c ****     Motorevo_Reset(steer_motor_id[i]);
 1606              		.loc 1 208 46 discriminator 3
 1607 005a BB79     		ldrb	r3, [r7, #6]	@ zero_extendqisi2
 1608 005c 0133     		adds	r3, r3, #1
 1609 005e BB71     		strb	r3, [r7, #6]
ARM GAS  /var/folders/xf/tcndk8390ml5xdpfw93qkhpm0000gn/T//ccIuqtfV.s 			page 32


 1610              	.L84:
 208:User/Src/chassis.c ****     Motorevo_Reset(steer_motor_id[i]);
 1611              		.loc 1 208 3 discriminator 1
 1612 0060 BB79     		ldrb	r3, [r7, #6]	@ zero_extendqisi2
 1613 0062 032B     		cmp	r3, #3
 1614 0064 F3D9     		bls	.L85
 1615              	.LBE11:
 210:User/Src/chassis.c ****   }
 211:User/Src/chassis.c ****   HAL_Delay(50);
 1616              		.loc 1 211 3
 1617 0066 3220     		movs	r0, #50
 1618 0068 FFF7FEFF 		bl	HAL_Delay
 212:User/Src/chassis.c **** }
 1619              		.loc 1 212 1
 1620 006c 00BF     		nop
 1621 006e 0837     		adds	r7, r7, #8
 1622              	.LCFI66:
 1623              		.cfi_def_cfa_offset 8
 1624 0070 BD46     		mov	sp, r7
 1625              	.LCFI67:
 1626              		.cfi_def_cfa_register 13
 1627              		@ sp needed
 1628 0072 80BD     		pop	{r7, pc}
 1629              	.L87:
 1630              		.align	2
 1631              	.L86:
 1632 0074 00000000 		.word	drive_motor_id
 1633 0078 00000000 		.word	steer_motor_id
 1634              		.cfi_endproc
 1635              	.LFE160:
 1637              		.section	.text.Chassis_Tidybot,"ax",%progbits
 1638              		.align	1
 1639              		.global	Chassis_Tidybot
 1640              		.syntax unified
 1641              		.thumb
 1642              		.thumb_func
 1644              	Chassis_Tidybot:
 1645              	.LFB161:
 213:User/Src/chassis.c **** 
 214:User/Src/chassis.c **** // spd_w inverse clock-wise direction is positive
 215:User/Src/chassis.c **** void Chassis_Tidybot(float spd_x, float spd_y, float spd_w){
 1646              		.loc 1 215 60
 1647              		.cfi_startproc
 1648              		@ args = 0, pretend = 0, frame = 72
 1649              		@ frame_needed = 1, uses_anonymous_args = 0
 1650 0000 80B5     		push	{r7, lr}
 1651              	.LCFI68:
 1652              		.cfi_def_cfa_offset 8
 1653              		.cfi_offset 7, -8
 1654              		.cfi_offset 14, -4
 1655 0002 92B0     		sub	sp, sp, #72
 1656              	.LCFI69:
 1657              		.cfi_def_cfa_offset 80
 1658 0004 00AF     		add	r7, sp, #0
 1659              	.LCFI70:
 1660              		.cfi_def_cfa_register 7
 1661 0006 87ED030A 		vstr.32	s0, [r7, #12]
ARM GAS  /var/folders/xf/tcndk8390ml5xdpfw93qkhpm0000gn/T//ccIuqtfV.s 			page 33


 1662 000a C7ED020A 		vstr.32	s1, [r7, #8]
 1663 000e 87ED011A 		vstr.32	s2, [r7, #4]
 1664              	.LBB12:
 216:User/Src/chassis.c ****   for(u8 i = 0; i < sizeof(STEER_MOTOR_NUM); i++){
 1665              		.loc 1 216 10
 1666 0012 0023     		movs	r3, #0
 1667 0014 87F84730 		strb	r3, [r7, #71]
 1668              		.loc 1 216 3
 1669 0018 FBE0     		b	.L89
 1670              	.L96:
 1671              	.LBB13:
 217:User/Src/chassis.c ****     float steer_angle = Chassis_Convert_steer_pos_to_angle(i, motorevo_state[i].pos); 
 1672              		.loc 1 217 25
 1673 001a 97F84720 		ldrb	r2, [r7, #71]	@ zero_extendqisi2
 1674 001e 8449     		ldr	r1, .L101+8
 1675 0020 1346     		mov	r3, r2
 1676 0022 9B00     		lsls	r3, r3, #2
 1677 0024 1344     		add	r3, r3, r2
 1678 0026 9B00     		lsls	r3, r3, #2
 1679 0028 0B44     		add	r3, r3, r1
 1680 002a 0433     		adds	r3, r3, #4
 1681 002c D3ED007A 		vldr.32	s15, [r3]
 1682 0030 97F84730 		ldrb	r3, [r7, #71]	@ zero_extendqisi2
 1683 0034 B0EE670A 		vmov.f32	s0, s15
 1684 0038 1846     		mov	r0, r3
 1685 003a FFF7FEFF 		bl	Chassis_Convert_steer_pos_to_angle
 1686 003e 87ED100A 		vstr.32	s0, [r7, #64]
 218:User/Src/chassis.c ****     float angle_sin = (float)sin(steer_angle);
 1687              		.loc 1 218 30
 1688 0042 D7ED107A 		vldr.32	s15, [r7, #64]
 1689 0046 B7EEE77A 		vcvt.f64.f32	d7, s15
 1690 004a B0EE470B 		vmov.f64	d0, d7
 1691 004e FFF7FEFF 		bl	sin
 1692 0052 B0EE407B 		vmov.f64	d7, d0
 1693              		.loc 1 218 11
 1694 0056 F7EEC77B 		vcvt.f32.f64	s15, d7
 1695 005a C7ED0F7A 		vstr.32	s15, [r7, #60]
 219:User/Src/chassis.c ****     float angle_cos = (float)cos(steer_angle);
 1696              		.loc 1 219 30
 1697 005e D7ED107A 		vldr.32	s15, [r7, #64]
 1698 0062 B7EEE77A 		vcvt.f64.f32	d7, s15
 1699 0066 B0EE470B 		vmov.f64	d0, d7
 1700 006a FFF7FEFF 		bl	cos
 1701 006e B0EE407B 		vmov.f64	d7, d0
 1702              		.loc 1 219 11
 1703 0072 F7EEC77B 		vcvt.f32.f64	s15, d7
 1704 0076 C7ED0E7A 		vstr.32	s15, [r7, #56]
 220:User/Src/chassis.c ****     float temp_x = sign_hx[i] * hx - bx * angle_cos + by * angle_sin;
 1705              		.loc 1 220 27
 1706 007a 97F84730 		ldrb	r3, [r7, #71]	@ zero_extendqisi2
 1707 007e 6D4A     		ldr	r2, .L101+12
 1708 0080 9B00     		lsls	r3, r3, #2
 1709 0082 1344     		add	r3, r3, r2
 1710 0084 93ED007A 		vldr.32	s14, [r3]
 1711              		.loc 1 220 31
 1712 0088 6B4B     		ldr	r3, .L101+16
 1713 008a D3ED007A 		vldr.32	s15, [r3]
ARM GAS  /var/folders/xf/tcndk8390ml5xdpfw93qkhpm0000gn/T//ccIuqtfV.s 			page 34


 1714 008e 27EE277A 		vmul.f32	s14, s14, s15
 1715              		.loc 1 220 41
 1716 0092 6A4B     		ldr	r3, .L101+20
 1717 0094 D3ED006A 		vldr.32	s13, [r3]
 1718 0098 D7ED0E7A 		vldr.32	s15, [r7, #56]
 1719 009c 66EEA77A 		vmul.f32	s15, s13, s15
 1720              		.loc 1 220 36
 1721 00a0 37EE677A 		vsub.f32	s14, s14, s15
 1722              		.loc 1 220 58
 1723 00a4 664B     		ldr	r3, .L101+24
 1724 00a6 D3ED006A 		vldr.32	s13, [r3]
 1725 00aa D7ED0F7A 		vldr.32	s15, [r7, #60]
 1726 00ae 66EEA77A 		vmul.f32	s15, s13, s15
 1727              		.loc 1 220 11
 1728 00b2 77EE277A 		vadd.f32	s15, s14, s15
 1729 00b6 C7ED0D7A 		vstr.32	s15, [r7, #52]
 221:User/Src/chassis.c ****     float temp_y = sign_hy[i] * hy - bx * angle_sin - by * angle_cos;
 1730              		.loc 1 221 27
 1731 00ba 97F84730 		ldrb	r3, [r7, #71]	@ zero_extendqisi2
 1732 00be 614A     		ldr	r2, .L101+28
 1733 00c0 9B00     		lsls	r3, r3, #2
 1734 00c2 1344     		add	r3, r3, r2
 1735 00c4 93ED007A 		vldr.32	s14, [r3]
 1736              		.loc 1 221 31
 1737 00c8 5F4B     		ldr	r3, .L101+32
 1738 00ca D3ED007A 		vldr.32	s15, [r3]
 1739 00ce 27EE277A 		vmul.f32	s14, s14, s15
 1740              		.loc 1 221 41
 1741 00d2 5A4B     		ldr	r3, .L101+20
 1742 00d4 D3ED006A 		vldr.32	s13, [r3]
 1743 00d8 D7ED0F7A 		vldr.32	s15, [r7, #60]
 1744 00dc 66EEA77A 		vmul.f32	s15, s13, s15
 1745              		.loc 1 221 36
 1746 00e0 37EE677A 		vsub.f32	s14, s14, s15
 1747              		.loc 1 221 58
 1748 00e4 564B     		ldr	r3, .L101+24
 1749 00e6 D3ED006A 		vldr.32	s13, [r3]
 1750 00ea D7ED0E7A 		vldr.32	s15, [r7, #56]
 1751 00ee 66EEA77A 		vmul.f32	s15, s13, s15
 1752              		.loc 1 221 11
 1753 00f2 77EE677A 		vsub.f32	s15, s14, s15
 1754 00f6 C7ED0C7A 		vstr.32	s15, [r7, #48]
 222:User/Src/chassis.c **** 
 223:User/Src/chassis.c ****     float spd_w_x = -temp_y * spd_w;
 1755              		.loc 1 223 21
 1756 00fa D7ED0C7A 		vldr.32	s15, [r7, #48]
 1757 00fe F1EE677A 		vneg.f32	s15, s15
 1758              		.loc 1 223 11
 1759 0102 97ED017A 		vldr.32	s14, [r7, #4]
 1760 0106 67EE277A 		vmul.f32	s15, s14, s15
 1761 010a C7ED0B7A 		vstr.32	s15, [r7, #44]
 224:User/Src/chassis.c ****     float spd_w_y = temp_x * spd_w;
 1762              		.loc 1 224 11
 1763 010e 97ED0D7A 		vldr.32	s14, [r7, #52]
 1764 0112 D7ED017A 		vldr.32	s15, [r7, #4]
 1765 0116 67EE277A 		vmul.f32	s15, s14, s15
 1766 011a C7ED0A7A 		vstr.32	s15, [r7, #40]
ARM GAS  /var/folders/xf/tcndk8390ml5xdpfw93qkhpm0000gn/T//ccIuqtfV.s 			page 35


 225:User/Src/chassis.c ****     
 226:User/Src/chassis.c ****     float final_x = spd_x + spd_w_x;
 1767              		.loc 1 226 11
 1768 011e 97ED037A 		vldr.32	s14, [r7, #12]
 1769 0122 D7ED0B7A 		vldr.32	s15, [r7, #44]
 1770 0126 77EE277A 		vadd.f32	s15, s14, s15
 1771 012a C7ED097A 		vstr.32	s15, [r7, #36]
 227:User/Src/chassis.c ****     float final_y = spd_y + spd_w_y;
 1772              		.loc 1 227 11
 1773 012e 97ED027A 		vldr.32	s14, [r7, #8]
 1774 0132 D7ED0A7A 		vldr.32	s15, [r7, #40]
 1775 0136 77EE277A 		vadd.f32	s15, s14, s15
 1776 013a C7ED087A 		vstr.32	s15, [r7, #32]
 228:User/Src/chassis.c **** 
 229:User/Src/chassis.c ****     float total_spd = sqrt(final_x * final_x + final_y * final_y);
 1777              		.loc 1 229 36
 1778 013e D7ED097A 		vldr.32	s15, [r7, #36]
 1779 0142 27EEA77A 		vmul.f32	s14, s15, s15
 1780              		.loc 1 229 56
 1781 0146 D7ED087A 		vldr.32	s15, [r7, #32]
 1782 014a 67EEA77A 		vmul.f32	s15, s15, s15
 1783              		.loc 1 229 46
 1784 014e 77EE277A 		vadd.f32	s15, s14, s15
 1785              		.loc 1 229 23
 1786 0152 B7EEE77A 		vcvt.f64.f32	d7, s15
 1787 0156 B0EE470B 		vmov.f64	d0, d7
 1788 015a FFF7FEFF 		bl	sqrt
 1789 015e B0EE407B 		vmov.f64	d7, d0
 1790              		.loc 1 229 11
 1791 0162 F7EEC77B 		vcvt.f32.f64	s15, d7
 1792 0166 C7ED077A 		vstr.32	s15, [r7, #28]
 230:User/Src/chassis.c ****     float total_ang = atan2(final_y, final_x); // -pi, pi
 1793              		.loc 1 230 23
 1794 016a D7ED087A 		vldr.32	s15, [r7, #32]
 1795 016e B7EEE77A 		vcvt.f64.f32	d7, s15
 1796 0172 D7ED096A 		vldr.32	s13, [r7, #36]
 1797 0176 B7EEE66A 		vcvt.f64.f32	d6, s13
 1798 017a B0EE461B 		vmov.f64	d1, d6
 1799 017e B0EE470B 		vmov.f64	d0, d7
 1800 0182 FFF7FEFF 		bl	atan2
 1801 0186 B0EE407B 		vmov.f64	d7, d0
 1802              		.loc 1 230 11
 1803 018a F7EEC77B 		vcvt.f32.f64	s15, d7
 1804 018e C7ED067A 		vstr.32	s15, [r7, #24]
 231:User/Src/chassis.c **** 
 232:User/Src/chassis.c ****     float final_total_spd = total_ang < 0 ? -total_spd : total_spd;
 1805              		.loc 1 232 56
 1806 0192 D7ED067A 		vldr.32	s15, [r7, #24]
 1807 0196 F5EEC07A 		vcmpe.f32	s15, #0
 1808 019a F1EE10FA 		vmrs	APSR_nzcv, FPSCR
 1809 019e 04D5     		bpl	.L99
 1810              		.loc 1 232 56 is_stmt 0 discriminator 1
 1811 01a0 D7ED077A 		vldr.32	s15, [r7, #28]
 1812 01a4 F1EE677A 		vneg.f32	s15, s15
 1813 01a8 01E0     		b	.L92
 1814              	.L99:
 1815              		.loc 1 232 56 discriminator 2
ARM GAS  /var/folders/xf/tcndk8390ml5xdpfw93qkhpm0000gn/T//ccIuqtfV.s 			page 36


 1816 01aa D7ED077A 		vldr.32	s15, [r7, #28]
 1817              	.L92:
 1818              		.loc 1 232 11 is_stmt 1 discriminator 4
 1819 01ae C7ED057A 		vstr.32	s15, [r7, #20]
 233:User/Src/chassis.c ****     float final_total_ang = total_ang < 0 ? total_ang + pi : total_ang;
 1820              		.loc 1 233 60 discriminator 4
 1821 01b2 D7ED067A 		vldr.32	s15, [r7, #24]
 1822 01b6 F5EEC07A 		vcmpe.f32	s15, #0
 1823 01ba F1EE10FA 		vmrs	APSR_nzcv, FPSCR
 1824 01be 0AD5     		bpl	.L100
 1825              		.loc 1 233 55 discriminator 1
 1826 01c0 D7ED067A 		vldr.32	s15, [r7, #24]
 1827 01c4 B7EEE77A 		vcvt.f64.f32	d7, s15
 1828 01c8 9FED176B 		vldr.64	d6, .L101
 1829 01cc 37EE067B 		vadd.f64	d7, d7, d6
 1830              		.loc 1 233 60 discriminator 1
 1831 01d0 F7EEC77B 		vcvt.f32.f64	s15, d7
 1832 01d4 01E0     		b	.L95
 1833              	.L100:
 1834              		.loc 1 233 60 is_stmt 0 discriminator 2
 1835 01d6 D7ED067A 		vldr.32	s15, [r7, #24]
 1836              	.L95:
 1837              		.loc 1 233 11 is_stmt 1 discriminator 4
 1838 01da C7ED047A 		vstr.32	s15, [r7, #16]
 234:User/Src/chassis.c **** 
 235:User/Src/chassis.c ****     drive_motor_spd_cmd[steer_to_drive[i]] = (s32)final_total_spd;
 1839              		.loc 1 235 39 discriminator 4
 1840 01de 97F84730 		ldrb	r3, [r7, #71]	@ zero_extendqisi2
 1841 01e2 1A4A     		ldr	r2, .L101+36
 1842 01e4 D35C     		ldrb	r3, [r2, r3]	@ zero_extendqisi2
 1843 01e6 1A46     		mov	r2, r3
 1844              		.loc 1 235 46 discriminator 4
 1845 01e8 D7ED057A 		vldr.32	s15, [r7, #20]
 1846 01ec FDEEE77A 		vcvt.s32.f32	s15, s15
 1847 01f0 17EE901A 		vmov	r1, s15	@ int
 1848              		.loc 1 235 44 discriminator 4
 1849 01f4 164B     		ldr	r3, .L101+40
 1850 01f6 43F82210 		str	r1, [r3, r2, lsl #2]
 236:User/Src/chassis.c ****     steer_motor_ang_cmd[i] = final_total_ang;
 1851              		.loc 1 236 24 discriminator 4
 1852 01fa 97F84730 		ldrb	r3, [r7, #71]	@ zero_extendqisi2
 1853              		.loc 1 236 28 discriminator 4
 1854 01fe 154A     		ldr	r2, .L101+44
 1855 0200 9B00     		lsls	r3, r3, #2
 1856 0202 1344     		add	r3, r3, r2
 1857 0204 3A69     		ldr	r2, [r7, #16]	@ float
 1858 0206 1A60     		str	r2, [r3]	@ float
 1859              	.LBE13:
 216:User/Src/chassis.c ****     float steer_angle = Chassis_Convert_steer_pos_to_angle(i, motorevo_state[i].pos); 
 1860              		.loc 1 216 47 discriminator 4
 1861 0208 97F84730 		ldrb	r3, [r7, #71]	@ zero_extendqisi2
 1862 020c 0133     		adds	r3, r3, #1
 1863 020e 87F84730 		strb	r3, [r7, #71]
 1864              	.L89:
 216:User/Src/chassis.c ****     float steer_angle = Chassis_Convert_steer_pos_to_angle(i, motorevo_state[i].pos); 
 1865              		.loc 1 216 3 discriminator 2
 1866 0212 97F84730 		ldrb	r3, [r7, #71]	@ zero_extendqisi2
ARM GAS  /var/folders/xf/tcndk8390ml5xdpfw93qkhpm0000gn/T//ccIuqtfV.s 			page 37


 1867 0216 032B     		cmp	r3, #3
 1868 0218 7FF6FFAE 		bls	.L96
 1869              	.LBE12:
 237:User/Src/chassis.c ****   }
 238:User/Src/chassis.c ****   Chassis_steer_pos_from_angle();
 1870              		.loc 1 238 3
 1871 021c FFF7FEFF 		bl	Chassis_steer_pos_from_angle
 239:User/Src/chassis.c **** }
 1872              		.loc 1 239 1
 1873 0220 00BF     		nop
 1874 0222 4837     		adds	r7, r7, #72
 1875              	.LCFI71:
 1876              		.cfi_def_cfa_offset 8
 1877 0224 BD46     		mov	sp, r7
 1878              	.LCFI72:
 1879              		.cfi_def_cfa_register 13
 1880              		@ sp needed
 1881 0226 80BD     		pop	{r7, pc}
 1882              	.L102:
 1883              		.align	3
 1884              	.L101:
 1885 0228 182D4454 		.word	1413754136
 1886 022c FB210940 		.word	1074340347
 1887 0230 00000000 		.word	motorevo_state
 1888 0234 00000000 		.word	sign_hx
 1889 0238 00000000 		.word	hx
 1890 023c 00000000 		.word	bx
 1891 0240 00000000 		.word	by
 1892 0244 00000000 		.word	sign_hy
 1893 0248 00000000 		.word	hy
 1894 024c 00000000 		.word	steer_to_drive
 1895 0250 00000000 		.word	drive_motor_spd_cmd
 1896 0254 00000000 		.word	steer_motor_ang_cmd
 1897              		.cfi_endproc
 1898              	.LFE161:
 1900              		.text
 1901              	.Letext0:
 1902              		.file 2 "/Applications/ARM/arm-none-eabi/include/machine/_default_types.h"
 1903              		.file 3 "/Applications/ARM/arm-none-eabi/include/sys/_stdint.h"
 1904              		.file 4 "User/Inc/common.h"
 1905              		.file 5 "User/Inc/motorevo.h"
 1906              		.file 6 "User/Inc/chassis.h"
ARM GAS  /var/folders/xf/tcndk8390ml5xdpfw93qkhpm0000gn/T//ccIuqtfV.s 			page 38


DEFINED SYMBOLS
                            *ABS*:0000000000000000 chassis.c
/var/folders/xf/tcndk8390ml5xdpfw93qkhpm0000gn/T//ccIuqtfV.s:23     .bss.chassis_remote_control_buf:0000000000000000 chassis_remote_control_buf
/var/folders/xf/tcndk8390ml5xdpfw93qkhpm0000gn/T//ccIuqtfV.s:20     .bss.chassis_remote_control_buf:0000000000000000 $d
/var/folders/xf/tcndk8390ml5xdpfw93qkhpm0000gn/T//ccIuqtfV.s:30     .data.steer_motor_id:0000000000000000 steer_motor_id
/var/folders/xf/tcndk8390ml5xdpfw93qkhpm0000gn/T//ccIuqtfV.s:27     .data.steer_motor_id:0000000000000000 $d
/var/folders/xf/tcndk8390ml5xdpfw93qkhpm0000gn/T//ccIuqtfV.s:37     .data.drive_motor_id:0000000000000000 drive_motor_id
/var/folders/xf/tcndk8390ml5xdpfw93qkhpm0000gn/T//ccIuqtfV.s:34     .data.drive_motor_id:0000000000000000 $d
/var/folders/xf/tcndk8390ml5xdpfw93qkhpm0000gn/T//ccIuqtfV.s:44     .data.steer_motor_pos_max:0000000000000000 steer_motor_pos_max
/var/folders/xf/tcndk8390ml5xdpfw93qkhpm0000gn/T//ccIuqtfV.s:41     .data.steer_motor_pos_max:0000000000000000 $d
/var/folders/xf/tcndk8390ml5xdpfw93qkhpm0000gn/T//ccIuqtfV.s:54     .data.steer_motor_pos_min:0000000000000000 steer_motor_pos_min
/var/folders/xf/tcndk8390ml5xdpfw93qkhpm0000gn/T//ccIuqtfV.s:51     .data.steer_motor_pos_min:0000000000000000 $d
/var/folders/xf/tcndk8390ml5xdpfw93qkhpm0000gn/T//ccIuqtfV.s:64     .data.steer_range_:0000000000000000 steer_range_
/var/folders/xf/tcndk8390ml5xdpfw93qkhpm0000gn/T//ccIuqtfV.s:61     .data.steer_range_:0000000000000000 $d
/var/folders/xf/tcndk8390ml5xdpfw93qkhpm0000gn/T//ccIuqtfV.s:71     .bss.steer_forward_pos:0000000000000000 steer_forward_pos
/var/folders/xf/tcndk8390ml5xdpfw93qkhpm0000gn/T//ccIuqtfV.s:68     .bss.steer_forward_pos:0000000000000000 $d
/var/folders/xf/tcndk8390ml5xdpfw93qkhpm0000gn/T//ccIuqtfV.s:78     .data.steer_vel_limit:0000000000000000 steer_vel_limit
/var/folders/xf/tcndk8390ml5xdpfw93qkhpm0000gn/T//ccIuqtfV.s:75     .data.steer_vel_limit:0000000000000000 $d
/var/folders/xf/tcndk8390ml5xdpfw93qkhpm0000gn/T//ccIuqtfV.s:85     .data.steer_clip_angle:0000000000000000 steer_clip_angle
/var/folders/xf/tcndk8390ml5xdpfw93qkhpm0000gn/T//ccIuqtfV.s:82     .data.steer_clip_angle:0000000000000000 $d
/var/folders/xf/tcndk8390ml5xdpfw93qkhpm0000gn/T//ccIuqtfV.s:92     .data.steer_front_angle:0000000000000000 steer_front_angle
/var/folders/xf/tcndk8390ml5xdpfw93qkhpm0000gn/T//ccIuqtfV.s:89     .data.steer_front_angle:0000000000000000 $d
/var/folders/xf/tcndk8390ml5xdpfw93qkhpm0000gn/T//ccIuqtfV.s:99     .bss.steer_motor_pos_cmd:0000000000000000 steer_motor_pos_cmd
/var/folders/xf/tcndk8390ml5xdpfw93qkhpm0000gn/T//ccIuqtfV.s:96     .bss.steer_motor_pos_cmd:0000000000000000 $d
/var/folders/xf/tcndk8390ml5xdpfw93qkhpm0000gn/T//ccIuqtfV.s:106    .data.steer_motor_ang_cmd:0000000000000000 steer_motor_ang_cmd
/var/folders/xf/tcndk8390ml5xdpfw93qkhpm0000gn/T//ccIuqtfV.s:103    .data.steer_motor_ang_cmd:0000000000000000 $d
/var/folders/xf/tcndk8390ml5xdpfw93qkhpm0000gn/T//ccIuqtfV.s:115    .bss.steer_decrease_flag:0000000000000000 steer_decrease_flag
/var/folders/xf/tcndk8390ml5xdpfw93qkhpm0000gn/T//ccIuqtfV.s:116    .bss.steer_decrease_flag:0000000000000000 $d
/var/folders/xf/tcndk8390ml5xdpfw93qkhpm0000gn/T//ccIuqtfV.s:122    .bss.drive_motor_spd_cmd:0000000000000000 drive_motor_spd_cmd
/var/folders/xf/tcndk8390ml5xdpfw93qkhpm0000gn/T//ccIuqtfV.s:119    .bss.drive_motor_spd_cmd:0000000000000000 $d
/var/folders/xf/tcndk8390ml5xdpfw93qkhpm0000gn/T//ccIuqtfV.s:129    .data.hx:0000000000000000 hx
/var/folders/xf/tcndk8390ml5xdpfw93qkhpm0000gn/T//ccIuqtfV.s:126    .data.hx:0000000000000000 $d
/var/folders/xf/tcndk8390ml5xdpfw93qkhpm0000gn/T//ccIuqtfV.s:136    .data.hy:0000000000000000 hy
/var/folders/xf/tcndk8390ml5xdpfw93qkhpm0000gn/T//ccIuqtfV.s:133    .data.hy:0000000000000000 $d
/var/folders/xf/tcndk8390ml5xdpfw93qkhpm0000gn/T//ccIuqtfV.s:143    .bss.bx:0000000000000000 bx
/var/folders/xf/tcndk8390ml5xdpfw93qkhpm0000gn/T//ccIuqtfV.s:140    .bss.bx:0000000000000000 $d
/var/folders/xf/tcndk8390ml5xdpfw93qkhpm0000gn/T//ccIuqtfV.s:150    .bss.by:0000000000000000 by
/var/folders/xf/tcndk8390ml5xdpfw93qkhpm0000gn/T//ccIuqtfV.s:147    .bss.by:0000000000000000 $d
/var/folders/xf/tcndk8390ml5xdpfw93qkhpm0000gn/T//ccIuqtfV.s:157    .data.sign_hx:0000000000000000 sign_hx
/var/folders/xf/tcndk8390ml5xdpfw93qkhpm0000gn/T//ccIuqtfV.s:154    .data.sign_hx:0000000000000000 $d
/var/folders/xf/tcndk8390ml5xdpfw93qkhpm0000gn/T//ccIuqtfV.s:167    .data.sign_hy:0000000000000000 sign_hy
/var/folders/xf/tcndk8390ml5xdpfw93qkhpm0000gn/T//ccIuqtfV.s:164    .data.sign_hy:0000000000000000 $d
/var/folders/xf/tcndk8390ml5xdpfw93qkhpm0000gn/T//ccIuqtfV.s:177    .data.steer_to_drive:0000000000000000 steer_to_drive
/var/folders/xf/tcndk8390ml5xdpfw93qkhpm0000gn/T//ccIuqtfV.s:174    .data.steer_to_drive:0000000000000000 $d
/var/folders/xf/tcndk8390ml5xdpfw93qkhpm0000gn/T//ccIuqtfV.s:184    .data.spd_max:0000000000000000 spd_max
/var/folders/xf/tcndk8390ml5xdpfw93qkhpm0000gn/T//ccIuqtfV.s:181    .data.spd_max:0000000000000000 $d
/var/folders/xf/tcndk8390ml5xdpfw93qkhpm0000gn/T//ccIuqtfV.s:190    .bss.last_chassis_start_flag:0000000000000000 last_chassis_start_flag
/var/folders/xf/tcndk8390ml5xdpfw93qkhpm0000gn/T//ccIuqtfV.s:191    .bss.last_chassis_start_flag:0000000000000000 $d
/var/folders/xf/tcndk8390ml5xdpfw93qkhpm0000gn/T//ccIuqtfV.s:196    .bss.chassis_start_flag:0000000000000000 chassis_start_flag
/var/folders/xf/tcndk8390ml5xdpfw93qkhpm0000gn/T//ccIuqtfV.s:197    .bss.chassis_start_flag:0000000000000000 $d
/var/folders/xf/tcndk8390ml5xdpfw93qkhpm0000gn/T//ccIuqtfV.s:199    .text.Chassis_RC_Update:0000000000000000 $t
/var/folders/xf/tcndk8390ml5xdpfw93qkhpm0000gn/T//ccIuqtfV.s:205    .text.Chassis_RC_Update:0000000000000000 Chassis_RC_Update
/var/folders/xf/tcndk8390ml5xdpfw93qkhpm0000gn/T//ccIuqtfV.s:419    .text.Chassis_Start:0000000000000000 Chassis_Start
/var/folders/xf/tcndk8390ml5xdpfw93qkhpm0000gn/T//ccIuqtfV.s:448    .text.Chassis_Stop:0000000000000000 Chassis_Stop
/var/folders/xf/tcndk8390ml5xdpfw93qkhpm0000gn/T//ccIuqtfV.s:1644   .text.Chassis_Tidybot:0000000000000000 Chassis_Tidybot
/var/folders/xf/tcndk8390ml5xdpfw93qkhpm0000gn/T//ccIuqtfV.s:400    .text.Chassis_RC_Update:0000000000000148 $d
/var/folders/xf/tcndk8390ml5xdpfw93qkhpm0000gn/T//ccIuqtfV.s:413    .text.Chassis_Start:0000000000000000 $t
ARM GAS  /var/folders/xf/tcndk8390ml5xdpfw93qkhpm0000gn/T//ccIuqtfV.s 			page 39


/var/folders/xf/tcndk8390ml5xdpfw93qkhpm0000gn/T//ccIuqtfV.s:477    .text.Chassis_Init:0000000000000000 Chassis_Init
/var/folders/xf/tcndk8390ml5xdpfw93qkhpm0000gn/T//ccIuqtfV.s:442    .text.Chassis_Stop:0000000000000000 $t
/var/folders/xf/tcndk8390ml5xdpfw93qkhpm0000gn/T//ccIuqtfV.s:1535   .text.Chassis_Deinit:0000000000000000 Chassis_Deinit
/var/folders/xf/tcndk8390ml5xdpfw93qkhpm0000gn/T//ccIuqtfV.s:471    .text.Chassis_Init:0000000000000000 $t
/var/folders/xf/tcndk8390ml5xdpfw93qkhpm0000gn/T//ccIuqtfV.s:1282   .text.Chassis_Info_Query:0000000000000000 Chassis_Info_Query
/var/folders/xf/tcndk8390ml5xdpfw93qkhpm0000gn/T//ccIuqtfV.s:615    .text.Chassis_Init:00000000000000b8 $d
/var/folders/xf/tcndk8390ml5xdpfw93qkhpm0000gn/T//ccIuqtfV.s:621    .text.Chassis_drive_spd_decrease:0000000000000000 $t
/var/folders/xf/tcndk8390ml5xdpfw93qkhpm0000gn/T//ccIuqtfV.s:627    .text.Chassis_drive_spd_decrease:0000000000000000 Chassis_drive_spd_decrease
/var/folders/xf/tcndk8390ml5xdpfw93qkhpm0000gn/T//ccIuqtfV.s:712    .text.Chassis_drive_spd_decrease:0000000000000064 $d
/var/folders/xf/tcndk8390ml5xdpfw93qkhpm0000gn/T//ccIuqtfV.s:719    .text.Chassis_Set_drive_spd:0000000000000000 $t
/var/folders/xf/tcndk8390ml5xdpfw93qkhpm0000gn/T//ccIuqtfV.s:725    .text.Chassis_Set_drive_spd:0000000000000000 Chassis_Set_drive_spd
/var/folders/xf/tcndk8390ml5xdpfw93qkhpm0000gn/T//ccIuqtfV.s:864    .text.Chassis_Set_drive_spd:00000000000000f8 $d
/var/folders/xf/tcndk8390ml5xdpfw93qkhpm0000gn/T//ccIuqtfV.s:873    .text.Chassis_Steer_Angle_Clip:0000000000000000 $t
/var/folders/xf/tcndk8390ml5xdpfw93qkhpm0000gn/T//ccIuqtfV.s:879    .text.Chassis_Steer_Angle_Clip:0000000000000000 Chassis_Steer_Angle_Clip
/var/folders/xf/tcndk8390ml5xdpfw93qkhpm0000gn/T//ccIuqtfV.s:965    .text.Chassis_Steer_Angle_Clip:0000000000000084 $d
/var/folders/xf/tcndk8390ml5xdpfw93qkhpm0000gn/T//ccIuqtfV.s:970    .text.Chassis_Set_steer_angle:0000000000000000 $t
/var/folders/xf/tcndk8390ml5xdpfw93qkhpm0000gn/T//ccIuqtfV.s:976    .text.Chassis_Set_steer_angle:0000000000000000 Chassis_Set_steer_angle
/var/folders/xf/tcndk8390ml5xdpfw93qkhpm0000gn/T//ccIuqtfV.s:1069   .text.Chassis_Set_steer_angle:0000000000000078 $d
/var/folders/xf/tcndk8390ml5xdpfw93qkhpm0000gn/T//ccIuqtfV.s:1077   .text.Chassis_Set_steer_pos:0000000000000000 $t
/var/folders/xf/tcndk8390ml5xdpfw93qkhpm0000gn/T//ccIuqtfV.s:1083   .text.Chassis_Set_steer_pos:0000000000000000 Chassis_Set_steer_pos
/var/folders/xf/tcndk8390ml5xdpfw93qkhpm0000gn/T//ccIuqtfV.s:1147   .text.Chassis_Set_steer_pos:0000000000000080 $d
/var/folders/xf/tcndk8390ml5xdpfw93qkhpm0000gn/T//ccIuqtfV.s:1154   .text.Chassis_steer_pos_from_angle:0000000000000000 $t
/var/folders/xf/tcndk8390ml5xdpfw93qkhpm0000gn/T//ccIuqtfV.s:1160   .text.Chassis_steer_pos_from_angle:0000000000000000 Chassis_steer_pos_from_angle
/var/folders/xf/tcndk8390ml5xdpfw93qkhpm0000gn/T//ccIuqtfV.s:1237   .text.Chassis_steer_pos_from_angle:0000000000000058 $d
/var/folders/xf/tcndk8390ml5xdpfw93qkhpm0000gn/T//ccIuqtfV.s:1245   .text.Chassis_State_Update:0000000000000000 $t
/var/folders/xf/tcndk8390ml5xdpfw93qkhpm0000gn/T//ccIuqtfV.s:1251   .text.Chassis_State_Update:0000000000000000 Chassis_State_Update
/var/folders/xf/tcndk8390ml5xdpfw93qkhpm0000gn/T//ccIuqtfV.s:1276   .text.Chassis_Info_Query:0000000000000000 $t
/var/folders/xf/tcndk8390ml5xdpfw93qkhpm0000gn/T//ccIuqtfV.s:1376   .text.Chassis_Drive_Info_Query:0000000000000000 Chassis_Drive_Info_Query
/var/folders/xf/tcndk8390ml5xdpfw93qkhpm0000gn/T//ccIuqtfV.s:1305   .text.Chassis_Steer_Info_Query:0000000000000000 $t
/var/folders/xf/tcndk8390ml5xdpfw93qkhpm0000gn/T//ccIuqtfV.s:1311   .text.Chassis_Steer_Info_Query:0000000000000000 Chassis_Steer_Info_Query
/var/folders/xf/tcndk8390ml5xdpfw93qkhpm0000gn/T//ccIuqtfV.s:1365   .text.Chassis_Steer_Info_Query:0000000000000030 $d
/var/folders/xf/tcndk8390ml5xdpfw93qkhpm0000gn/T//ccIuqtfV.s:1370   .text.Chassis_Drive_Info_Query:0000000000000000 $t
/var/folders/xf/tcndk8390ml5xdpfw93qkhpm0000gn/T//ccIuqtfV.s:1430   .text.Chassis_Drive_Info_Query:0000000000000030 $d
/var/folders/xf/tcndk8390ml5xdpfw93qkhpm0000gn/T//ccIuqtfV.s:1435   .text.Chassis_Update:0000000000000000 $t
/var/folders/xf/tcndk8390ml5xdpfw93qkhpm0000gn/T//ccIuqtfV.s:1441   .text.Chassis_Update:0000000000000000 Chassis_Update
/var/folders/xf/tcndk8390ml5xdpfw93qkhpm0000gn/T//ccIuqtfV.s:1466   .text.Chassis_Convert_steer_pos_to_angle:0000000000000000 $t
/var/folders/xf/tcndk8390ml5xdpfw93qkhpm0000gn/T//ccIuqtfV.s:1472   .text.Chassis_Convert_steer_pos_to_angle:0000000000000000 Chassis_Convert_steer_pos_to_angle
/var/folders/xf/tcndk8390ml5xdpfw93qkhpm0000gn/T//ccIuqtfV.s:1523   .text.Chassis_Convert_steer_pos_to_angle:000000000000003c $d
/var/folders/xf/tcndk8390ml5xdpfw93qkhpm0000gn/T//ccIuqtfV.s:1529   .text.Chassis_Deinit:0000000000000000 $t
/var/folders/xf/tcndk8390ml5xdpfw93qkhpm0000gn/T//ccIuqtfV.s:1632   .text.Chassis_Deinit:0000000000000074 $d
/var/folders/xf/tcndk8390ml5xdpfw93qkhpm0000gn/T//ccIuqtfV.s:1638   .text.Chassis_Tidybot:0000000000000000 $t
/var/folders/xf/tcndk8390ml5xdpfw93qkhpm0000gn/T//ccIuqtfV.s:1885   .text.Chassis_Tidybot:0000000000000228 $d

UNDEFINED SYMBOLS
Hollysys_enable_A
Hollysys_enable_B
HAL_Delay
Hollysys_CANopen_PV_Init
Hollysys_startup
Motorevo_init
Motorevo_Reset
Motorevo_Activate
Motorevo_Update_State
motorevo_state
Hollysys_Setspdcmd
Motorevo_SetPos_cmd
Hollysys_Update_State
ARM GAS  /var/folders/xf/tcndk8390ml5xdpfw93qkhpm0000gn/T//ccIuqtfV.s 			page 40


Motorevo_Query
Hollysys_GetData
Hollysys_Update
Motorevo_Update
Hollysys_closedown
Hollysys_disable_A
Hollysys_disable_B
sin
cos
sqrt
atan2
