:020000040800F2
:1000000000000220391401082D08000833080008F8
:10001000390800083F0800084508000800000000F3
:100020000000000000000000000000004B08000875
:10003000590800080000000067080008750800085B
:100040008914010889140108891401088914010818
:100050008914010889140108891401088914010808
:10006000891401088914010889140108810800080D
:1000700089140108891401088914010889140108E8
:1000800089140108891401088914010895080008D9
:1000900089140108A90800088914010889140108B5
:1000A00089140108BD080008891401088914010891
:1000B00089140108891401088914010889140108A8
:1000C0008914010889140108891401088914010898
:1000D0008914010889140108D1080008891401084D
:1000E000891401088914010800000000891401081E
:1000F0008914010889140108891401088914010868
:100100008914010889140108891401088914010857
:100110008914010889140108891401088914010847
:100120008914010889140108891401088914010837
:100130008914010889140108891401088914010827
:1001400000000000000000000000000000000000AF
:100150008914010889140108891401088914010807
:1001600089140108891401088914010889140108F7
:1001700089140108E508000889140108000000003E
:1001800089140108891401088914010889140108D7
:1001900089140108891401088914010889140108C7
:1001A000891401088914010889140108000000005D
:1001B00089140108891401088914010889140108A7
:1001C00089140108891401080000000000000000E3
:1001D0000000000000000000891401080000000079
:1001E000000000000000000000000000000000000F
:1001F00000000000000000008914010889140108B3
:1002000089140108891401080000000089140108FC
:100210008914010889140108891401088914010846
:100220008914010800000000891401080000000082
:1002300089140108891401080000000089140108CC
:100240008914010889140108891401088914010816
:100250008914010889140108891401088914010806
:1002600089140108891401088914010889140108F6
:10027000891401088914010889140108000000008C
:1002800089140108891401088914010889140108D6
:100290000000000089140108891401080000000012
:1002A000000000008914010889140108891401085C
:1002B00089140108891401088914010889140108A6
:0C02C00089140108891401088914010840
:1002D00010B5054C237833B9044B13B10448AFF380
:1002E00000800123237010BDF401002000000000F5
:1002F0006027010808B5034B1BB103490348AFF35E
:10030000008008BD00000000F801002060270108FF
:1003100053B94AB9002908BF00281CBF4FF0FF316C
:100320004FF0FF3000F074B9ADF1080C6DE904CE68
:1003300000F006F8DDF804E0DDE9022304B07047C0
:100340002DE9F047089D04468E46002B4DD18A4288
:10035000944669D9B2FA82F252B101FA02F3C2F1BB
:10036000200120FA01F10CFA02FC41EA030E94404C
:100370004FEA1C48210CBEFBF8F61FFA8CF708FB6D
:1003800016E341EA034306FB07F199420AD91CEB45
:10039000030306F1FF3080F01F81994240F21C8177
:1003A000023E63445B1AA4B2B3FBF8F008FB1033BF
:1003B00044EA034400FB07F7A7420AD91CEB0404F4
:1003C00000F1FF3380F00A81A74240F207816444C4
:1003D000023840EA0640E41B00261DB1D440002349
:1003E000C5E900433146BDE8F0878B4209D9002DAD
:1003F00000F0EF800026C5E9000130463146BDE837
:10040000F087B3FA83F6002E4AD18B4202D38242A0
:1004100000F2F980841A61EB030301209E46002D4F
:10042000E0D0C5E9004EDDE702B9FFDEB2FA82F2A4
:10043000002A40F09280A1EB0C014FEA1C471FFA02
:100440008CFE0126200CB1FBF7F307FB131140EAE9
:1004500001410EFB03F0884208D91CEB010103F1B6
:10046000FF3802D2884200F2CB804346091AA4B278
:10047000B1FBF7F007FB101144EA01440EFB00FE4C
:10048000A64508D91CEB040400F1FF3102D2A645B1
:1004900000F2BB800846A4EB0E0440EA03409CE750
:1004A000C6F12007B34022FA07FC4CEA030C20FAFD
:1004B00007F401FA06F31C43F9404FEA1C4900FA1D
:1004C00006F3B1FBF9F8200C1FFA8CFE09FB18119A
:1004D00040EA014108FB0EF0884202FA06F20BD90D
:1004E0001CEB010108F1FF3A80F08880884240F25D
:1004F0008580A8F102086144091AA4B2B1FBF9F0A1
:1005000009FB101144EA014100FB0EFE8E4508D99B
:100510001CEB010100F1FF346CD28E456AD9023820
:10052000614440EA0840A0FB0294A1EB0E01A14205
:10053000C846A64656D353D05DB1B3EB080261EB73
:100540000E0101FA07F722FA06F3F1401F43C5E94D
:10055000007100263146BDE8F087C2F12003D84083
:100560000CFA02FC21FA03F3914001434FEA1C47C5
:100570001FFA8CFEB3FBF7F007FB10360B0C43EAB7
:10058000064300FB0EF69E4204FA02F408D91CEB67
:10059000030300F1FF382FD29E422DD90238634465
:1005A0009B1B89B2B3FBF7F607FB163341EA034105
:1005B00006FB0EF38B4208D91CEB010106F1FF3854
:1005C00016D28B4214D9023E6144C91A46EA00464B
:1005D00038E72E46284605E70646E3E61846F8E6DD
:1005E0004B45A9D2B9EB020864EB0C0E0138A3E726
:1005F0004646EAE7204694E74046D1E7D0467BE707
:10060000023B614432E7304609E76444023842E77E
:10061000704700BF80B582B000AF05F00BFF00F05F
:1006200055F800F0CBF806F0D7FC08F025FA0DF0ED
:1006300039FE10F0E1FE0DF0B1FE1E4807F076FF26
:100640000346FB7100BF1B4806F0F4FF0346002B76
:10065000F9D100220121174807F0E0F9164805F00A
:10066000F7FF0622154916480EF068F8154B40F2C0
:1006700001121A60134B00225A60124B00229A603A
:10068000104B4FF40022DA600E4B00225A610D4BE2
:1006900000229A610B4B0022DA610B4B1B78002B76
:1006A00000D1FAE700BF08F07BF8002318460837AE
:1006B000BD4680BD6C02002008200020B40100204F
:1006C00054200020180200201102002080B59CB0A8
:1006D00000AF07F124034C220021184610F008FF58
:1006E0003B1D20220021184610F002FF022005F0D9
:1006F00057FE00233B602D4B9B692C4A23F440435B
:1007000093612A4B9B6903F440433B603B6800BF05
:10071000264B9B6903F40053B3F5005FF8D12923FE
:100720007B624FF48033BB620123BB630123FB6315
:100730000223BB640223FB6401233B653C237B65EE
:100740000123BB650423FB6502233B660C237B6608
:100750000023BB660023FB6607F12403184600F064
:10076000DBFB0346002B01D000F022F83F237B6027
:100770000323BB600023FB6008233B6140237B61B4
:100780004023BB614FF48063FB6140233B623B1D10
:100790000321184600F06EFF0346002B01D000F045
:1007A00007F800BF7037BD4680BD00BF0048025843
:1007B00080B400AF72B600BFFEE7000080B485B021
:1007C00000AF194BD3F8E030174A43F08003C2F86A
:1007D000E030154BD3F8E03003F08003FB60FB689A
:1007E000114BD3F8E030104A43F00103C2F8E03077
:1007F0000D4BD3F8E03003F00103BB60BB680A4B3C
:10080000D3F8E030084A43F00803C2F8E030064B62
:10081000D3F8E03003F008037B607B6800BF143737
:10082000BD465DF8047B70470044025880B400AFB9
:10083000FEE780B400AFFEE780B400AFFEE780B40F
:1008400000AFFEE780B400AFFEE780B400AF00BFAA
:10085000BD465DF8047B704780B400AF00BFBD4665
:100860005DF8047B704780B400AF00BFBD465DF803
:10087000047B704780B500AF05F04EFE00BF80BD21
:1008800080B500AF024804F06DFA00BF80BD00BF24
:10089000E420002080B500AF024807F039F900BF1E
:1008A00080BD00BF6C02002080B500AF024807F099
:1008B0002FF900BF80BD00BF6C02002080B500AFE3
:1008C000024805F04BFF00BF80BD00BF082000209C
:1008D00080B500AF02480EF039F800BF80BD00BF00
:1008E0005420002080B500AF024808F032FF00BF5E
:1008F00080BD00BFD818002080B584B000AF7860FC
:100900003960284B284A4021786806F019FF264BA9
:100910001B68B3F5B06F2DD9234B1B68DBB2803B4E
:10092000FB73204B9B781B021AB21E4B5B781BB2E9
:1009300013431BB2BB81BB8946F2630293420ED0C4
:1009400046F26902934229D1FB7B013BDB00174A47
:10095000134408221349184610F0BCFD1EE0FB7B2F
:10096000013BDB00124A134408220E49184610F0DE
:10097000B1FD13E00C4B1B68042B0FD90A4B1B680D
:10098000082B0BD8084B1B68053BDB00094A1344B6
:1009900008220449184610F09DFDFFE700BF1037FC
:1009A000BD4680BD640200203C02002014030020EC
:1009B000340300205403002080B483B000AF78607B
:1009C0007B681B680D4A934212D10D4B1B78013393
:1009D000DAB20B4B1A700A4B1B7803F00303DBB23D
:1009E000002B05D1074B01221A70054B00221A700B
:1009F00000BF0C37BD465DF8047B70470000014026
:100A0000120200201002002080B584B000AF786090
:100A10000B467B800023FB607B681B680A4A93427D
:100A20000DD17A886423094909480DF0F1FD084881
:100A30000DF0DAFE40220549054810F032FC00BFF7
:100A40001037BD4680BD00BF00440040B401002007
:100A5000542000200000000080B586B000AF786010
:100A60007B681B684A4A934240F08380494B1B785D
:100A7000FF2B0AD1474B5B78FF2B06D1454B9B7868
:100A8000FF2B02D1444B01221A70424B1B781B02F0
:100A90001AB2404B5B781BB213431BB2FB823D4B37
:100AA0009B781B021AB23B4BDB781BB213431BB281
:100AB000BB82384B1B791B021AB2364B5B791BB2D7
:100AC00013431BB27B82FB8AA3F500739BB23B826C
:100AD000BB8AA3F500739BB2FB817B8AA3F50073ED
:100AE0009BB2BB81B7F9103007EE903AF8EEE77A87
:100AF000B7EEE77A9FED226B27EE066B9FED225B48
:100B000086EE057BF7EEC74BB7F90E3007EE903A4D
:100B1000F8EEE77AB7EEE77A9FED196B27EE066BF2
:100B20009FED195B86EE057BB7EEC74BB7F90C302E
:100B300007EE903AF8EEE77AB7EEE77A9FED106BA2
:100B400027EE066B9FED105B86EE057BF7EEC77B0D
:100B5000B0EE671AF0EE440AB0EE640A07F060FEE9
:100B600006210C4808F05EF906220A490B480DF0F0
:100B7000E5FD00BF1837BD4680BD00BFAFF3008064
:100B8000000000000000594000000000000080400C
:100B900000440040B4010020110200205420002035
:100BA00080B584B000AF78600023FB607B681B6871
:100BB000054A934204D10622044905480DF0BEFDC2
:100BC00000BF1037BD4680BD00440040B401002086
:100BD0005420002080B483B000AF0A4BD3F8F43027
:100BE000084A43F00203C2F8F430064BD3F8F4305D
:100BF00003F002037B607B6800BF0C37BD465DF8E5
:100C0000047B70470044025880B400AF324BD3F8E5
:100C10008830314A43F47003C2F888302F4B1B6888
:100C200003F00F03062B07D82C4B1B6823F00F0390
:100C30002A4A43F007031360294B1B68284A43F0F4
:100C400001031360264B00221A61254B1A682449C0
:100C5000244B13400B60214B1B6803F00803002B4F
:100C600007D01E4B1B6823F00F031C4A43F00703F9
:100C700013601B4B00229A61194B0022DA61184B5A
:100C800000221A62164B184A9A62154B174ADA620A
:100C9000134B174A1A63124B00225A63104B144A23
:100CA0009A630F4B0022DA630D4B114A1A640C4B06
:100CB00000225A640A4B1B68094A23F480231360FC
:100CC000074B00221A660B4B43F2D2021A6000BF98
:100CD000BD465DF8047B704700ED00E00020005247
:100CE000004402587FEDF6EA000202020000FF0114
:100CF000800201010040005280B485B000AF7860EE
:100D00007B6803F00703FB600B4BDB68BB60BA68D2
:100D10004FF6FF031340BB60FB681A02BB681A431F
:100D2000064B1343BB60044ABB68D36000BF143753
:100D3000BD465DF8047B704700ED00E00000FA0559
:100D400080B400AF044BDB681B0A03F007031846AE
:100D5000BD465DF8047B704700ED00E080B483B0D1
:100D600000AF0346FB80B7F90630002B0BDBFB8896
:100D700003F01F020749B7F906305B09012000FAAA
:100D800002F241F8232000BF0C37BD465DF8047B1A
:100D9000704700BF00E100E080B483B000AF0346BD
:100DA0003960FB80B7F90630002B0ADB3B68DAB20A
:100DB0000C49B7F906301201D2B20B4483F8002374
:100DC0000AE03B68DAB20849FB8803F00F03043BF2
:100DD0001201D2B20B441A7600BF0C37BD465DF843
:100DE000047B704700E100E000ED00E080B489B0D2
:100DF00000AFF860B9607A60FB6803F00703FB613D
:100E0000FB69C3F10703042B28BF0423BB61FB6903
:100E10000433062B02D9FB69033B00E000237B610E
:100E20004FF0FF32BB6902FA03F3DA43BB681A40A2
:100E30007B699A404FF0FF317B6901FA03F3D94394
:100E40007B680B40134318462437BD465DF8047B8E
:100E50007047000080B582B000AF78607B68013BCE
:100E6000B3F1807F01D301230FE00A4A7B68013B85
:100E700053600F214FF0FF30FFF78EFF054B00222C
:100E80009A60044B07221A60002318460837BD46B3
:100E900080BD00BF10E000E080B582B000AF786098
:100EA0007868FFF729FF00BF0837BD4680BD80B5D1
:100EB00086B000AF0346B9607A60FB81FFF740FF60
:100EC00078617A68B9687869FFF790FF0246B7F9E8
:100ED0000E3011461846FFF75FFF00BF1837BD46BA
:100EE00080BD80B582B000AF0346FB80B7F9063005
:100EF0001846FFF733FF00BF0837BD4680BD80B5F9
:100F000082B000AF78607868FFF7A4FF0346184608
:100F10000837BD4680BD000080B58CB000AF78605A
:100F20007B68002B01D101239DE37B681B6803F0E4
:100F30000103002B00F08780884B1B6903F0380306
:100F4000FB62864B9B6ABB62FB6A102B07D0FB6A75
:100F5000182B10D1BB6A03F00303022B0BD17F4B7C
:100F60001B6803F40033002B6CD07B685B68002B9C
:100F700068D1012377E37B685B68B3F5803F06D1D6
:100F8000764B1B68754A43F4803313602EE07B6810
:100F90005B68002B0CD1714B1B68704A23F48033C3
:100FA00013606E4B1B686D4A23F4802313601DE0B1
:100FB0007B685B68B3F5A02F0CD1684B1B68674A50
:100FC00043F480231360654B1B68644A43F4803309
:100FD00013600BE0614B1B68604A23F4803313609D
:100FE0005E4B1B685D4A23F4802313607B685B685B
:100FF000002B13D005F0A4FA786208E005F0A0FAFF
:1010000002467B6AD31A642B01D903232BE3534B8B
:101010001B6803F40033002BF0D014E005F090FAC5
:10102000786208E005F08CFA02467B6AD31A642BDA
:1010300001D9032317E3494B1B6803F40033002B4A
:10104000F0D100E000BF7B681B6803F00203002BB7
:1010500000F08C80414B1B6903F038033B623F4B2F
:101060009B6AFB613B6A002B07D03B6A182B37D188
:10107000FB6903F00303002B32D1384B1B6803F0EC
:101080000403002B05D07B68DB68002B01D1012312
:10109000E9E2324B1B6823F019027B68DB682F49B9
:1010A00013430B6005F04CFA786208E005F048FA4B
:1010B00002467B6AD31A022B01D90323D3E2274BC2
:1010C0001B6803F00403002BF0D0244B5B6823F073
:1010D000FE427B681B691B06204913434B6045E0B9
:1010E0007B68DB68002B26D01C4B1B6823F01902A1
:1010F0007B68DB68194913430B6005F021FA7862BD
:1011000008E005F01DFA02467B6AD31A022B01D9CA
:101110000323A8E2114B1B6803F00403002BF0D05B
:101120000E4B5B6823F0FE427B681B691B060B4974
:1011300013434B601AE0094B1B68084A23F0010374
:10114000136005F0FDF978620AE005F0F9F902464E
:101150007B6AD31A022B03D9032384E2004402588A
:10116000964B1B6803F00403002BEED17B681B68D1
:1011700003F01003002B6AD0904B1B6903F0380377
:10118000BB618E4B9B6A7B61BB69082B07D0BB6937
:10119000182B1BD17B6903F00303012B16D1874B5E
:1011A0001B6803F48073002B05D07B68DB69802B00
:1011B00001D0012357E2814BDB6823F07C527B682E
:1011C0001B6A1B067D491343CB6040E07B68DB69EB
:1011D000002B23D0794B1B68784A43F080031360BF
:1011E00005F0AEF9786208E005F0AAF902467B6ADC
:1011F000D31A022B01D9032335E2704B1B6803F489
:101200008073002BF0D06D4BDB6823F07C527B6841
:101210001B6A1B0669491343CB6018E0674B1B68C8
:10122000664A23F08003136005F08AF9786208E0CB
:1012300005F086F902467B6AD31A022B01D90323F3
:1012400011E25E4B1B6803F48073002BF0D17B68C6
:101250001B6803F00803002B36D07B685B69002B0A
:1012600019D0564B5B6F554A43F00103536705F0A5
:1012700067F9786208E005F063F902467B6AD31AE1
:10128000022B01D90323EEE14C4B5B6F03F0020309
:10129000002BF0D018E0494B5B6F484A23F0010364
:1012A000536705F04DF9786208E005F049F9024608
:1012B0007B6AD31A022B01D90323D4E13F4B5B6F26
:1012C00003F00203002BF0D17B681B6803F02003BE
:1012D000002B36D07B689B69002B19D0374B1B68DD
:1012E000364A43F48053136005F02AF9786208E027
:1012F00005F026F902467B6AD31A022B01D9032393
:10130000B1E12E4B1B6803F40053002BF0D018E022
:101310002A4B1B68294A23F48053136005F010F907
:10132000786208E005F00CF902467B6AD31A022BBA
:1013300001D9032397E1214B1B6803F40053002BD1
:10134000F0D17B681B6803F00403002B00F086805B
:101350001B4B1B681A4A43F48073136005F0F0F8C6
:10136000786208E005F0ECF802467B6AD31A642B39
:1013700001D9032377E1124B1B6803F48073002B20
:10138000F0D07B689B68012B06D10C4B1B6F0B4A7E
:1013900043F00103136732E07B689B68002B11D197
:1013A000064B1B6F054A23F001031367034B1B6FAA
:1013B000024A23F00403136721E000BF00440258EF
:1013C000004802587B689B68052B0CD1834B1B6F30
:1013D000824A43F004031367804B1B6F7F4A43F03C
:1013E000010313670BE07D4B1B6F7C4A23F0010365
:1013F00013677A4B1B6F794A23F0040313677B68EA
:101400009B68002B15D005F09BF878620AE005F088
:1014100097F802467B6AD31A41F28832934201D987
:10142000032320E16D4B1B6F03F00203002BEED072
:1014300014E005F085F878620AE005F081F80246CC
:101440007B6AD31A41F28832934201D903230AE11D
:10145000624B1B6F03F00203002BEED17B685B6ACB
:10146000002B00F0FF805D4B1B6903F03803182B45
:1014700000F0BA807B685B6A022B40F09580574B86
:101480001B68564A23F08073136005F059F87862A0
:1014900008E005F055F802467B6AD31A022B01D901
:1014A0000323E0E04D4B1B6803F00073002BF0D1E9
:1014B0004A4B9A6A4A4B13407A68916A7A68D26AB0
:1014C00012010A43454913438B627B681B6B013B46
:1014D000C3F308027B685B6B013B5B029BB21A4360
:1014E0007B689B6B013B1B0403F4FE031A437B6880
:1014F000DB6B013B1B0603F0FE43384913430B63D0
:10150000364BDB6A354A23F00103D362334B5A6B07
:10151000344B13407A68926CD200304913434B63CA
:101520002E4BDB6A23F00C027B681B6C2B491343A8
:10153000CB622A4BDB6A23F002027B685B6C274993
:101540001343CB62254BDB6A244A43F48033D362D6
:10155000224BDB6A214A43F40033D3621F4BDB6A20
:101560001E4A43F48023D3621C4BDB6A1B4A43F0C0
:101570000103D362194B1B68184A43F08073136050
:1015800004F0DEFF786208E004F0DAFF02467B6ACE
:10159000D31A022B01D9032365E0104B1B6803F01B
:1015A0000073002BF0D05DE00C4B1B680B4A23F05E
:1015B0008073136004F0C4FF786208E004F0C0FF99
:1015C00002467B6AD31A022B01D903234BE0034B5B
:1015D0001B6803F00073002BF0D143E00044025875
:1015E0000CFCFFFF0700FFFF214B9B6A3B61204B78
:1015F0001B6BFB607B685B6A012B31D03B6903F09E
:1016000003027B689B6A9A422AD13B691B0903F05B
:101610003F027B68DB6A9A4222D1FB68C3F308026F
:101620007B681B6B013B9A421AD1FB685B0A03F093
:101630007F027B685B6B013B9A4211D1FB681B0CFC
:1016400003F07F027B689B6B013B9A4208D1FB68E9
:101650001B0E03F07F027B68DB6B013B9A4201D0DB
:10166000012300E0002318463037BD4680BD00BF8F
:101670000044025880B586B000AF786039607B685E
:10168000002B01D101239CE18A4B1B6803F00F035F
:101690003A689A4210D9874B1B6823F00F0285499C
:1016A0003B6813430B60834B1B6803F00F033A68DE
:1016B0009A4201D0012384E17B681B6803F0040394
:1016C000002B10D07B681A697B4B9B6903F0700379
:1016D0009A4208D9784B9B6923F070027B681B699A
:1016E000754913438B617B681B6803F00803002B6B
:1016F00010D07B685A69704BDB6903F070039A4223
:1017000008D96D4BDB6923F070027B685B696A491D
:101710001343CB617B681B6803F01003002B10D0D0
:101720007B689A69644BDB6903F4E0639A4208D9E9
:10173000614BDB6923F4E0627B689B695E4913437C
:10174000CB617B681B6803F02003002B10D07B6803
:10175000DA69594B1B6A03F070039A4208D9564B59
:101760001B6A23F070027B68DB69534913430B62E9
:101770007B681B6803F00203002B10D07B68DA68DB
:101780004D4B9B6903F00F039A4208D94A4B9B6962
:1017900023F00F027B68DB68474913438B617B684A
:1017A0001B6803F00103002B55D0434B9B6923F4C6
:1017B00070627B689B68404913438B617B685B6800
:1017C000022B07D13C4B1B6803F40033002B21D1C3
:1017D0000123F6E07B685B68032B07D1364B1B685F
:1017E00003F00073002B15D10123EAE07B685B68EE
:1017F000012B07D1304B1B6803F48073002B09D1F8
:101800000123DEE02C4B1B6803F00403002B01D105
:101810000123D6E0284B1B6923F007027B685B6835
:10182000254913430B6104F08BFE78610AE004F054
:1018300087FE02467B69D31A41F28832934201D96E
:101840000323BEE01C4B1B6903F038027B685B6816
:10185000DB009A42EBD17B681B6803F00203002B8C
:1018600010D07B68DA68144B9B6903F00F039A422F
:1018700008D2114B9B6923F00F027B68DB680E498D
:1018800013438B610B4B1B6803F00F033A689A42BA
:1018900014D2084B1B6823F00F0206493B68134320
:1018A0000B60044B1B6803F00F033A689A4205D0A3
:1018B000012386E000200052004402587B681B6828
:1018C00003F00403002B10D07B681A693F4B9B691F
:1018D00003F070039A4208D23C4B9B6923F07002DC
:1018E0007B681B69394913438B617B681B6803F074
:1018F0000803002B10D07B685A69344BDB6903F076
:1019000070039A4208D2314BDB6923F070027B6886
:101910005B692E491343CB617B681B6803F010039E
:10192000002B10D07B689A69284BDB6903F4E063D5
:101930009A4208D2254BDB6923F4E0627B689B69FD
:1019400022491343CB617B681B6803F02003002B03
:1019500010D07B68DA691D4B1B6A03F070039A4252
:1019600008D21A4B1B6A23F070027B68DB691749A7
:1019700013430B6200F034F80246144B9B691B0AB8
:1019800003F00F031249CB5C03F01F0322FA03F3A9
:101990003B610E4B9B6903F00F030D4AD35C03F0D0
:1019A0001F033A6922FA03F30A4A13600A4A3B69A1
:1019B00013600A4B1B68184604F078FD0346FB735E
:1019C000FB7B18461837BD4680BD00BF0044025857
:1019D0000C2801080400002000000020080000205E
:1019E00080B489B000AFB34B1B6903F03803182BE8
:1019F00000F2558101A252F823F000BF611A0008DD
:101A00009F1C00089F1C00089F1C00089F1C0008CA
:101A10009F1C00089F1C00089F1C0008871A0008D4
:101A20009F1C00089F1C00089F1C00089F1C0008AA
:101A30009F1C00089F1C00089F1C00088D1A0008AE
:101A40009F1C00089F1C00089F1C00089F1C00088A
:101A50009F1C00089F1C00089F1C0008931A000888
:101A6000944B1B6803F02003002B09D0914B1B689B
:101A7000DB0803F00303904A22FA03F3BB6111E190
:101A80008D4BBB610EE18D4BBB610BE18C4BBB61A0
:101A900008E1884B9B6A03F003037B61854B9B6ADB
:101AA0001B0903F03F033B61824BDB6A03F0010338
:101AB000FB60804B5B6BDB08C3F30C03FA6802FB33
:101AC00003F307EE903AF8EE677AC7ED027A3B69C6
:101AD000002B00F0E1807B69022B00F083807B69A2
:101AE000022B00F2A1807B69002B03D07B69012BC4
:101AF00056D099E06F4B1B6803F02003002B2DD0CC
:101B00006C4B1B68DB0803F003036B4A22FA03F3F8
:101B10007B607B6807EE903AF8EE676A3B6907EEF8
:101B2000903AF8EE677A86EEA77A624B1B6BC3F3A6
:101B3000080307EE903AF8EE676A97ED026ADFED68
:101B4000615AC6EE257A76EEA77AF7EE006A77EE4E
:101B5000A67A67EE277AC7ED077A87E03B6907EE3A
:101B6000903AF8EE677ADFED586A86EEA77A514B25
:101B70001B6BC3F3080307EE903AF8EE676A97ED24
:101B8000026ADFED505AC6EE257A76EEA77AF7EEB6
:101B9000006A77EEA67A67EE277AC7ED077A65E0E6
:101BA0003B6907EE903AF8EE677ADFED486A86EE19
:101BB000A77A404B1B6BC3F3080307EE903AF8EE8D
:101BC000676A97ED026ADFED3F5AC6EE257A76EE38
:101BD000A77AF7EE006A77EEA67A67EE277AC7ED66
:101BE000077A43E03B6907EE903AF8EE677ADFED5B
:101BF000386A86EEA77A2F4B1B6BC3F3080307EEF8
:101C0000903AF8EE676A97ED026ADFED2E5AC6EE5B
:101C1000257A76EEA77AF7EE006A77EEA67A67EE77
:101C2000277AC7ED077A21E03B6907EE903AF8EE94
:101C3000677ADFED266A86EEA77A1E4B1B6BC3F32D
:101C4000080307EE903AF8EE676A97ED026ADFED57
:101C50001D5AC6EE257A76EEA77AF7EE006A77EE81
:101C6000A67A67EE277AC7ED077A00BF114B1B6B88
:101C70005B0A03F07F0301333B603B6807EE903A59
:101C8000B8EE677AD7ED076AC6EE877AFCEEE77A98
:101C900017EE903ABB6105E00023BB6102E0074B01
:101CA000BB6100BFBB6918462437BD465DF8047BA5
:101CB000704700BF004402580090D00300093D0067
:101CC00000127A00000000460024744C0024744A7C
:101CD0000024F44A80B582B000AFFFF781FE0246CF
:101CE000104B9B691B0A03F00F030F49CB5C03F0F9
:101CF0001F0322FA03F37B600A4B9B6903F00F0377
:101D0000094AD35C03F01F037A6822FA03F3074AF7
:101D10001360074A7B681360044B1B68184608373A
:101D2000BD4680BD004402580C2801080400002074
:101D30000000002080B500AFFFF7CCFF0246064B45
:101D4000DB691B0903F007030449CB5C03F01F03A5
:101D500022FA03F3184680BD004402580C280108FB
:101D600080B500AFFFF7B6FF0246064BDB691B0AE2
:101D700003F007030449CB5C03F01F0322FA03F3CB
:101D8000184680BD004402580C28010880B586B072
:101D900000AF78600023FB750023BB757B681B6870
:101DA00003F00063002B3FD07B681B6EB3F5401F30
:101DB0002AD0B3F5401F24D8B3F5001F18D0B3F5CF
:101DC000001F1ED8002B03D0B3F5801F07D018E0EA
:101DD000A44BDB6AA34A43F40033D36215E07B686B
:101DE00004330221184601F089F90346FB750CE023
:101DF0007B6824330221184601F032FA0346FB7552
:101E000003E00123FB7500E000BFFB7D002B09D13F
:101E1000944B1B6D23F440127B681B6E9149134356
:101E20000B6501E0FB7DBB757B681B6803F4807369
:101E3000002B3DD07B685B6D042B26D801A252F8A5
:101E400023F000BF591E0008671E0008791E000815
:101E5000911E0008911E0008824BDB6A814A43F400
:101E60000033D36215E07B6804330021184601F08B
:101E700045F90346FB750CE07B68243300211846C6
:101E800001F0EEF90346FB7503E00123FB7500E06A
:101E900000BFFB7D002B09D1724B1B6D23F00702A5
:101EA0007B685B6D6F4913430B6501E0FB7DBB7580
:101EB0007B681B6803F48063002B51D07B68D3F8E8
:101EC000A030B3F5200F36D0B3F5200F30D8B3F5DE
:101ED000000F32D0B3F5000F2AD8B3F5C00F2ED0C3
:101EE000B3F5C00F24D8B3F5800F18D0B3F5800F29
:101EF0001ED8002B03D0B3F5001F07D018E0594BB4
:101F0000DB6A584A43F40033D36219E07B68043338
:101F10000021184601F0F2F80346FB7510E07B68DB
:101F200024330021184601F09BF90346FB7507E0B6
:101F30000123FB7504E000BF02E000BF00E000BF2A
:101F4000FB7D002B0AD1474B9B6D23F460027B681D
:101F5000D3F8A030434913438B6501E0FB7DBB758B
:101F60007B681B6803F40063002B51D07B68D3F8B7
:101F7000A430B3F1A06F36D0B3F1A06F30D8B3F175
:101F8000806F32D0B3F1806F2AD8B3F1407F2ED06A
:101F9000B3F1407F24D8B3F1007F18D0B3F1007FB4
:101FA0001ED8002B03D0B3F1807F07D018E02D4B53
:101FB000DB6A2C4A43F40033D36219E07B680433B4
:101FC0000021184601F09AF80346FB7510E07B6883
:101FD00024330021184601F043F90346FB7507E05E
:101FE0000123FB7504E000BF02E000BF00E000BF7A
:101FF000FB7D002B0AD11B4B9B6D23F0E0627B68BD
:10200000D3F8A430174913438B6501E0FB7DBB7502
:102010007B681B6803F00073002B35D07B689B6CDA
:10202000302B1CD0302B17D8202B0CD0202B13D8C2
:10203000002B19D0102B0FD10A4BDB6A094A43F44D
:102040000033D36211E07B6804330221184601F0AB
:1020500055F80346FB7508E00123FB7505E000BF5A
:1020600003E000BF0044025800BFFB7D002B09D1F4
:10207000A34BDB6C23F030027B689B6CA0491343BD
:10208000CB6401E0FB7DBB757B681B6803F4805368
:10209000002B47D07B689B6DB3F5804F30D0B3F5F4
:1020A000804F2AD8B3F5405F2CD0B3F5405F24D8D9
:1020B000B3F5005F18D0B3F5005F1ED8002B03D036
:1020C000B3F5805F07D018E08D4BDB6A8C4A43F490
:1020D0000033D36217E07B6804330021184601F017
:1020E0000DF80346FB750EE07B682433002118468B
:1020F00001F0B6F80346FB7505E00123FB7502E02D
:1021000000BF00E000BFFB7D002B09D17C4B1B6DA5
:1021100023F4E0427B689B6D794913430B6501E032
:10212000FB7DBB757B681B6803F40053002B49D013
:102130007B68DB6DB3F5A02F2ED0B3F5A02F28D888
:10214000B3F5802F2AD0B3F5802F22D8B3F5403FC6
:1021500026D0B3F5403F1CD8B3F5003F10D0B3F5FF
:10216000003F16D8002B1DD0B3F5803F11D17B68FE
:1021700004330121184600F0C1FF0346FB7512E04D
:102180007B6824330121184601F06AF80346FB7589
:1021900009E00123FB7506E000BF04E000BF02E098
:1021A00000BF00E000BFFB7D002B09D1544B1B6D2D
:1021B00023F4E0227B68DB6D514913430B6501E09A
:1021C000FB7DBB757B681B6803F48043002B4BD001
:1021D0007B68D3F8A830B3F1A04F2ED0B3F1A04F55
:1021E00028D8B3F1804F2AD0B3F1804F22D8B3F171
:1021F000405F26D0B3F1405F1CD8B3F1005F10D030
:10220000B3F1005F16D8002B1DD0B3F1805F11D160
:102210007B6804330121184600F070FF0346FB750C
:1022200012E07B6824330121184601F019F80346B7
:10223000FB7509E00123FB7506E000BF04E000BF69
:1022400002E000BF00E000BFFB7D002B0AD12C4B59
:102250009B6D23F0E0427B68D3F8A83028491343F4
:102260008B6501E0FB7DBB757B681B6803F4004355
:10227000002B2FD07B689B6EB3F1005F0ED0B3F1C3
:10228000005F14D8002B15D0B3F1805F0FD11C4B29
:10229000DB6A1B4A43F40033D3620CE07B680433EF
:1022A0000121184600F02AFF0346FB7503E00123D5
:1022B000FB7500E000BFFB7D002B09D1104B1B6DAF
:1022C00023F040527B689B6E0D4913430B6501E080
:1022D000FB7DBB757B681B6803F08073002B34D0DB
:1022E0007B685B6C032B1DD801A252F823F000BF62
:1022F0002B23000805230008132300082B230008C4
:1023000000440258B14BDB6AB04A43F40033D36255
:102310000CE07B6804330221184600F0EFFE034610
:10232000FB7503E00123FB7500E000BFFB7D002B84
:1023300009D1A64BDB6C23F003027B685B6CA349DD
:102340001343CB6401E0FB7DBB757B681B6803F422
:102350008003002B00F086809D4B1B689C4A43F451
:102360008073136004F0ECF8386109E004F0E8F8D9
:1023700002463B69D31A642B02D90323FB7505E09F
:10238000934B1B6803F48073002BEFD0FB7D002B75
:1023900066D18E4B1A6F7B68D3F8AC30534003F490
:1023A0004073002B13D0894B1B6F23F44073FB60E9
:1023B000864B1B6F854A43F480331367834B1B6F37
:1023C000824A23F480331367804AFB6813677B6873
:1023D000D3F8AC30B3F5807F15D104F0B1F8386193
:1023E0000BE004F0ADF802463B69D31A41F28832A3
:1023F000934202D90323FB7505E0744B1B6F03F076
:102400000203002BEDD0FB7D002B26D17B68D3F897
:10241000AC3003F44073B3F5407F0DD16B4B1B69B7
:1024200023F47C527B68D3F8AC301909694B0B401C
:10243000664913430B6105E0644B1B69634A23F44F
:102440007C531361614B1A6F7B68D3F8AC30C3F3D4
:102450000B035E4913430B6704E0FB7DBB7501E092
:10246000FB7DBB757B681B6803F00103002B7ED0EE
:102470007B685B6F282B67D801A252F823F000BF5E
:102480004F2500084925000849250008492500086E
:102490004925000849250008492500084925000864
:1024A0002525000849250008492500084925000878
:1024B0004925000849250008492500084925000844
:1024C0003725000849250008492500084925000846
:1024D0004925000849250008492500084925000824
:1024E0004F2500084925000849250008492500080E
:1024F0004925000849250008492500084925000804
:102500004F250008492500084925000849250008ED
:1025100049250008492500084925000849250008E3
:102520004F2500087B6804330121184600F0E6FDC2
:102530000346FB750CE07B6824330121184600F04C
:102540008FFE0346FB7503E00123FB7500E000BF2F
:10255000FB7D002B09D11D4B5B6D23F038027B689E
:102560005B6F1A4913434B6501E0FB7DBB757B68CC
:102570001B6803F00203002B3ED07B681B6F052B0A
:1025800020D801A252F823F0D9250008A12500087F
:10259000B3250008D9250008D9250008D925000849
:1025A0007B6804330121184600F0A8FD0346FB7543
:1025B00013E07B6824330121184600F051FE0346E6
:1025C000FB750AE00123FB7507E000BF00440258D9
:1025D00000480258CFFFFF0000BFFB7D002B09D150
:1025E0009F4B5B6D23F007027B681B6F9C49134375
:1025F0004B6501E0FB7DBB757B681B6803F0040342
:10260000002B39D07B68D3F88C30052B20D801A261
:1026100052F823F0572600082D2600083F26000810
:102620005726000857260008572600087B68043301
:102630000121184600F062FD0346FB750CE07B6843
:1026400024330121184600F00BFE0346FB7503E01E
:102650000123FB7500E000BFFB7D002B0AD1804BFE
:102660009B6D23F007027B68D3F88C307C491343C1
:102670008B6501E0FB7DBB757B681B6803F0200365
:10268000002B4BD07B68D3F88830B3F1A04F2ED00D
:10269000B3F1A04F28D8B3F1804F2AD0B3F1804FC7
:1026A00022D8B3F1405F26D0B3F1405F1CD8B3F11C
:1026B000005F10D0B3F1005F16D8002B1DD0B3F12E
:1026C000805F11D17B6804330021184600F016FDAD
:1026D0000346FB7512E07B6824330221184600F0A4
:1026E000BFFD0346FB7509E00123FB7506E000BF53
:1026F00004E000BF02E000BF00E000BFFB7D002B54
:102700000AD1574B5B6D23F0E0427B68D3F88830E9
:10271000534913434B6501E0FB7DBB757B681B6828
:1027200003F04003002B4BD07B68D3F89430B3F513
:10273000A05F2ED0B3F5A05F28D8B3F5805F2AD074
:10274000B3F5805F22D8B3F5406F26D0B3F5406F64
:102750001CD8B3F5006F10D0B3F5006F16D8002B5E
:102760001DD0B3F5806F11D17B680433002118466A
:1027700000F0C4FC0346FB7512E07B6824330221A1
:10278000184600F06DFD0346FB7509E00123FB755B
:1027900006E000BF04E000BF02E000BF00E000BFB1
:1027A000FB7D002B0AD12E4B9B6D23F4E0527B68FE
:1027B000D3F894302A4913438B6501E0FB7DBB7548
:1027C0007B681B6803F08003002B4DD07B68D3F837
:1027D0009830B3F5204F2ED0B3F5204F28D8B3F55D
:1027E000004F2AD0B3F5004F22D8B3F5C04F26D002
:1027F000B3F5C04F1CD8B3F5804F10D0B3F5804F60
:1028000016D8002B1DD0B3F5005F11D17B680433BF
:102810000021184600F072FC0346FB7512E07B684D
:1028200024330221184600F01BFD0346FB7509E026
:102830000123FB7506E000BF04E000BF02E000BF1B
:1028400000E000BFFB7D002B0CD1054B9B6D23F4FA
:1028500060427B68D3F89830014913438B6503E0ED
:1028600000440258FB7DBB757B681B6803F00803BE
:10287000002B18D07B68DB6FB3F5805F0AD17B68D3
:1028800024330221184600F0EBFC0346002B01D054
:102890000123BB758A4B5B6D23F440527B68DB6F71
:1028A000874913434B657B681B6803F01003002BBB
:1028B0001AD07B68D3F89030B3F5807F0AD17B685B
:1028C00024330221184600F0CBFC0346002B01D034
:1028D0000123BB757A4B9B6D23F440727B68D3F860
:1028E0009030774913438B657B681B6803F40023A2
:1028F000002B34D07B68D3F89C30B3F5003F1DD05B
:10290000B3F5003F17D8002B03D0B3F5803F09D0B3
:1029100011E07B6804330021184600F0EFFB03460A
:10292000FB750CE07B6824330221184600F098FC0C
:102930000346FB7503E00123FB7500E000BFFB7D50
:10294000002B0AD15E4B9B6D23F440327B68D3F899
:102950009C305B4913438B6501E0FB7DBB757B6855
:102960001B6803F48023002B33D07B68D3F88030BE
:10297000B3F5401F1CD0B3F5401F16D8B3F5801F28
:1029800003D0B3F5001F07D00FE04D4BDB6A4C4A74
:1029900043F40033D3620CE07B68243301211846F2
:1029A00000F05EFC0346FB7503E00123FB7500E0CD
:1029B00000BFFB7D002B0AD1414B5B6D23F440121D
:1029C0007B68D3F880303E4913434B6501E0FB7DC3
:1029D000BB757B681B6803F48033002B29D07B68B0
:1029E000DB6C002B03D0B3F5803F07D00FE0344BF6
:1029F000DB6A334A43F40033D3620BE07B68043371
:102A00000221184600F07AFB0346FB7502E0012321
:102A1000FB7500BFFB7D002B09D1294BDB6C23F438
:102A200080327B68DB6C26491343CB6401E0FB7D7D
:102A3000BB757B681B6803F00053002B0AD07B68D2
:102A400024330221184600F00BFC0346002B01D072
:102A50000123BB757B681B6803F40033002B33D064
:102A60007B689B6FB3F5407F17D0B3F5407F11D8DB
:102A7000B3F5007F13D0B3F5007F0BD8002B10D037
:102A8000B3F5807F06D10E4BDB6A0D4A43F4003369
:102A9000D36207E00123FB7504E000BF02E000BF42
:102AA00000E000BFFB7D002B0CD1054B5B6D23F4D8
:102AB00040727B689B6F024913434B6504E000BF83
:102AC00000440258FB7DBB757B681B6803F48013D0
:102AD000002B08D0294B1B6D23F000427B68DB6E76
:102AE000264913430B657B681B6803F40013002B16
:102AF00008D0224B1B6D23F080727B685B6E1F49F0
:102B000013430B657B681B6803F08043002B0DD0DB
:102B10001A4B1B69194A23F400431361174B1A69B6
:102B20007B68D3F8B030154913430B617B681B6891
:102B3000002B08DA114BDB6C23F040527B681B6DD5
:102B40000E491343CB647B681B6803F40003002B1E
:102B500009D00A4B5B6D23F440027B68D3F88430C4
:102B6000064913434B65BB7D002B01D1002300E0D8
:102B7000012318461837BD4680BD00BF00440258E7
:102B800080B500AFFFF7A6F80246064B1B6A1B098B
:102B900003F007030449CB5C03F01F0322FA03F39D
:102BA000184680BD004402580C28010880B489B042
:102BB00000AF7860A14B9B6A03F00303BB619F4B9E
:102BC0009B6A1B0B03F03F037B619C4BDB6A1B0979
:102BD00003F001033B61994BDB6BDB08C3F30C0390
:102BE0003A6902FB03F307EE903AF8EE677AC7ED15
:102BF000037A7B69002B00F01181BB69022B00F086
:102C00008380BB69022B00F2A180BB69002B03D03B
:102C1000BB69012B56D099E0884B1B6803F0200359
:102C2000002B2DD0854B1B68DB0803F00303844A7F
:102C300022FA03F3BB60BB6807EE903AF8EE676ACE
:102C40007B6907EE903AF8EE677A86EEA77A7B4BBF
:102C50009B6BC3F3080307EE903AF8EE676A97EDB3
:102C6000036ADFED785AC6EE257A76EEA77AF7EE9C
:102C7000006A77EEA67A67EE277AC7ED077A87E0D3
:102C80007B6907EE903AF8EE677ADFED6F6A86EEC1
:102C9000A77A6A4B9B6BC3F3080307EE903AF8EEF2
:102CA000676A97ED036ADFED675AC6EE257A76EE1E
:102CB000A77AF7EE006A77EEA67A67EE277AC7ED75
:102CC000077A65E07B6907EE903AF8EE677ADFED08
:102CD0005F6A86EEA77A594B9B6BC3F3080307EE36
:102CE000903AF8EE676A97ED036ADFED565AC6EE42
:102CF000257A76EEA77AF7EE006A77EEA67A67EE87
:102D0000277AC7ED077A43E07B6907EE903AF8EE41
:102D1000677ADFED4F6A86EEA77A484B9B6BC3F369
:102D2000080307EE903AF8EE676A97ED036ADFED65
:102D3000455AC6EE257A76EEA77AF7EE006A77EE68
:102D4000A67A67EE277AC7ED077A21E07B6907EE5E
:102D5000903AF8EE677ADFED3D6A86EEA77A374B58
:102D60009B6BC3F3080307EE903AF8EE676A97EDA2
:102D7000036ADFED345AC6EE257A76EEA77AF7EECF
:102D8000006A77EEA67A67EE277AC7ED077A00BF6A
:102D90002A4B9B6B5B0A03F07F0307EE903AF8EE39
:102DA000677AB7EE007A37EE877AD7ED076AC6EE14
:102DB000877AFCEEE77A17EE902A7B681A601F4B41
:102DC0009B6B1B0C03F07F0307EE903AF8EE677ADB
:102DD000B7EE007A37EE877AD7ED076AC6EE877AC4
:102DE000FCEEE77A17EE902A7B685A60134B9B6BD8
:102DF0001B0E03F07F0307EE903AF8EE677AB7EE0A
:102E0000007A37EE877AD7ED076AC6EE877AFCEE4E
:102E1000E77A17EE902A7B689A6008E07B680022C8
:102E20001A607B6800225A607B6800229A6000BFAB
:102E30002437BD465DF8047B704700BF004402584C
:102E40000090D003000000460024744C0024744A13
:102E50000024F44A80B489B000AF7860A14B9B6A2B
:102E600003F00303BB619F4B9B6A1B0D03F03F0301
:102E70007B619C4BDB6A1B0A03F001033B61994BAE
:102E80005B6CDB08C3F30C033A6902FB03F307EE48
:102E9000903AF8EE677AC7ED037A7B69002B00F071
:102EA0001181BB69022B00F08380BB69022B00F209
:102EB000A180BB69002B03D0BB69012B56D099E0E0
:102EC000884B1B6803F02003002B2DD0854B1B681B
:102ED000DB0803F00303844A22FA03F3BB60BB68F8
:102EE00007EE903AF8EE676A7B6907EE903AF8EEE3
:102EF000677A86EEA77A7B4B1B6CC3F3080307EE59
:102F0000903AF8EE676A97ED036ADFED785AC6EEFD
:102F1000257A76EEA77AF7EE006A77EEA67A67EE64
:102F2000277AC7ED077A87E07B6907EE903AF8EEDB
:102F3000677ADFED6F6A86EEA77A6A4B1B6CC3F384
:102F4000080307EE903AF8EE676A97ED036ADFED43
:102F5000675AC6EE257A76EEA77AF7EE006A77EE24
:102F6000A67A67EE277AC7ED077A65E07B6907EEF8
:102F7000903AF8EE677ADFED5F6A86EEA77A594BF2
:102F80001B6CC3F3080307EE903AF8EE676A97EDFF
:102F9000036ADFED565AC6EE257A76EEA77AF7EE8B
:102FA000006A77EEA67A67EE277AC7ED077A43E0E4
:102FB0007B6907EE903AF8EE677ADFED4F6A86EEAE
:102FC000A77A484B1B6CC3F3080307EE903AF8EE60
:102FD000676A97ED036ADFED455AC6EE257A76EE0D
:102FE000A77AF7EE006A77EEA67A67EE277AC7ED42
:102FF000077A21E07B6907EE903AF8EE677ADFED19
:103000003D6A86EEA77A374B1B6CC3F3080307EEC5
:10301000903AF8EE676A97ED036ADFED345AC6EE30
:10302000257A76EEA77AF7EE006A77EEA67A67EE53
:10303000277AC7ED077A00BF2A4B1B6C5B0A03F0A7
:103040007F0307EE903AF8EE677AB7EE007A37EE34
:10305000877AD7ED076AC6EE877AFCEEE77A17EE35
:10306000902A7B681A601F4B1B6C1B0C03F07F03BC
:1030700007EE903AF8EE677AB7EE007A37EE877A85
:10308000D7ED076AC6EE877AFCEEE77A17EE902A4C
:103090007B685A60134B1B6C1B0E03F07F0307EE1B
:1030A000903AF8EE677AB7EE007A37EE877AD7ED86
:1030B000076AC6EE877AFCEEE77A17EE902A7B68FD
:1030C0009A6008E07B6800221A607B6800225A60E0
:1030D0007B6800229A6000BF2437BD465DF8047B00
:1030E000704700BF004402580090D0030000004623
:1030F0000024744C0024744A0024F44A80B584B03F
:1031000000AF786039600023FB73534B9B6A03F078
:103110000303032B01D1012399E04F4B1B684E4A57
:1031200023F08063136003F00BFAB86008E003F04B
:1031300007FA0246BB68D31A022B01D9032386E0A3
:10314000454B1B6803F00063002BF0D1424B9B6A98
:1031500023F47C327B681B681B033F4913438B625B
:103160007B685B68013BC3F308027B689B68013B9B
:103170005B029BB21A437B68DB68013B1B0403F4D0
:10318000FE031A437B681B69013B1B0603F0FE43E9
:10319000314913438B63304BDB6A23F0C0027B68F9
:1031A0005B692D491343CB622B4BDB6A23F0200272
:1031B0007B689B6928491343CB62274BDB6A264A0D
:1031C00023F01003D362244BDA6B244B13407A684C
:1031D000D269D20020491343CB631F4BDB6A1E4ADE
:1031E00043F01003D3623B68002B06D11A4BDB6A15
:1031F000194A43F40023D3620FE03B68012B06D148
:10320000154BDB6A144A43F48013D36205E0124B7A
:10321000DB6A114A43F40013D3620F4B1B680E4A5A
:1032200043F08063136003F08BF9B86008E003F0AB
:1032300087F90246BB68D31A022B01D9032306E0A3
:10324000054B1B6803F00063002BF0D0FB7B184696
:103250001037BD4680BD00BF004402580700FFFF85
:1032600080B584B000AF786039600023FB73534BA6
:103270009B6A03F00303032B01D1012399E04F4B19
:103280001B684E4A23F08053136003F059F9B8606D
:1032900008E003F055F90246BB68D31A022B01D9A6
:1032A000032386E0454B1B6803F00053002BF0D14D
:1032B000424B9B6A23F07C727B681B681B053F496D
:1032C00013438B627B685B68013BC3F308027B6836
:1032D0009B68013B5B029BB21A437B68DB68013B46
:1032E0001B0403F4FE031A437B681B69013B1B06A6
:1032F00003F0FE43314913430B64304BDB6A23F484
:1033000040627B685B692D491343CB622B4BDB6AC0
:1033100023F400727B689B6928491343CB62274BD7
:10332000DB6A264A23F48073D362244B5A6C244B05
:1033300013407A68D269D200204913434B641F4B73
:10334000DB6A1E4A43F48073D3623B68002B06D1CC
:103350001A4BDB6A194A43F48003D3620FE03B68DF
:10336000012B06D1154BDB6A144A43F40003D362E8
:1033700005E0124BDB6A114A43F08073D3620F4BB6
:103380001B680E4A43F08053136003F0D9F8B8600D
:1033900008E003F0D5F80246BB68D31A022B01D926
:1033A000032306E0054B1B6803F00053002BF0D00D
:1033B000FB7B18461037BD4680BD00BF0044025855
:1033C0000700FFFF80B489B000AF78603960002348
:1033D000FB61864B7B618CE13B681A680121FB69CC
:1033E00001FA03F313403B613B69002B00F07E813F
:1033F0003B685B6803F00303012B05D03B685B6807
:1034000003F00303022B30D17B689B68BB61FB692F
:103410005B00032202FA03F3DB43BA691340BB618A
:103420003B68DA68FB695B0002FA03F3BA6913438D
:10343000BB617B68BA699A607B685B68BB6101228B
:10344000FB6902FA03F3DB43BA691340BB613B68D3
:103450005B681B0903F00102FB6902FA03F3BA6916
:103460001343BB617B68BA695A603B685B6803F0D1
:103470000303032B17D07B68DB68BB61FB695B0030
:10348000032202FA03F3DB43BA691340BB613B68D2
:103490009A68FB695B0002FA03F3BA691343BB61E4
:1034A0007B68BA69DA603B685B6803F00303022B50
:1034B00023D1FB69DA087B68083253F82230BB61FC
:1034C000FB6903F007039B000F2202FA03F3DB43BF
:1034D000BA691340BB613B681A69FB6903F00703D3
:1034E0009B0002FA03F3BA691343BB61FB69DA0874
:1034F0007B680832B96943F822107B681B68BB619E
:10350000FB695B00032202FA03F3DB43BA69134051
:10351000BB613B685B6803F00302FB695B0002FA76
:1035200003F3BA691343BB617B68BA691A603B68ED
:103530005B6803F44033002B00F0D8802C4BD3F8A9
:10354000F4302B4A43F00203C2F8F430284BD3F88E
:10355000F43003F00203FB60FB68264AFB699B081A
:10356000023352F82330BB61FB6903F003039B0075
:103570000F2202FA03F3DB43BA691340BB617B6895
:103580001D4A93424AD07B681C4A93422BD07B68E9
:103590001B4A934225D07B681A4A93421FD07B680E
:1035A000194A934219D07B68184A934213D07B681A
:1035B000174A93420DD07B68164A934207D07B6826
:1035C000154A934201D1092329E00A2327E0072362
:1035D00025E0062323E0052321E004231FE0032345
:1035E0001DE002231BE0012319E000BF800000580A
:1035F0000044025800040058000002580004025819
:1036000000080258000C025800100258001402581A
:1036100000180258001C0258002402580023FA69BE
:1036200002F0030292009340BA691343BB61384928
:10363000FB699B080233BA6941F823204FF0B0437D
:103640001B68BB613B69DB43BA691340BB613B68E4
:103650005B6803F48013002B03D0BA693B69134302
:10366000BB614FF0B042BB6913604FF0B0435B6881
:10367000BB613B69DB43BA691340BB613B685B6874
:1036800003F40013002B03D0BA693B691343BB61F9
:103690004FF0B042BB6953607B695B68BB613B69BB
:1036A000DB43BA691340BB613B685B6803F40033DA
:1036B000002B03D0BA693B691343BB617B69BA69CC
:1036C0005A607B691B68BB613B69DB43BA69134085
:1036D000BB613B685B6803F48033002B03D0BA699D
:1036E0003B691343BB617B69BA691A60FB690133AB
:1036F000FB613B681A68FB6922FA03F3002B7FF435
:103700006BAE00BF00BF2437BD465DF8047B704739
:103710000004005880B586B000AF786002F010FF5A
:1037200038617B68002B01D1012314E37B681B689F
:10373000664A93424AD07B681B68654A934245D0EB
:103740007B681B68634A934240D07B681B68624A6F
:1037500093423BD07B681B68604A934236D07B68BB
:103760001B685F4A934231D07B681B685D4A934275
:103770002CD07B681B685C4A934227D07B681B680F
:103780005A4A934222D07B681B68594A93421DD003
:103790007B681B68574A934218D07B681B68564A5F
:1037A000934213D07B681B68544A93420ED07B68C7
:1037B0001B68534A934209D07B681B68514A934265
:1037C00004D07B681B68504A934201D1012300E07A
:1037D0000023002B00F03C817B68022283F8352017
:1037E0007B68002283F834207B681B68374A934249
:1037F0004AD07B681B68364A934245D07B681B6879
:10380000344A934240D07B681B68334A93423BD092
:103810007B681B68314A934236D07B681B68304A0C
:10382000934231D07B681B682E4A93422CD07B6830
:103830001B682D4A934227D07B681B682B4A934212
:1038400022D07B681B682A4A93421DD07B681B6884
:10385000284A934218D07B681B68274A934213D0AA
:103860007B681B68254A93420ED07B681B68244AFC
:10387000934209D07B681B68224A934204D07B683C
:103880001B68214A934208D17B681B681A687B68D1
:103890001B6822F001021A6007E07B681B681A6847
:1038A0007B681B6822F001021A602FE002F048FEDC
:1038B00002463B69D31A052B28D97B6820225A651A
:1038C0007B68032283F83520012344E21000024084
:1038D00028000240400002405800024070000240B0
:1038E00088000240A0000240B800024010040240DC
:1038F0002804024040040240580402407004024080
:1039000088040240A0040240B80402407B681B689F
:103910001B6803F00103002BC8D17B681B681B6880
:103920007B617A69844B13407B617B689A687B6812
:10393000DB681A437B681B691A437B685B691A431F
:103940007B689B691A437B68DB691A437B681B6A47
:1039500013437A6913437B617B685B6A042B07D14D
:103960007B68DA6A7B681B6B13437A6913437B615C
:103970007B685B68282B03D97B685B682E2B1FD97B
:103980007B685B683E2B03D97B685B68422B17D949
:103990007B685B68462B03D97B685B68482B0FD933
:1039A0007B685B684E2B03D97B685B68522B07D919
:1039B0007B685B68732B05D97B685B68772B01D8C4
:1039C000012300E00023002B03D07B6943F4801324
:1039D0007B617B681B687A691A607B681B685B691E
:1039E0007B617B6923F007037B617B685B6A7A6993
:1039F00013437B617B685B6A042B17D17B689B6AEE
:103A00007A6913437B617B68DB6A002B0ED0786890
:103A100002F03CFB0346002B08D07B6840225A652D
:103A20007B68012283F83520012394E17B681B68C1
:103A30007A695A61786802F077FA0346BB607B685E
:103A4000DB6D03F01F033F229A40BB689A60CAE017
:103A50007B681B68394A934222D07B681B68384ACE
:103A600093421DD07B681B68364A934218D07B680E
:103A70001B68354A934213D07B681B68334A9342D4
:103A80000ED07B681B68324A934209D07B681B6862
:103A9000304A934204D07B681B682F4A934201D17D
:103AA000012300E00023002B00F094807B681B685A
:103AB000224A934221D07B681B68214A93421CD042
:103AC0007B681B681F4A934217D07B681B681E4A9D
:103AD000934212D07B681B681C4A93420DD07B68CE
:103AE0001B681B4A934208D07B681B68194A9342A3
:103AF00003D07B681B68184A934200BF7B68022290
:103B000083F835207B68002283F834207B681B68AB
:103B10001B687B617A69114B13407B617B689B68F2
:103B2000402B1DD07B689B68802B02D14FF48043D3
:103B300017E0002315E000BF3F8010FE0854025834
:103B40001C540258305402584454025858540258D5
:103B50006C54025880540258945402580F00FEFFCF
:103B600010237A68D268D2081A437B681B69DB0885
:103B70001A437B685B69DB081A437B689B69DB0837
:103B80001A437B68DB69DB081A437B681B6A1B09E5
:103B900013437A6913437B617B681B687A691A60F7
:103BA0007B681B681A466E4B13446E4AA2FB0323C4
:103BB0001B099A007B68DA65786802F0B5F903465C
:103BC000FB607B68DB6D03F01F0301229A40FB68FA
:103BD0005A6008E07B6840225A657B68032283F8BC
:103BE00035200123B7E07B681B685F4A934272D09F
:103BF0007B681B685D4A93426DD07B681B685C4A9A
:103C0000934268D07B681B685A4A934263D07B68B2
:103C10001B68594A93425ED07B681B68574A93429F
:103C200059D07B681B68564A934254D07B681B6806
:103C3000544A93424FD07B681B68534A93424AD000
:103C40007B681B68514A934245D07B681B68504A89
:103C5000934240D07B681B684E4A93423BD07B68BE
:103C60001B684D4A934236D07B681B684B4A93428F
:103C700031D07B681B684A4A93422CD07B681B6812
:103C8000484A934227D07B681B68474A934222D018
:103C90007B681B68454A93421DD07B681B68444A79
:103CA000934218D07B681B68424A934213D07B68CA
:103CB0001B68414A93420ED07B681B683F4A93427F
:103CC00009D07B681B683E4A934204D07B681B681E
:103CD0003C4A934201D1012300E00023002B32D063
:103CE000786802F04FFA7B689B68802B02D17B6872
:103CF00000225A607B685A687B681B6ED2B21A60D9
:103D00007B685B6E7A68926E5A607B685B68002B9A
:103D100010D07B685B68082B0CD8786802F0CCFA6E
:103D20007B68DB6E00221A607B681B6F7A68526FBB
:103D30005A6008E07B680022DA667B6800221A6716
:103D40007B6800225A677B6800225A657B680122E3
:103D500083F83520002318461837BD4680BD00BFC4
:103D6000F8ABFDA7CDCCCCCC10000240280002401F
:103D700040000240580002407000024088000240AB
:103D8000A0000240B8000240100402402804024093
:103D9000400402405804024070040240880402407B
:103DA000A0040240B8040240085402581C540258AF
:103DB0003054025844540258585402586C54025813
:103DC000805402589454025880B586B000AFF86011
:103DD000B9607A603B600023FB75FB68002B01D162
:103DE000012326E2FB6893F83430012B01D1022332
:103DF0001FE2FB68012283F83420FB6893F835301A
:103E0000DBB2012B40F00A82FB68022283F83520E6
:103E1000FB6800225A65FB681B68684A93424AD0D7
:103E2000FB681B68664A934245D0FB681B68654A7D
:103E3000934240D0FB681B68634A93423BD0FB68C7
:103E40001B68624A934236D0FB681B68604A934203
:103E500031D0FB681B685F4A93422CD0FB681B681B
:103E60005D4A934227D0FB681B685C4A934222D08C
:103E7000FB681B685A4A93421DD0FB681B68594A6D
:103E8000934218D0FB681B68574A934213D0FB68D3
:103E90001B68564A93420ED0FB681B68544A9342F3
:103EA00009D0FB681B68534A934204D0FB681B6827
:103EB000514A934208D1FB681B681A68FB681B686B
:103EC00022F001021A6007E0FB681B681A68FB68B1
:103ED0001B6822F001021A603B687A68B968F868CA
:103EE00001F076FEFB681B68344A93424AD0FB68B7
:103EF0001B68334A934245D0FB681B68314A9342A2
:103F000040D0FB681B68304A93423BD0FB681B687B
:103F10002E4A934236D0FB681B682D4A934231D01B
:103F2000FB681B682B4A93422CD0FB681B682A4A0B
:103F3000934227D0FB681B68284A934222D0FB6833
:103F40001B68274A93421DD0FB681B68254A934291
:103F500018D0FB681B68244A934213D0FB681B6887
:103F6000224A93420ED0FB681B68214A934209D033
:103F7000FB681B681F4A934204D0FB681B681E4AFB
:103F8000934201D1012300E00023002B36D0FB68CF
:103F90001B681B6823F01E02FB681B6842F01602B8
:103FA0001A60FB681B6C002B3ED0FB681B681A680C
:103FB000FB681B6842F008021A6035E010000240FE
:103FC00028000240400002405800024070000240B9
:103FD00088000240A0000240B800024010040240E5
:103FE0002804024040040240580402407004024089
:103FF00088040240A0040240B8040240FB681B6829
:104000001B6823F00E02FB681B6842F00A021A606C
:10401000FB681B6C002B07D0FB681B681A68FB68E9
:104020001B6842F004021A60FB681B68834A9342D3
:1040300072D0FB681B68824A93426DD0FB681B6894
:10404000804A934268D0FB681B687F4A934263D0E2
:10405000FB681B687D4A93425ED0FB681B687C4A04
:10406000934259D0FB681B687A4A934254D0FB684C
:104070001B68794A93424FD0FB681B68774A93428A
:104080004AD0FB681B68764A934245D0FB681B68A0
:10409000744A934240D0FB681B68734A93423BD0FA
:1040A000FB681B68714A934236D0FB681B68704AF4
:1040B000934231D0FB681B686E4A93422CD0FB6858
:1040C0001B686D4A934227D0FB681B686B4A93427A
:1040D00022D0FB681B686A4A93421DD0FB681B68AC
:1040E000684A934218D0FB681B68674A934213D012
:1040F000FB681B68654A93420ED0FB681B68644AE4
:10410000934209D0FB681B68624A934204D0FB6863
:104110001B68614A934201D1012300E00023002B78
:104120001AD0FB681B6E1B6803F48033002B07D08A
:10413000FB681B6E1A68FB681B6E42F480721A6083
:10414000FB68DB6E002B07D0FB68DB6E1A68FB6830
:10415000DB6E42F480721A60FB681B68374A934238
:104160004AD0FB681B68364A934245D0FB681B68FF
:10417000344A934240D0FB681B68334A93423BD099
:10418000FB681B68314A934236D0FB681B68304A93
:10419000934231D0FB681B682E4A93422CD0FB68B7
:1041A0001B682D4A934227D0FB681B682B4A934219
:1041B00022D0FB681B682A4A93421DD0FB681B680B
:1041C000284A934218D0FB681B68274A934213D0B1
:1041D000FB681B68254A93420ED0FB681B68244A83
:1041E000934209D0FB681B68224A934204D0FB68C3
:1041F0001B68214A934208D1FB681B681A68FB6858
:104200001B6842F001021A6012E0FB681B681A6822
:10421000FB681B6842F001021A6009E0FB684FF47A
:1042200000625A65FB68002283F834200123FB7585
:10423000FB7D18461837BD4680BD00BF1000024008
:104240002800024040000240580002407000024036
:1042500088000240A0000240B80002401004024062
:104260002804024040040240580402407004024006
:1042700088040240A0040240B804024008540258D6
:104280001C5402583054025844540258585402588E
:104290006C540258805402589454025880B586B029
:1042A00000AF786002F04CF938617B68002B01D1D7
:1042B0000123DCE27B6893F83530DBB2022B08D0B7
:1042C0007B6880225A657B68002283F834200123B2
:1042D000CDE27B681B68764A93424AD07B681B68B4
:1042E000744A934245D07B681B68734A934240D01E
:1042F0007B681B68714A93423BD07B681B68704A9D
:10430000934236D07B681B686E4A934231D07B68FB
:104310001B686D4A93422CD07B681B686B4A9342A2
:1043200027D07B681B686A4A934222D07B681B684F
:10433000684A93421DD07B681B68674A934218D035
:104340007B681B68654A934213D07B681B68644A8C
:1043500093420ED07B681B68624A934209D07B6807
:104360001B68614A934204D07B681B685F4A934292
:1043700001D1012300E00023002B13D07B681B68D0
:104380001A687B681B6822F01E021A607B681B6833
:104390005A697B681B6822F080025A617B681B683F
:1043A0007B610AE07B681B681A687B681B6822F0E7
:1043B0000E021A607B681B687B617B681B683C4A45
:1043C000934272D07B681B683A4A93426DD07B68F7
:1043D0001B68394A934268D07B681B68374A93420E
:1043E00063D07B681B68364A93425ED07B681B684B
:1043F000344A934259D07B681B68334A934254D065
:104400007B681B68314A93424FD07B681B68304AF7
:1044100093424AD07B681B682E4A934245D07B6802
:104420001B682D4A934240D07B681B682B4A9342FD
:104430003BD07B681B682A4A934236D07B681B6856
:10444000284A934231D07B681B68274A93422CD07C
:104450007B681B68254A934227D07B681B68244AE7
:10446000934222D07B681B68224A93421DD07B680E
:104470001B68214A934218D07B681B681F4A9342ED
:1044800013D07B681B681E4A93420ED07B681B6862
:104490001C4A934209D07B681B681B4A934204D094
:1044A0007B681B68194A934232D1012331E000BF77
:1044B0001000024028000240400002405800024024
:1044C0007000024088000240A0000240B800024094
:1044D00010040240280402404004024058040240F4
:1044E0007004024088040240A0040240B804024064
:1044F000085402581C54025830540258445402586C
:10450000585402586C54025880540258945402581B
:104510000023002B07D07B681B6E1A687B681B6E1C
:1045200022F480721A607B681B686D4A93424AD0FD
:104530007B681B686B4A934245D07B681B686A4A5C
:10454000934240D07B681B68684A93423BD07B68AB
:104550001B68674A934236D07B681B68654A934262
:1045600031D07B681B68644A93422CD07B681B68FF
:10457000624A934227D07B681B68614A934222D0EB
:104580007B681B685F4A93421DD07B681B685E4A4C
:10459000934218D07B681B685C4A934213D07B68B7
:1045A0001B685B4A93420ED07B681B68594A934252
:1045B00009D07B681B68584A934204D07B681B680B
:1045C000564A934208D17B681B681A687B681B684F
:1045D00022F001021A6007E07B681B681A687B689A
:1045E0001B6822F001021A6013E001F0A9FF0246E5
:1045F0003B69D31A052B0CD97B6820225A657B684E
:10460000032283F835207B68002283F834200123BD
:104610002DE17B691B6803F00103002BE5D17B686A
:104620001B682F4A93424AD07B681B682D4A9342ED
:1046300045D07B681B682C4A934240D07B681B683E
:104640002A4A93423BD07B681B68294A934236D062
:104650007B681B68274A934231D07B681B68264AD7
:1046600093422CD07B681B68244A934227D07B68F6
:104670001B68234A934222D07B681B68214A9342DD
:104680001DD07B681B68204A934218D07B681B684A
:104690001E4A934213D07B681B681D4A93420ED07A
:1046A0007B681B681B4A934209D07B681B681A4AC7
:1046B000934204D07B681B68184A934201D10123BE
:1046C00000E00023002B2BD07B689B6DBB607B68D8
:1046D000DB6D03F01F033F229A40BB689A602AE01B
:1046E00010000240280002404000024058000240F2
:1046F0007000024088000240A0000240B800024062
:1047000010040240280402404004024058040240C1
:104710007004024088040240A0040240B804024031
:104720007B689B6DFB607B68DB6D03F01F030122E0
:104730009A40FB685A607B681B684F4A934272D06C
:104740007B681B684D4A93426DD07B681B684C4A5E
:10475000934268D07B681B684A4A934263D07B6867
:104760001B68494A93425ED07B681B68474A934264
:1047700059D07B681B68464A934254D07B681B68BB
:10478000444A93424FD07B681B68434A93424AD0C5
:104790007B681B68414A934245D07B681B68404A4E
:1047A000934240D07B681B683E4A93423BD07B6873
:1047B0001B683D4A934236D07B681B683B4A934254
:1047C00031D07B681B683A4A93422CD07B681B68C7
:1047D000384A934227D07B681B68374A934222D0DD
:1047E0007B681B68354A93421DD07B681B68344A3E
:1047F000934218D07B681B68324A934213D07B687F
:104800001B68314A93420ED07B681B682F4A934243
:1048100009D07B681B682E4A934204D07B681B68D2
:104820002C4A934201D1012300E00023002B15D034
:104830007B685B6E7A68926E5A607B68DB6E002BD9
:104840000CD07B68DB6E1A687B68DB6E22F48072AA
:104850001A607B681B6F7A68526F5A607B6801220E
:1048600083F835207B68002283F834200023184623
:104870001837BD4680BD00BF10000240280002402E
:104880004000024058000240700002408800024090
:10489000A0000240B8000240100402402804024078
:1048A0004004024058040240700402408804024060
:1048B000A0040240B8040240085402581C54025894
:1048C0003054025844540258585402586C540258F8
:1048D000805402589454025880B584B000AF786078
:1048E0007B68002B01D1012337E27B6893F83530D8
:1048F000DBB2022B04D07B6880225A6501232CE2B4
:104900007B681B685C4A93424AD07B681B685B4AA1
:10491000934245D07B681B68594A934240D07B68DC
:104920001B68584A93423BD07B681B68564A9342A7
:1049300036D07B681B68554A934231D07B681B6830
:10494000534A93422CD07B681B68524A934227D02B
:104950007B681B68504A934222D07B681B684F4A91
:1049600093421DD07B681B684D4A934218D07B68E8
:104970001B684C4A934213D07B681B684A4A934297
:104980000ED07B681B68494A934209D07B681B683C
:10499000474A934204D07B681B68464A934201D140
:1049A000012300E00023002B00F086807B680422B6
:1049B00083F835207B681B682F4A93424AD07B6876
:1049C0001B682E4A934245D07B681B682C4A934251
:1049D00040D07B681B682B4A93423BD07B681B68A6
:1049E000294A934236D07B681B68284A934231D0CB
:1049F0007B681B68264A93422CD07B681B68254A3B
:104A0000934227D07B681B68234A934222D07B685D
:104A10001B68224A93421DD07B681B68204A934240
:104A200018D07B681B681F4A934213D07B681B68B1
:104A30001D4A93420ED07B681B681C4A934209D0E2
:104A40007B681B681A4A934204D07B681B68194A2A
:104A5000934208D17B681B681A687B681B6822F048
:104A600001021A6078E17B681B681A687B681B6822
:104A700022F001021A606FE110000240280002409B
:104A8000400002405800024070000240880002408E
:104A9000A0000240B8000240100402402804024076
:104AA000400402405804024070040240880402405E
:104AB000A0040240B80402407B681B681A687B6847
:104AC0001B6822F00E021A607B681B686C4A9342D6
:104AD0004AD07B681B686B4A934245D07B681B6851
:104AE000694A934240D07B681B68684A93423BD036
:104AF0007B681B68664A934236D07B681B68654AB0
:104B0000934231D07B681B68634A93422CD07B6808
:104B10001B68624A934227D07B681B68604A9342B5
:104B200022D07B681B685F4A93421DD07B681B685C
:104B30005D4A934218D07B681B685C4A934213D04D
:104B40007B681B685A4A93420ED07B681B68594A9F
:104B5000934209D07B681B68574A934204D07B6814
:104B60001B68564A934208D17B681B681A687B68A9
:104B70001B6822F001021A6007E07B681B681A6854
:104B80007B681B6822F001021A607B681B683C4A44
:104B9000934272D07B681B683A4A93426DD07B681F
:104BA0001B68394A934268D07B681B68374A934236
:104BB00063D07B681B68364A93425ED07B681B6873
:104BC000344A934259D07B681B68334A934254D08D
:104BD0007B681B68314A93424FD07B681B68304A20
:104BE00093424AD07B681B682E4A934245D07B682B
:104BF0001B682D4A934240D07B681B682B4A934226
:104C00003BD07B681B682A4A934236D07B681B687E
:104C1000284A934231D07B681B68274A93422CD0A4
:104C20007B681B68254A934227D07B681B68244A0F
:104C3000934222D07B681B68224A93421DD07B6836
:104C40001B68214A934218D07B681B681F4A934215
:104C500013D07B681B681E4A93420ED07B681B688A
:104C60001C4A934209D07B681B681B4A934204D0BC
:104C70007B681B68194A934232D1012331E000BF9F
:104C8000100002402800024040000240580002404C
:104C90007000024088000240A0000240B8000240BC
:104CA000100402402804024040040240580402401C
:104CB0007004024088040240A0040240B80402408C
:104CC000085402581C540258305402584454025894
:104CD000585402586C540258805402589454025844
:104CE0000023002B28D07B681B6E1A687B681B6E24
:104CF00022F480721A607B689B6DFB607B68DB6DC1
:104D000003F01F0301229A40FB685A607B685B6EC8
:104D10007A68926E5A607B68DB6E002B0CD07B68E1
:104D2000DB6E1A687B68DB6E22F480721A607B6827
:104D30001B6F7A68526F5A607B68012283F83520B6
:104D40007B68002283F834207B681B6D002B03D026
:104D50007B681B6D78689847002318461037BD465E
:104D600080BD00BF80B58AB000AF78600023FB60D3
:104D7000674B1B68674AA2FB03239B0A7B627B6825
:104D80009B6D3B627B689B6DFB613B6A1B68BB61F3
:104D9000FB691B687B617B681B685F4A93424AD052
:104DA0007B681B685D4A934245D07B681B685C4A00
:104DB000934240D07B681B685A4A93423BD07B6841
:104DC0001B68594A934236D07B681B68574A934206
:104DD00031D07B681B68564A93422CD07B681B6895
:104DE000544A934227D07B681B68534A934222D08F
:104DF0007B681B68514A93421DD07B681B68504AF0
:104E0000934218D07B681B684E4A934213D07B684C
:104E10001B684D4A93420ED07B681B684B4A9342F5
:104E200009D07B681B684A4A934204D07B681B68A0
:104E3000484A934201D1012300E00023002B00F0F7
:104E40002B847B68DB6D03F01F0308229A40BB694B
:104E50001340002B00F0A2807B681B682E4A93420F
:104E60004AD07B681B682D4A934245D07B681B68FB
:104E70002B4A934240D07B681B682A4A93423BD01E
:104E80007B681B68284A934236D07B681B68274A98
:104E9000934231D07B681B68254A93422CD07B68B3
:104EA0001B68244A934227D07B681B68224A93429E
:104EB00022D07B681B68214A93421DD07B681B6807
:104EC0001F4A934218D07B681B681E4A934213D036
:104ED0007B681B681C4A93420ED07B681B681B4A88
:104EE000934209D07B681B68194A934204D07B68BF
:104EF0001B68184A93422FD17B681B681B6803F01C
:104F00000403002B14BF01230023DBB22EE000BFFB
:104F100000000020B5814E1B100002402800024016
:104F200040000240580002407000024088000240E9
:104F3000A0000240B80002401004024028040240D1
:104F400040040240580402407004024088040240B9
:104F5000A0040240B80402407B681B681B6803F091
:104F60000803002B14BF01230023DBB2002B15D054
:104F70007B681B681A687B681B6822F004021A6051
:104F80007B68DB6D03F01F0308229A403B6A9A603E
:104F90007B685B6D43F001027B685A657B68DB6D63
:104FA00003F01F03BA6922FA03F303F00103002B95
:104FB0006ED07B681B68694A93424AD07B681B6845
:104FC000674A934245D07B681B68664A934240D04B
:104FD0007B681B68644A93423BD07B681B68634ACA
:104FE000934236D07B681B68614A934231D07B681C
:104FF0001B68604A93422CD07B681B685E4A9342D0
:1050000027D07B681B685D4A934222D07B681B686F
:105010005B4A93421DD07B681B685A4A934218D062
:105020007B681B68584A934213D07B681B68574AB9
:1050300093420ED07B681B68554A934209D07B6827
:105040001B68544A934204D07B681B68524A9342BF
:105050000AD17B681B685B6903F08003002B14BFD7
:1050600001230023DBB203E07B681B681B6800237D
:10507000002B0DD07B68DB6D03F01F0301229A40EB
:105080003B6A9A607B685B6D43F002027B685A65FD
:105090007B68DB6D03F01F0304229A40BB69134059
:1050A000002B00F08F807B681B682C4A93424AD00B
:1050B0007B681B682A4A934245D07B681B68294A53
:1050C000934240D07B681B68274A93423BD07B6861
:1050D0001B68264A934236D07B681B68244A934259
:1050E00031D07B681B68234A93422CD07B681B68B5
:1050F000214A934227D07B681B68204A934222D0E2
:105100007B681B681E4A93421DD07B681B681D4A42
:10511000934218D07B681B681B4A934213D07B686C
:105120001B681A4A93420ED07B681B68184A934248
:1051300009D07B681B68174A934204D07B681B68C0
:10514000154A93422AD17B681B681B6803F002034F
:10515000002B14BF01230023DBB223E01000024028
:105160002800024040000240580002407000024007
:1051700088000240A0000240B80002401004024033
:1051800028040240400402405804024070040240D7
:1051900088040240A0040240B80402407B681B68F7
:1051A0001B680023002B0DD07B68DB6D03F01F0311
:1051B00004229A403B6A9A607B685B6D43F004026C
:1051C0007B685A657B68DB6D03F01F0310229A40F1
:1051D000BB691340002B00F0A6807B681B68854AE2
:1051E00093424AD07B681B68834A934245D07B68D0
:1051F0001B68824A934240D07B681B68804A934276
:105200003BD07B681B687F4A934236D07B681B6823
:105210007D4A934231D07B681B687C4A93422CD0F4
:105220007B681B687A4A934227D07B681B68794A5F
:10523000934222D07B681B68774A93421DD07B68DB
:105240001B68764A934218D07B681B68744A934265
:1052500013D07B681B68734A93420ED07B681B682F
:10526000714A934209D07B681B68704A934204D00C
:105270007B681B686E4A93420AD17B681B681B6877
:1052800003F00803002B14BF01230023DBB209E065
:105290007B681B681B6803F00403002B14BF012309
:1052A0000023DBB2002B3ED07B68DB6D03F01F03D5
:1052B00010229A403B6A9A607B681B681B6803F463
:1052C0008023002B18D07B681B681B6803F4002325
:1052D000002B08D17B681B6C002B24D07B681B6CD7
:1052E000786898471FE07B689B6C002B1BD07B681D
:1052F0009B6C7868984716E07B681B681B6803F412
:105300008073002B07D17B681B681A687B681B6859
:1053100022F008021A607B681B6C002B03D07B68AC
:105320001B6C786898477B68DB6D03F01F032022B5
:105330009A40BB691340002B00F010817B681B680A
:105340002C4A93424AD07B681B682B4A934245D033
:105350007B681B68294A934240D07B681B68284AB7
:1053600093423BD07B681B68264A934236D07B68C9
:105370001B68254A934231D07B681B68234A9342BD
:105380002CD07B681B68224A934227D07B681B681D
:10539000204A934222D07B681B681F4A93421DD04B
:1053A0007B681B681D4A934218D07B681B681C4AA7
:1053B000934213D07B681B681A4A93420ED07B68D5
:1053C0001B68194A934209D07B681B68174A9342AD
:1053D00004D07B681B68164A93422BD17B681B68FC
:1053E0001B6803F01003002B14BF01230023DBB262
:1053F0002AE000BF100002402800024040000240A6
:10540000580002407000024088000240A0000240A4
:10541000B800024010040240280402404004024048
:10542000580402407004024088040240A004024074
:10543000B80402407B681B681B6803F00203002B62
:1054400014BF01230023DBB2002B00F087807B68B0
:10545000DB6D03F01F0320229A403B6A9A607B6851
:1054600093F83530DBB2042B39D17B681B681A689E
:105470007B681B6822F016021A607B681B685A69F9
:105480007B681B6822F080025A617B681B6C002BD2
:1054900003D17B689B6C002B07D07B681B681A6864
:1054A0007B681B6822F008021A607B68DB6D03F0E2
:1054B0001F033F229A403B6A9A607B68012283F86F
:1054C00035207B68002283F834207B681B6D002B1D
:1054D00000F04A837B681B6D7868984744E37B68DB
:1054E0001B681B6803F48023002B18D07B681B68A3
:1054F0001B6803F40023002B08D17B685B6C002B36
:105500002CD07B685B6C7868984727E07B68DB6B06
:10551000002B23D07B68DB6B786898471EE07B68A4
:105520001B681B6803F48073002B0FD17B681B681A
:105530001A687B681B6822F010021A607B680122DF
:1055400083F835207B68002283F834207B68DB6B8E
:10555000002B03D07B68DB6B786898477B685B6DBA
:10556000002B00F006837B685B6D03F00103002BCA
:1055700000F088807B68042283F835207B681B68F4
:105580007A4A93424AD07B681B68794A934245D055
:105590007B681B68774A934240D07B681B68764AD9
:1055A00093423BD07B681B68744A934236D07B6839
:1055B0001B68734A934231D07B681B68714A9342DF
:1055C0002CD07B681B68704A934227D07B681B688D
:1055D0006E4A934222D07B681B686D4A93421DD06D
:1055E0007B681B686B4A934218D07B681B686A4AC9
:1055F000934213D07B681B68684A93420ED07B6845
:105600001B68674A934209D07B681B68654A9342CE
:1056100004D07B681B68644A934208D17B681B688E
:105620001A687B681B6822F001021A6007E07B6839
:105630001B681A687B681B6822F001021A60FB680D
:105640000133FB607A6A9A4207D37B681B681B6848
:1056500003F00103002BF2D100E000BF7B681B6860
:105660001B6803F00103002B04D07B68032283F83E
:10567000352003E07B68012283F835207B68002217
:1056800083F834207B68DB6C002B00F072827B682F
:10569000DB6C786898476CE27B681B68434A9342EE
:1056A00022D07B681B68424A93421DD07B681B68EE
:1056B000404A934218D07B681B683F4A934213D0FC
:1056C0007B681B683D4A93420ED07B681B683C4A4E
:1056D000934209D07B681B683A4A934204D07B68A6
:1056E0001B68394A934201D1012300E00023002BBB
:1056F00000F03F827B681B681B683B617B68DB6D49
:1057000003F01F0304229A407B691340002B00F032
:10571000CD803B6903F00403002B00F0C7807B6859
:10572000DB6D03F01F0304229A40FB695A603B695A
:1057300003F40043002B49D03B6903F48033002B72
:1057400009D17B689B6C002B00F010827B689B6CFE
:10575000786898470AE27B681B6C002B00F0068291
:105760007B681B6C7868984700E200BF100002401D
:1057700028000240400002405800024070000240F1
:1057800088000240A0000240B8000240100402401D
:1057900028040240400402405804024070040240C1
:1057A00088040240A0040240B80402400854025891
:1057B0001C54025830540258445402585854025849
:1057C0006C54025880540258945402583B6903F0B8
:1057D0002003002B60D17B681B687F4A93424AD02C
:1057E0007B681B687D4A934245D07B681B687C4A76
:1057F000934240D07B681B687A4A93423BD07B68D7
:105800001B68794A934236D07B681B68774A93427B
:1058100031D07B681B68764A93422CD07B681B682A
:10582000744A934227D07B681B68734A934222D004
:105830007B681B68714A93421DD07B681B68704A65
:10584000934218D07B681B686E4A934213D07B68E2
:105850001B686D4A93420ED07B681B686B4A93426B
:1058600009D07B681B686A4A934204D07B681B6836
:10587000684A934208D17B681B681A687B681B687A
:1058800022F008021A6007E07B681B681A687B68D0
:105890001B6822F004021A607B681B6C002B00F06E
:1058A00065817B681B6C786898475FE17B68DB6D7E
:1058B00003F01F0302229A407B691340002B00F083
:1058C000C5803B6903F00203002B00F0BF807B68BA
:1058D000DB6D03F01F0302229A40FB695A603B69AB
:1058E00003F40043002B18D03B6903F48033002BF2
:1058F00009D17B685B6C002B00F03A817B685B6CA4
:105900007868984734E17B68DB6B002B00F03081CE
:105910007B68DB6B786898472AE13B6903F02003DA
:10592000002B40F089807B681B682B4A93424AD049
:105930007B681B68294A934245D07B681B68284ACC
:10594000934240D07B681B68264A93423BD07B68D9
:105950001B68254A934236D07B681B68234A9342D2
:1059600031D07B681B68224A93422CD07B681B682D
:10597000204A934227D07B681B681F4A934222D05B
:105980007B681B681D4A93421DD07B681B681C4ABC
:10599000934218D07B681B681A4A934213D07B68E5
:1059A0001B68194A93420ED07B681B68174A9342C2
:1059B00009D07B681B68164A934204D07B681B6839
:1059C000144A934228D17B681B681A687B681B685D
:1059D00022F014021A6027E0100002402800024062
:1059E000400002405800024070000240880002401F
:1059F000A0000240B8000240100402402804024007
:105A000040040240580402407004024088040240EE
:105A1000A0040240B80402407B681B681A687B68D7
:105A20001B6822F00A021A607B68012283F8352085
:105A30007B68002283F834207B68DB6B002B00F04E
:105A400097807B68DB6B7868984791E07B68DB6DBB
:105A500003F01F0308229A407B691340002B00F0DB
:105A600088803B6903F00803002B00F082807B688C
:105A70001B68414A93424AD07B681B683F4A934265
:105A800045D07B681B683E4A934240D07B681B68C8
:105A90003C4A93423BD07B681B683B4A934236D0DA
:105AA0007B681B68394A934231D07B681B68384A4F
:105AB00093422CD07B681B68364A934227D07B6880
:105AC0001B68354A934222D07B681B68334A934255
:105AD0001DD07B681B68324A934218D07B681B68D4
:105AE000304A934213D07B681B682F4A93420ED0F2
:105AF0007B681B682D4A934209D07B681B682C4A3F
:105B0000934204D07B681B682A4A934208D17B6881
:105B10001B681A687B681B6822F01C021A6007E089
:105B20007B681B681A687B681B6822F00E021A608B
:105B30007B68DB6D03F01F0301229A40FB695A600A
:105B40007B6801225A657B68012283F835207B68D7
:105B5000002283F834207B68DB6C002B09D07B6843
:105B6000DB6C7868984704E000BF02E000BF00E00B
:105B700000BF2837BD4680BD10000240280002400B
:105B8000400002405800024070000240880002407D
:105B9000A0000240B8000240100402402804024065
:105BA000400402405804024070040240880402404D
:105BB000A0040240B804024080B483B000AF786013
:105BC0007B685B6D18460C37BD465DF8047B7047FB
:105BD00080B487B000AFF860B9607A603B60FB6862
:105BE0009B6D7B61FB689B6D3B61FB681B687F4A1B
:105BF000934272D0FB681B687D4A93426DD0FB686C
:105C00001B687C4A934268D0FB681B687A4A9342BF
:105C100063D0FB681B68794A93425ED0FB681B68BF
:105C2000774A934259D0FB681B68764A934254D016
:105C3000FB681B68744A93424FD0FB681B68734A29
:105C400093424AD0FB681B68714A934245D0FB6877
:105C50001B68704A934240D0FB681B686E4A9342AF
:105C60003BD0FB681B686D4A934236D0FB681B68CB
:105C70006B4A934231D0FB681B686A4A93422CD02E
:105C8000FB681B68684A934227D0FB681B68674A19
:105C9000934222D0FB681B68654A93421DD0FB6883
:105CA0001B68644A934218D0FB681B68624A93429F
:105CB00013D0FB681B68614A93420ED0FB681B68D7
:105CC0005F4A934209D0FB681B685E4A934204D046
:105CD000FB681B685C4A934201D1012300E000236A
:105CE000002B0DD0FB685B6EFA68926E5A60FB6801
:105CF000DB6E002B04D0FB681B6FFA68526F5A6092
:105D0000FB681B68394A93424AD0FB681B68384AD3
:105D1000934245D0FB681B68364A934240D0FB68EB
:105D20001B68354A93423BD0FB681B68334A934259
:105D300036D0FB681B68324A934231D0FB681B683F
:105D4000304A93422CD0FB681B682F4A934227D0DD
:105D5000FB681B682D4A934222D0FB681B682C4AC3
:105D600093421DD0FB681B682A4A934218D0FB68F7
:105D70001B68294A934213D0FB681B68274A934249
:105D80000ED0FB681B68264A934209D0FB681B684B
:105D9000244A934204D0FB681B68234A934201D1F2
:105DA000012300E00023002B59D0FB68DB6D03F0DA
:105DB0001F033F229A407B699A60FB681B681A6840
:105DC000FB681B6822F480221A60FB681B683A6833
:105DD0005A60FB689B68402B38D1FB681B687A6867
:105DE0009A60FB681B68BA68DA6086E010000240BF
:105DF000280002404000024058000240700002406B
:105E000088000240A0000240B80002401004024096
:105E1000280402404004024058040240700402403A
:105E200088040240A0040240B8040240085402580A
:105E30001C540258305402584454025858540258C2
:105E40006C5402588054025894540258FB681B68E2
:105E5000BA689A60FB681B687A68DA604DE0FB6894
:105E60001B68294A934222D0FB681B68274A934249
:105E70001DD0FB681B68264A934218D0FB681B683C
:105E8000244A934213D0FB681B68234A93420ED0E6
:105E9000FB681B68214A934209D0FB681B68204AB3
:105EA000934204D0FB681B681E4A934201D1012330
:105EB00000E00023002B20D0FB68DB6D03F01F0304
:105EC00001229A403B695A60FB681B683A685A6035
:105ED000FB689B68402B08D1FB681B687A689A6056
:105EE000FB681B68BA68DA6007E0FB681B68BA6881
:105EF0009A60FB681B687A68DA6000BF1C37BD4691
:105F00005DF8047B704700BF085402581C540258C7
:105F10003054025844540258585402586C54025891
:105F2000805402589454025880B485B000AF786011
:105F30007B681B68424A93424AD07B681B68414A8F
:105F4000934245D07B681B683F4A934240D07B68B0
:105F50001B683E4A93423BD07B681B683C4A934295
:105F600036D07B681B683B4A934231D07B681B6804
:105F7000394A93422CD07B681B68384A934227D019
:105F80007B681B68364A934222D07B681B68354A7F
:105F900093421DD07B681B68334A934218D07B68BC
:105FA0001B68324A934213D07B681B68304A934285
:105FB0000ED07B681B682F4A934209D07B681B6810
:105FC0002D4A934204D07B681B682C4A934201D12E
:105FD000012300E00023002B24D07B681B68DBB288
:105FE000103B274AA2FB03231B09FB60FB6803F05D
:105FF0000703244AD35C1A467B68DA65FB68032BE7
:1060000008D97B681B681A461F4B13401A1D7B6812
:106010009A650DE07B681B681A461B4B13407A6833
:10602000936505E07B681B6823F0FF027B689A6537
:106030007B689B6D18461437BD465DF8047B70473E
:106040001000024028000240400002405800024078
:106050007000024088000240A0000240B8000240E8
:106060001004024028040240400402405804024048
:106070007004024088040240A0040240B8040240B8
:10608000ABAAAAAA1C28010800FCFFFF80B485B0B7
:1060900000AF78600023FB737B689B69002B20D1E5
:1060A0007B689B6A032B58D801A252F823F000BFEB
:1060B000C1600008D3600008C16000085B6100088F
:1060C0007B68DB6A03F08073002B48D00123FB73ED
:1060D00045E07B68DB6AB3F1C07F42D10123FB73EB
:1060E0003FE07B689B69B3F5005F23D17B689B6AC7
:1060F000032B38D801A252F823F000BF0D6100082D
:10610000136100080D610008256100080123FB737D
:1061100030E07B68DB6A03F08073002B25D001231D
:10612000FB7322E07B68DB6AB3F1C07F1FD10123E0
:10613000FB731CE07B689B6A022B02D9032B03D004
:1061400018E00123FB7315E07B68DB6A03F08073C2
:10615000002B0ED00123FB730BE000BF0AE000BF51
:1061600008E000BF06E000BF04E000BF02E000BF9F
:1061700000E000BFFB7B18461437BD465DF8047B8A
:10618000704700BF80B485B000AF78607B681B6843
:10619000BB607B681B68384A934222D07B681B68CF
:1061A000364A93421DD07B681B68354A934218D00B
:1061B0007B681B68334A934213D07B681B68324A62
:1061C00093420ED07B681B68304A934209D07B68AB
:1061D0001B682F4A934204D07B681B682D4A934268
:1061E00001D1012300E00023002B1AD07B681B683B
:1061F000DBB2083B284AA2FB03231B09FB60FA68B9
:10620000264B13449B001A467B681A667B68244A17
:106210005A66FB6803F01F0301229A407B689A6666
:1062200024E07B681B68DBB2103B1E4AA2FB032301
:106230001B09FB60BB681C4A934206D8BB681B4A1B
:10624000934202D9FB680833FB60FA68184B134489
:106250009B001A467B681A667B68164A5A66FB687A
:1062600003F01F0301229A407B689A6600BF14372F
:10627000BD465DF8047B7047085402581C54025810
:106280003054025844540258585402586C5402581E
:106290008054025894540258CDCCCCCC00960016B1
:1062A00080580258ABAAAAAAB80402400F040240C0
:1062B000008200108008024080B485B000AF786092
:1062C0007B685B68DBB2FB60FB68002B4AD0FB6835
:1062D000082B47D87B681B68254A934222D07B68ED
:1062E0001B68244A93421DD07B681B68224A934254
:1062F00018D07B681B68214A934213D07B681B68C7
:106300001F4A93420ED07B681B681E4A934209D0F5
:106310007B681B681C4A934204D07B681B681B4A3D
:10632000934201D1012300E00023002B0AD0FA6838
:10633000174B13449B001A467B68DA667B68154A44
:106340001A6709E0FA68144B13449B001A467B68ED
:10635000DA667B68114A1A67FB68013B01229A40A2
:106360007B685A6700BF1437BD465DF8047B7047F1
:10637000085402581C5402583054025844540258CD
:10638000585402586C54025880540258945402587D
:106390003F960016405902583F82001040090240C3
:1063A00080B584B000AF7860194BDB6803F004035C
:1063B000042B0AD0164BDB6803F007037A689A4275
:1063C00001D001231FE000231DE0114BDB6823F007
:1063D00007020F497B681343CB6000F0B1F8F86007
:1063E00009E000F0ADF80246FB68D31AB3F57A7FF6
:1063F00001D9012307E0064B5B6803F40053B3F5B2
:10640000005FEED1002318461037BD4680BD00BFA7
:106410000048025880B400AF054BDB68044A43F0E3
:106420008073D36000BFBD465DF8047B704700BF3A
:106430000048025880B582B000AF0320FAF72CFD67
:10644000FBF7CEFA0246154B9B691B0A03F00F03BC
:106450001349CB5C03F01F0322FA03F37B600F4B5D
:106460009B6903F00F030E4AD35C03F01F037A68A5
:1064700022FA03F30B4A13600B4A7B6813600F2068
:1064800000F014F80346002B01D0012302E0FAF7D4
:10649000A1FB002318460837BD4680BD00440258C2
:1064A0000C280108040000200000002080B582B004
:1064B00000AF7860154B1B78002B01D1012321E040
:1064C000134B1A68114B1B7819464FF47A73B3FBC0
:1064D000F1F3B2FBF3F31846FAF711FD0346002B74
:1064E00001D001230EE07B680F2B0AD800227968C7
:1064F0004FF0FF30FAF7DBFC064A7B68136000239D
:1065000000E0012318460837BD4680BD0C0000207E
:10651000000000200800002080B400AF064B1B786C
:106520001A46064B1B681344044A136000BFBD465D
:106530005DF8047B704700BF0C00002014020020AF
:1065400080B400AF034B1B681846BD465DF8047B62
:10655000704700BF1402002080B584B000AF78609F
:10656000FFF7EEFFB8607B68FB60FB68B3F1FF3FAD
:1065700005D00A4B1B781A46FB681344FB6000BF2A
:10658000FFF7DEFF0246BB68D31AFA689A42F7D8D3
:1065900000BF00BF1037BD4680BD00BF0C0000200B
:1065A00080B582B000AF78607B68002B01D10123F9
:1065B00049E07B6893F83D30DBB2002B06D17B6865
:1065C000002283F83C20786807F0C0FE7B68022236
:1065D00083F83D207B681A687B68043319461046AF
:1065E00000F0FCFA7B68012283F848207B680122D6
:1065F00083F83E207B68012283F83F207B680122DC
:1066000083F840207B68012283F841207B680122C7
:1066100083F842207B68012283F843207B680122B3
:1066200083F844207B68012283F845207B6801229F
:1066300083F846207B68012283F847207B6801228B
:1066400083F83D20002318460837BD4680BD000072
:1066500080B485B000AF78607B6893F83D30DBB2E2
:10666000012B01D001235EE07B68022283F83D20EC
:106670007B681B68DA687B681B6842F00102DA609D
:106680007B681B682B4A93422CD07B681B68B3F154
:10669000804F27D07B681B68274A934222D07B68B3
:1066A0001B68264A93421DD07B681B68244A93428C
:1066B00018D07B681B68234A934213D07B681B6801
:1066C000214A93420ED07B681B68204A934209D02E
:1066D0007B681B681E4A934204D07B681B681D4A76
:1066E000934215D17B681B689A681B4B1340FB6073
:1066F000FB68062B15D0FB68B3F5803F11D07B6893
:106700001B681A687B681B6842F001021A6008E087
:106710007B681B681A687B681B6842F001021A607C
:1067200000E000BF002318461437BD465DF8047B27
:10673000704700BF00000140000400400008004016
:10674000000C0040000401400018004000400140DF
:1067500000E0004000E400400700010080B582B086
:1067600000AF78607B681B681B6903F00203022B93
:1067700022D17B681B68DB6803F00203022B1BD16C
:106780007B681B686FF002021A617B6801221A772E
:106790007B681B689B6903F00303002B03D07868B8
:1067A00000F0FEF905E0786800F0F0F9786800F094
:1067B00001FA7B6800221A777B681B681B6903F06B
:1067C0000403042B22D17B681B68DB6803F00403FD
:1067D000042B1BD17B681B686FF004021A617B6875
:1067E00002221A777B681B689B6903F44073002BB5
:1067F00003D0786800F0D4F905E0786800F0C6F9B5
:10680000786800F0D7F97B6800221A777B681B68EC
:106810001B6903F00803082B22D17B681B68DB6827
:1068200003F00803082B1BD17B681B686FF008027C
:106830001A617B6804221A777B681B68DB6903F0A6
:106840000303002B03D0786800F0AAF905E078680C
:1068500000F09CF9786800F0ADF97B6800221A77A7
:106860007B681B681B6903F01003102B22D17B6827
:106870001B68DB6803F01003102B1BD17B681B68BF
:106880006FF010021A617B6808221A777B681B6818
:10689000DB6903F44073002B03D0786800F080F9C3
:1068A00005E0786800F072F9786800F083F97B6899
:1068B00000221A777B681B681B6903F00103012B18
:1068C0000ED17B681B68DB6803F00103012B07D145
:1068D0007B681B686FF001021A617868FAF76CF840
:1068E0007B681B681B6903F08003802B0ED17B68DB
:1068F0001B68DB6803F08003802B07D17B681B6873
:106900006FF080021A61786800F052FB7B681B68A8
:106910001B6903F48073B3F5807F0ED17B681B681D
:10692000DB6803F08003802B07D17B681B686FF462
:1069300080721A61786800F045FB7B681B681B69F0
:1069400003F04003402B0ED17B681B68DB6803F02B
:106950004003402B07D17B681B686FF040021A612F
:10696000786800F031F97B681B681B6903F020032D
:10697000202B0ED17B681B68DB6803F02003202BE3
:1069800007D17B681B686FF020021A61786800F0FD
:1069900005FB00BF0837BD4680BD000080B584B050
:1069A00000AF786039600023FB737B6893F83C305C
:1069B000012B01D10223DCE07B68012283F83C201B
:1069C0007B68022283F83D207B681B689B68BB6064
:1069D000BA686A4B1340BB60BB6823F47F43BB605B
:1069E0007B681B68BA689A603B681B68644A93427C
:1069F00000F0A980624A934200F2AE80614A93425D
:106A000000F0A1805F4A934200F2A6805E4A934262
:106A100000F099805C4A934200F29E80B3F1101F0F
:106A200000F09180B3F1101F00F29680B3F5801F43
:106A300000F08980B3F5801F00F28E80B3F5005F0F
:106A40003ED0B3F5005F00F28780B3F5805F00F0C1
:106A50008680B3F5805F7FD8702B1AD0702B7BD8DF
:106A6000602B50D0602B77D8502B3CD0502B73D854
:106A7000402B58D0402B6FD8302B64D0302B6BD8A4
:106A8000202B60D0202B67D8002B5CD0102B5AD045
:106A900062E07B6818683B6899683B685A683B68A5
:106AA000DB6800F0BFF97B681B689B68BB60BB6854
:106AB00043F07703BB607B681B68BA689A604FE05D
:106AC0007B6818683B6899683B685A683B68DB6874
:106AD00000F0A8F97B681B689A687B681B6842F421
:106AE00080429A603CE07B6818683B6859683B6864
:106AF000DB681A4600F018F97B681B6850211846BD
:106B000000F072F92CE07B6818683B6859683B68B4
:106B1000DB681A4600F037F97B681B68602118466D
:106B200000F062F91CE07B6818683B6859683B68B4
:106B3000DB681A4600F0F8F87B681B6840211846AD
:106B400000F052F90CE07B681A683B681B68194634
:106B5000104600F049F903E00123FB7300E000BF99
:106B60007B68012283F83D207B68002283F83C206B
:106B7000FB7B18461037BD4680BD00BF88FFCEFFA7
:106B800040001000300010002000100080B483B0DE
:106B900000AF786000BF0C37BD465DF8047B7047DE
:106BA00080B483B000AF786000BF0C37BD465DF89D
:106BB000047B704780B483B000AF786000BF0C37AF
:106BC000BD465DF8047B704780B483B000AF786049
:106BD00000BF0C37BD465DF8047B704780B485B0BC
:106BE00000AF786039607B681B68FB607B68444A53
:106BF000934213D07B68B3F1804F0FD07B68414A3A
:106C000093420BD07B68404A934207D07B683F4A4F
:106C1000934203D07B683E4A934208D1FB6823F03D
:106C20007003FB603B685B68FA681343FB607B683A
:106C3000334A934227D07B68B3F1804F23D07B68DF
:106C4000304A93421FD07B682F4A93421BD07B6807
:106C50002E4A934217D07B682D4A934213D07B680B
:106C60002C4A93420FD07B682B4A93420BD07B680F
:106C70002A4A934207D07B68294A934203D07B6813
:106C8000284A934208D1FB6823F44073FB603B68B9
:106C9000DB68FA681343FB60FB6823F080023B6803
:106CA0005B691343FB607B68FA681A603B689A680B
:106CB0007B68DA623B681A687B689A627B68104A74
:106CC00093420FD07B68124A93420BD07B68114AE3
:106CD000934207D07B68104A934203D07B680F4AE7
:106CE000934203D13B681A697B681A637B6801226F
:106CF0005A6100BF1437BD465DF8047B704700BF82
:106D0000000001400004004000080040000C00406A
:106D1000000401400040014000440140004801409F
:106D200000E0004000E4004080B487B000AFF860AD
:106D3000B9607A60FB681B6A7B61FB681B6A23F0A1
:106D40000102FB681A62FB689B693B613B6923F0A7
:106D5000F0033B617B681B013A6913433B617B692C
:106D600023F00A037B617A69BB6813437B61FB688C
:106D70003A699A61FB687A691A6200BF1C37BD469E
:106D80005DF8047B704780B487B000AFF860B960ED
:106D90007A60FB681B6A23F01002FB681A62FB68CA
:106DA0009B697B61FB681B6A3B617B6923F47043D1
:106DB0007B617B681B037A6913437B613B6923F02A
:106DC000A0033B61BB681B013A6913433B61FB684D
:106DD0007A699A61FB683A691A6200BF1C37BD463E
:106DE0005DF8047B7047000080B485B000AF786028
:106DF00039607B689B68FB60FA68094B1340FB6055
:106E00003A68FB68134343F00703FB607B68FA684A
:106E10009A6000BF1437BD465DF8047B704700BF21
:106E20008FFFCFFF80B487B000AFF860B9607A60A1
:106E30003B60FB689B687B617B6923F47F437B61DC
:106E40003B681A027B681A43BB6813437A69134391
:106E50007B61FB687A699A6000BF1C37BD465DF8AC
:106E6000047B704780B485B000AF786039607B6880
:106E700093F83C30012B01D1022377E07B6801229B
:106E800083F83C207B68022283F83D207B681B68E6
:106E90005B68FB607B681B689B68BB607B681B68EA
:106EA000354A934204D07B681B68344A934208D128
:106EB000FB6823F47003FB603B685B68FA6813436C
:106EC000FB60FB6823F07003FB603B681B68FA689B
:106ED0001343FB607B681B68FA685A607B681B6819
:106EE000254A93422CD07B681B68B3F1804F27D092
:106EF0007B681B68224A934222D07B681B68214A28
:106F000093421DD07B681B681F4A934218D07B6850
:106F10001B681A4A934213D07B681B681B4A934232
:106F20000ED07B681B681A4A934209D07B681B68A5
:106F3000184A934204D07B681B68174A93420CD1CD
:106F4000BB6823F08003BB603B689B68BA6813434F
:106F5000BB607B681B68BA689A607B68012283F813
:106F60003D207B68002283F83C200023184614371C
:106F7000BD465DF8047B70470000014000040140FD
:106F80000004004000080040000C004000180040D1
:106F90000040014000E0004000E4004080B483B0C5
:106FA00000AF786000BF0C37BD465DF8047B7047CA
:106FB00080B483B000AF786000BF0C37BD465DF889
:106FC000047B704780B483B000AF786000BF0C379B
:106FD000BD465DF8047B704780B500AF2E4B2F4A4D
:106FE0001A602D4B00229A602B4B0022DA602A4B4C
:106FF00001221A74284B00225A74274B00229A74DB
:10700000254B0A225A61244B01229A61224B042209
:10701000DA61214B07221A621F4B01225A621E4B72
:1070200001229A621C4B0122DA621B4B01221A6375
:10703000194B00225A63184B01229A63164B012206
:10704000DA63154B20221A64134B04225A64124B44
:1070500020229A64104B0422DA640F4B00221A6536
:107060000D4B04225A650C4B00229A650A4B0022F4
:10707000DA65094B20221A66074B00225A66064B36
:1070800004229A66044800F081F80346002B01D0E0
:10709000F9F78EFB00BF80BD6C02002000A000400D
:1070A00080B5B6B000AF786007F1C40300221A6063
:1070B0005A609A60DA601A6107F11003B422002165
:1070C00018460AF015FA7B681B682D4A934252D184
:1070D0004FF400433B614FF08053BB6707F110034F
:1070E0001846FAF753FE0346002B01D0F9F760FB70
:1070F000244BD3F8EC30234A43F48073C2F8EC30CD
:10710000204BD3F8EC3003F48073FB60FB681D4B1D
:10711000D3F8E0301B4A43F00803C2F8E030194BC3
:10712000D3F8E03003F00803BB60BB680323C7F863
:10713000C4300223C7F8C8300023C7F8CC3000237E
:10714000C7F8D0300923C7F8D43007F1C403194673
:107150000D48FCF737F9002200211320F9F7A7FEAC
:107160001320F9F7BEFE002200211520F9F79FFE3B
:107170001520F9F7B6FE00BFD837BD4680BD00BF69
:1071800000A0004000440258000C025880B598B09E
:1071900000AF7860844A07F10C0311464C22184670
:1071A0000AF098F97B68002B01D10123C6E17B68C6
:1071B0001B687E4A934206D17B681B6803F5807387
:1071C0001A467B685A607B6893F89830DBB2002BD4
:1071D00006D17B68002283F899207868FFF760FF6A
:1071E0007B681B689A697B681B6822F010029A61B1
:1071F000FFF7A6F9F86514E0FFF7A2F90246FB6D68
:10720000D31A0A2B0DD97B68D3F89C3043F00102C6
:107210007B68C3F89C207B68032283F898200123B5
:107220008CE17B681B689B6903F00803082BE3D0A3
:107230007B681B689A697B681B6842F001029A614F
:10724000FFF77EF9F86514E0FFF77AF90246FB6D67
:10725000D31A0A2B0DD97B68D3F89C3043F0010276
:107260007B68C3F89C207B68032283F89820012365
:1072700064E17B681B689B6903F00103002BE3D08A
:107280007B681B689A697B681B6842F002029A61FE
:107290007B681B7C012B08D17B681B689A697B6823
:1072A0001B6822F040029A6107E07B681B689A69BC
:1072B0007B681B6842F040029A617B685B7C012B13
:1072C00008D17B681B689A697B681B6842F480421E
:1072D0009A6107E07B681B689A697B681B6822F4E7
:1072E00080429A617B689B7C012B08D17B681B687C
:1072F0009A697B681B6822F480529A6107E07B6878
:107300001B689A697B681B6842F480529A617B68AB
:107310001B689B6923F440717B689A687B681B68D3
:107320000A439A617B681B689A697B681B6822F034
:10733000A4029A617B681B681A697B681B6822F04B
:1073400010021A617B68DB68012B08D17B681B681F
:107350009A697B681B6842F004029A6130E07B689E
:10736000DB68002B2CD07B68DB68022B20D07B688D
:107370001B689A697B681B6842F080029A617B688F
:107380001B681A697B681B6842F010021A617B68EF
:10739000DB68032B14D17B681B689A697B681B68C8
:1073A00042F020029A610BE07827010800A000401B
:1073B0007B681B689A697B681B6842F020029A61AF
:1073C0007B689B69013B5A067B68DB69013B1B02BA
:1073D0001A437B681B6A013B42EA03017B685B69D5
:1073E000013B1A047B681B680A43DA617B689B686F
:1073F000B3F5407F15D17B689B6A5A1E7B68DB6AB8
:10740000013B1B021A437B681B6B013B1B0142EAD9
:1074100003017B685B6A013B1A047B681B680A43B3
:10742000DA607B681B6E002B0AD07B681B68D3F880
:10743000C0107B685A6E7B681B680A43C3F8C02083
:107440007B68DA6D7B681B6E1344002B11D07B6860
:107450001B68D3F8C83023F007017B689B6E9B0044
:1074600060333B4453F8542C7B681B680A43C3F8D1
:10747000C8207B681B6C002B11D07B681B68D3F87D
:10748000BC3023F007017B685B6C9B0060333B449E
:1074900053F8542C7B681B680A43C3F8BC207B68F4
:1074A0009B6C002B12D07B681B68D3F8BC3023F098
:1074B00070017B68DB6C9B0060333B4453F8543CA9
:1074C0001A017B681B680A43C3F8BC207B681B6DEC
:1074D000002B12D07B681B68D3F8BC3023F4E0612A
:1074E0007B685B6D9B0060333B4453F8543C1A024D
:1074F0007B681B680A43C3F8BC207B681B68114A81
:10750000934207D17B685B689A687B685B6822F06E
:1075100003029A607B680022C3F894207B680022F3
:10752000C3F89C207B68012283F89820786800F0DB
:10753000F9FD034687F85B3097F85B3018466037F3
:10754000BD4680BD00A0004080B487B000AF786029
:1075500039607B6893F89830FB73FB7B012B02D07A
:10756000FB7B022B57D13B681B68002B2BD13B6860
:10757000DB68072B0DD13B681B691A043B68DB698C
:107580001B021A433B689B69134343F060537B61C2
:107590000EE03B689B689A073B68DB68DB061A4392
:1075A0003B681B691B041A433B685B6913437B619F
:1075B0007B68DA6E3B685B689B001344BB60BB680A
:1075C0007A691A6025E03B68DB685A073B681B69EB
:1075D00013437B613B68DB68072B03D13B689B69E6
:1075E0003B6106E03B689B689A073B685B69134315
:1075F0003B617B681A6F3B685B68DB001344BB60D0
:10760000BB687A691A60BB680433BB60BB683A69BF
:107610001A60002308E07B68D3F89C3043F0020234
:107620007B68C3F89C20012318461C37BD465DF8D3
:10763000047B704780B483B000AF78607B6893F8B8
:107640009830DBB2012B11D17B68022283F898209D
:107650007B681B689A697B681B6822F001029A614B
:107660007B680022C3F89C20002308E07B68D3F8E5
:107670009C3043F004027B68C3F89C200123184629
:107680000C37BD465DF8047B704780B586B000AF0F
:10769000F860B9607A60FB6893F89830DBB2022B2F
:1076A00041D1FB681B68D3F8C03003F07C53002B3A
:1076B00009D1FB68D3F89C3043F02002FB68C3F883
:1076C0009C20012338E0FB681B68D3F8C43003F426
:1076D0000013002B09D0FB68D3F89C3043F40072F0
:1076E000FB68C3F89C20012326E0FB681B68D3F8E5
:1076F000C4301B0C03F01F037B617B697A68B96897
:10770000F86800F095FEFB681B6801217A6901FAB0
:1077100002F2C3F8D02001227B699A40FB68C3F8CB
:107720009420002308E0FB68D3F89C3043F0080263
:10773000FB68C3F89C20012318461837BD4680BD5E
:1077400080B48BB000AFF860B9607A603B60002312
:10775000FB61FB6893F89830FB76FB7E022B40F0D0
:107760004B81BB68402B4DD1FB681B68D3F8A03020
:1077700003F4FE03002B09D1FB68D3F89C3043F0DF
:107780002002FB68C3F89C2001233EE1FB681B68D4
:10779000D3F8A43003F07F03002B09D1FB68D3F8A2
:1077A0009C3043F48072FB68C3F89C2001232CE1D9
:1077B000FB681B68D3F8A4301B0E03F00103012BF8
:1077C0000BD1FB681B68D3F8A030DB0F03F001037B
:1077D000B3F1004F01D10123FB61FB681B68D3F8B3
:1077E000A4301B0A03F03F03FA691344FB61FB68F2
:1077F0005A6FFB685B6CF96901FB03F39B00134450
:107800007B6269E0BB68412B4DD1FB681B68D3F8F4
:10781000B03003F4FE03002B09D1FB68D3F89C3091
:1078200043F02002FB68C3F89C200123EDE0FB68D5
:107830001B68D3F8B43003F07F03002B09D1FB6839
:10784000D3F89C3043F48072FB68C3F89C2001237A
:10785000DBE0FB681B68D3F8B4301B0E03F00103B8
:10786000012B0BD1FB681B68D3F8B030DB0F03F0A2
:107870000103B3F1004F01D10123FB61FB681B68D9
:10788000D3F8B4301B0A03F03F03FA691344FB61D9
:10789000FB689A6FFB68DB6CF96901FB03F39B00E3
:1078A00013447B6218E0FB681B6DBA689A4209D3E7
:1078B000FB68D3F89C3043F02002FB68C3F89C209F
:1078C0000123A2E0FB68DA6FFB685B6DB96801FB1E
:1078D00003F39B0013447B627B6A1B6803F08042C6
:1078E0007B685A607B685B68002B07D17B6A1B68EA
:1078F0009B0CC3F30A027B681A6005E07B6A1B6875
:1079000023F060427B681A607B6A1B6803F00052B8
:107910007B689A607B6A1B6803F000427B681A618F
:107920007B6A04337B627B6A1B689AB27B68DA618C
:107930007B6A1B6803F470227B68DA607B6A1B68D1
:1079400003F480127B685A617B6A1B6803F400129F
:107950007B689A617B6A1B681B0E03F07F027B6861
:107960001A627B6A1B68DA0F7B685A627B6A04338F
:107970007B627B6A7B6100233B620AE07A693B6A37
:107980001A4439683B6A0B4412781A703B6A013317
:107990003B627B68DB681B0C1F4AD35C1A463B6A60
:1079A0009342EBD3BB68402B05D1FB681B68FA6997
:1079B000C3F8A8201EE0BB68412B05D1FB681B68FB
:1079C000FA69C3F8B82015E0BB681F2B08D8FB681C
:1079D0001B680121BA6801FA02F2C3F8982009E095
:1079E000BB6803F01F02FB681B68012101FA02F269
:1079F000C3F89C20002308E0FB68D3F89C3043F0D8
:107A00000802FB68C3F89C20012318462C37BD46AA
:107A10005DF8047B704700BF2428010880B487B05C
:107A200000AFF860B9607A60FB6893F89830FB7536
:107A3000FB7D012B02D0FB7D022B55D1FB681B681F
:107A40009A6DBB681340002B08D1FB681B68DA6D88
:107A5000FB681B6842F00102DA6514E0FB681B68F2
:107A60009A6DBB681340BA689A4208D1FB681B68DC
:107A7000DA6DFB681B6842F00202DA6503E0FB681E
:107A80001B680322DA65BB6803F40073002B09D07E
:107A9000FB681B68D3F8E010FB681B687A680A4330
:107AA000C3F8E020BB6803F48063002B09D0FB68B7
:107AB0001B68D3F8E410FB681B687A680A43C3F8B4
:107AC000E420FB681B68596DBA680F4B1340FA68D5
:107AD00012680B4353650D4B5A69BB689B0F0B49EA
:107AE00013434B61002308E0FB68D3F89C3043F05C
:107AF0000202FB68C3F89C20012318461C37BD46D0
:107B00005DF8047B704700BFFFFFCF3F00A8004037
:107B100080B596B000AF78609A4B1B699B077B6578
:107B2000984B5B699B077A6D13407B657B681B688C
:107B30001B6D03F470433B657B681B685B6D3A6D9E
:107B400013403B657B681B681B6D03F00F03FB64F0
:107B50007B681B685B6DFA6C1340FB647B681B6879
:107B60001B6D03F0F003BB647B681B685B6DBA6C34
:107B70001340BB647B681B681B6D03F071537B640F
:107B80007B681B685B6D7A6C13407B647B681B6849
:107B90001B6D03F060733B647B681B685B6D3A6C24
:107BA00013403B647B681B685B6DFB637B681B68F1
:107BB0001B6DBB63FB6B1B0A03F00103002B10D092
:107BC000BB6B1B0A03F00103002B0AD07B681B6808
:107BD0004FF480721A656B4B00221A61786800F0CE
:107BE00054FAFB6B9B0A03F00103002B1DD0BB6B07
:107BF0009B0A03F00103002B17D07B681B68D3F8A6
:107C0000DC307B637B681B68D3F8E4307A6B13400D
:107C10007B637B681B684FF480621A65594B0022B6
:107C20001A61796B786800F007FA7B6D002B0DD034
:107C30007B681A68796D544B0B401365514A7B6D14
:107C40009B0F1361796D786800F0C0F93B6D002BD4
:107C50000DD07B681A68396D4B4B0B401365494A50
:107C60003B6D9B0F1361396D786800F0BAF9FB6CBE
:107C7000002B0DD07B681A68F96C434B0B401365E1
:107C8000404AFB6C9B0F1361F96C7868F8F734FE7F
:107C9000BB6C002B0DD07B681A68B96C3A4B0B405B
:107CA0001365384ABB6C9B0F1361B96C786800F0A0
:107CB000A3F9FB6BDB0A03F00103002B10D0BB6BB5
:107CC000DB0A03F00103002B0AD07B681B684FF42A
:107CD00000621A652B4B00221A61786800F097F950
:107CE000FB6B5B0A03F00103002B1DD0BB6B5B0A2F
:107CF00003F00103002B17D07B681B68D3F8D83042
:107D00003B637B681B68D3F8E0303A6B13403B63FE
:107D10007B681B684FF400721A651A4B00221A61C7
:107D2000396B786800F07DF9FB6BDB0C03F0010325
:107D3000002B10D0BB6BDB0C03F00103002B0AD02F
:107D40007B681B684FF400221A650E4B00221A61F3
:107D5000786800F07CF9FB6B1B0C03F00103002B2F
:107D600016D0BB6B1B0C03F00103002B10D07B68FB
:107D70001B684FF480321A65024B00221A61786842
:107D800004E000BF00A80040FFFFCF3F00F069F90A
:107D9000FB6B9B0C03F00103002B10D0BB6B9B0C07
:107DA00003F00103002B0AD07B681B684FF480228C
:107DB0001A65834B00221A61786800F05CF9FB6B4E
:107DC0005B0C03F00103002B15D0BB6B5B0C03F0C5
:107DD0000103002B0FD07B681B684FF400321A653B
:107DE000774B00221A617B68D3F89C3043F0800205
:107DF0007B68C3F89C203B6C002B0DD07B681A6815
:107E0000396C704B0B4013656D4A3B6C9B0F1361D3
:107E1000396C786800F04DF97B6C002B11D07B68D1
:107E20001A68796C674B0B401365654A7B6C9B0F36
:107E300013617B68D3F89C207B6C1A437B68C3F882
:107E40009C207B681B68604A934240F0AC807B6852
:107E50005B689B6803F00303002B00F0A4807B6841
:107E60005B681B6A03F00F03FB627B685B685B6AFD
:107E7000FA6A1340FB627B685B681B6A03F030039D
:107E8000BB627B685B685B6ABA6A1340BB627B68F3
:107E90005B681B6A03F4C0737B627B685B685B6A28
:107EA0007A6A13407B627B685B681B6A03F4FC435D
:107EB0003B627B685B685B6A3A6A13403B627B6843
:107EC0005B681B6A03F4F023FB617B685B685B6A99
:107ED000FA691340FB617B685B685B6ABB617B6826
:107EE0005B681B6A7B61FB6A002B07D07B685B6861
:107EF000FA6A1A62F96A786800F0E6F8BB6A002B41
:107F000007D07B685B68BA6A1A62B96A786800F061
:107F1000E6F8BB699B0903F00103002B1AD07B69CB
:107F20009B0903F00103002B14D07B685B68DB6BBB
:107F30001B0C9BB23B617B685B68DB6B03F03F0310
:107F4000FB607B685B6840221A62FA68396978686E
:107F500000F0D0F87B6A002B07D07B685B687A6AF8
:107F60001A62796A786800F0D1F83B6A002B0BD06E
:107F70007B685B683A6A1A627B68D3F89C203B6A2C
:107F80001A437B68C3F89C20FB69002B0BD07B68ED
:107F90005B68FA691A627B68D3F89C20FB691A4314
:107FA0007B68C3F89C207B68D3F89C30002B02D000
:107FB000786800F074F800BF5837BD4680BD00BF38
:107FC00000A80040FFFFCF3F00A0004080B483B076
:107FD00000AF7860396000BF0C37BD465DF8047BA8
:107FE000704780B483B000AF7860396000BF0C3751
:107FF000BD465DF8047B704780B483B000AF786005
:10800000396000BF0C37BD465DF8047B704780B413
:1080100083B000AF786000BF0C37BD465DF8047BCD
:10802000704780B483B000AF7860396000BF0C3710
:10803000BD465DF8047B704780B483B000AF7860C4
:10804000396000BF0C37BD465DF8047B704780B4D3
:1080500083B000AF786000BF0C37BD465DF8047B8D
:10806000704780B483B000AF786000BF0C37BD4666
:108070005DF8047B704780B483B000AF786000BFC8
:108080000C37BD465DF8047B704780B483B000AF09
:10809000786000BF0C37BD465DF8047B704780B444
:1080A00083B000AF786000BF0C37BD465DF8047B3D
:1080B000704780B483B000AF7860396000BF0C3780
:1080C000BD465DF8047B704780B483B000AF786034
:1080D000396000BF0C37BD465DF8047B704780B443
:1080E00083B000AF7860396000BF0C37BD465DF8E3
:1080F000047B704780B485B000AFF860B9607A60E7
:1081000000BF1437BD465DF8047B704780B483B070
:1081100000AF7860396000BF0C37BD465DF8047B66
:108120007047000080B485B000AF78607B685B6BFF
:10813000BB607B681B68D3F88420A74B1340BA68E8
:1081400091007A6812680B43C2F884307B681B6820
:10815000D3F8843023F47F017B689B6B1A047B681F
:108160001B680A43C3F884207B689B6BBA6813447E
:10817000BB607B681B68D3F88820974B1340BA68B4
:1081800091007A6812680B43C2F888307B681B68DC
:10819000D3F8883023F4FE017B68DB6B1A047B681C
:1081A0001B680A43C3F888207B68DB6B5B00BA68F6
:1081B0001344BB607B681B68D3F8A020864B134038
:1081C000BA6891007A6812680B43C2F8A0307B68E5
:1081D0001B68D3F8A03023F4FE017B681B6C1A04E3
:1081E0007B681B680A43C3F8A0207B681B6C7A6815
:1081F000526C02FB03F3BA681344BB607B681B68D4
:10820000D3F8B020744B1340BA6891007A681268B2
:108210000B43C2F8B0307B681B68D3F8B03023F44E
:10822000FE017B689B6C1A047B681B680A43C3F8D9
:10823000B0207B689B6C7A68D26C02FB03F3BA684F
:108240001344BB607B681B68D3F8AC20624B1340BF
:10825000BA6891007A6812680B43C2F8AC307B6848
:108260001B6D7A68526D02FB03F3BA681344BB605E
:108270007B681B68D3F8F020574B1340BA68910015
:108280007A6812680B43C2F8F0307B681B68D3F839
:10829000F03023F47C117B689B6D1A047B681B68AB
:1082A0000A43C3F8F0207B689B6D5B00BA681344F7
:1082B000BB607B681B68D3F8C020474B1340BA688B
:1082C00091007A6812680B43C2F8C0307B681B6863
:1082D000D3F8C03023F47C117B68DB6D1A047B6813
:1082E0001B680A43C3F8C0207B681B68D3F8C03002
:1082F00023F07C517B681B6E1A067B681B680A435F
:10830000C3F8C0207B685A6B344B13449A007B68D7
:10831000DA667B68DA6E7B689B6B9B001A447B682D
:108320001A677B681A6F7B68DB6BDB001A447B681B
:108330005A677B685A6F7B681B6C7968496C01FBD4
:1083400003F39B001A447B689A677B689A6F7B688B
:108350009B6C7968C96C01FB03F39B001A447B6832
:10836000DA677B68DA6F7B681B6D7968496D01FBA2
:1083700003F39B001A447B68C3F880207B68D3F822
:1083800080207B689B6DDB001A447B68C3F88420E7
:108390007B68D3F884207B68DB6D7968896E01FB8C
:1083A00003F39B001A447B68C3F888207B68D3F8EA
:1083B00088207B681B6E7968896E01FB03F39B0044
:1083C0001A447B68C3F890207B68D3F89030044A45
:1083D000934215D906E000BF0300FFFF002B0010F9
:1083E000FCD300407B68D3F89C3043F020027B68CC
:1083F000C3F89C207B68032283F89820012310E0B7
:108400007B68DB6EFB6005E0FB6800221A60FB689E
:108410000433FB607B68D3F89030FA689A42F3D358
:10842000002318461437BD465DF8047B704700BF33
:1084300080B489B000AFF860B9607A603B60BB6817
:108440005B68002B0AD1BB681A69BB689B681A433A
:10845000BB681B689B041343FB610AE0BB681A6995
:10846000BB689B681A43BB681B68134343F0804397
:10847000FB61BB681B6A1A06BB68DB691A43BB68F1
:108480009B691A43BB685B691A43BB68DB6813438B
:108490003B61FB68D3F88420FB689B6E396801FB65
:1084A00003F39B001344BB61BB69FA691A60BB69A3
:1084B0000433BB61BB693A691A60BB690433BB61B1
:1084C00000237B6120E07B6903337A6813441B78C7
:1084D0001A067B69023379680B441B781B041A4324
:1084E0007B69013379680B441B781B02134379685D
:1084F0007A690A4412781A43BB691A60BB6904336B
:10850000BB617B6904337B61BB68DB681B0C064A7B
:10851000D35C1A467B699342D5D300BF00BF243792
:10852000BD465DF8047B70472428010880B58AB0F9
:1085300000AF78600023BB600023FB6002233B6137
:1085400001237B610023BB610023FB6107F108036A
:1085500019467868FEF7F8FF0346002B0CBF01238D
:108560000023DBB218462837BD4680BD80B582B0F7
:1085700000AF0346FB80FB88054A1360054A0449A7
:108580000548FFF782F800BF18460837BD4680BD92
:10859000180200200C0300206C02002080B582B07D
:1085A00000AF0346FB71124B2B221A70104B402276
:1085B0005A700F4B60229A700D4B0022DA700C4BF0
:1085C00007221A710A4B00225A71094B00229A7134
:1085D000074B0022DA71FB799BB203F5C0639BB2B3
:1085E0001846FFF7C3FF00BF0837BD4680BD00BF78
:1085F0000C03002080B582B000AF0346FB71124B24
:108600002B221A70104B00225A700F4B21229A70A5
:108610000D4B0022DA700C4B00221A710A4B00221B
:108620005A71094B00229A71074B0022DA71FB79CB
:108630009BB203F5C0639BB21846FFF797FF00BFDC
:108640000837BD4680BD00BF0C03002080B582B056
:1086500000AF0346FB71124B2B221A70104B002205
:108660005A700F4B31229A700D4B0022DA700C4B6E
:1086700000221A710A4B00225A71094B00229A718A
:10868000074B0022DA71FB799BB203F5C0639BB202
:108690001846FFF76BFF00BF0837BD4680BD00BF1F
:1086A0000C03002080B582B000AF03463960FB8028
:1086B000FB88054A13603A6803490448FEF7E5FF62
:1086C00000BF0837BD4680BD180200206C020020A4
:1086D00080B582B000AF0346FB71FB799BB20449C1
:1086E0001846FFF7DFFF00BF0837BD4680BD00BF5B
:1086F0001000002080B483B000AF0023FB711BE0AA
:10870000FB79124A9B00134493ED007AFB79104ADF
:108710009B001344D3ED006A0E4BD3ED007A76EE46
:10872000E77AFB7977EE677A0B4A9B001344C3ED37
:10873000007AFB790133FB71FB79032BE0D900BF91
:1087400000BF0C37BD465DF8047B7047C4030020B2
:108750002400002020000020D403002080B483B037
:1087600000AF034687ED000AFB710B4B93ED007AD7
:10877000FB790A4A9B001344D3ED007AD7ED006AD7
:1087800076EEE77A77EE677AB0EE670A0C37BD4689
:108790005DF8047B704700BF20000020C403002068
:1087A00080B582B000AF3220FDF7D6FE0023FB710A
:1087B00008E0FB79174AD35C1846FFF7EFFEFB7918
:1087C0000133FB71FB79032BF3D90320FFF712FF71
:1087D0000420FFF73BFF0120FFF70CFF0220FFF70B
:1087E00035FF3220FDF7B8FE0023BB7108E0BB79EE
:1087F000094AD35C1846FFF76BFFBB790133BB71A5
:10880000BB79032BF3D93220FDF7A6FE00BF083752
:10881000BD4680BD1C0000201800002000000000A4
:1088200080B592B000AF87ED030AC7ED020A87ED6D
:10883000011A002387F84730FBE097F84720844966
:1088400013469B0013449B000B440433D3ED007A82
:1088500097F84730B0EE670A1846FFF77FFF87EDBD
:10886000100AD7ED107AB7EEE77AB0EE470B08F0B2
:1088700087FEB0EE407BF7EEC77BC7ED0F7AD7EDF2
:10888000107AB7EEE77AB0EE470B08F039FEB0EE9B
:10889000407BF7EEC77BC7ED0E7A97F847306D4AFD
:1088A0009B00134493ED007A6B4BD3ED007A27EED7
:1088B000277A6A4BD3ED006AD7ED0E7A66EEA77A77
:1088C00037EE677A664BD3ED006AD7ED0F7A66EE26
:1088D000A77A77EE277AC7ED0D7A97F84730614A85
:1088E0009B00134493ED007A5F4BD3ED007A27EEA3
:1088F000277A5A4BD3ED006AD7ED0F7A66EEA77A46
:1089000037EE677A564BD3ED006AD7ED0E7A66EEF6
:10891000A77A77EE677AC7ED0C7AD7ED0C7AF1EE8D
:10892000677A97ED017A67EE277AC7ED0B7A97EDB4
:108930000D7AD7ED017A67EE277AC7ED0A7A97EDBF
:10894000037AD7ED0B7A77EE277AC7ED097A97EDA0
:10895000027AD7ED0A7A77EE277AC7ED087AD7ED53
:10896000097A27EEA77AD7ED087A67EEA77A77EE2D
:10897000277AB7EEE77AB0EE470B08F045FEB0EE87
:10898000407BF7EEC77BC7ED077AD7ED087AB7EEE5
:10899000E77AD7ED096AB7EEE66AB0EE461BB0EEAD
:1089A000470B08F02DFEB0EE407BF7EEC77BC7ED1E
:1089B000067AD7ED067AF5EEC07AF1EE10FA04D514
:1089C000D7ED077AF1EE677A01E0D7ED077AC7EDC8
:1089D000057AD7ED067AF5EEC07AF1EE10FA0AD5EF
:1089E000D7ED067AB7EEE77A9FED176B37EE067B89
:1089F000F7EEC77B01E0D7ED067AC7ED047A97F86A
:108A000047301A4AD35C1A46D7ED057AFDEEE77A6D
:108A100017EE901A164B43F8221097F84730154A74
:108A20009B0013443A691A6097F84730013387F87E
:108A3000473097F84730032B7FF6FFAEFFF75AFE1B
:108A400000BF4837BD4680BD182D4454FB21094066
:108A5000740300203C00002034000020F4030020B8
:108A6000F80300204C000020380000205C000020AB
:108A7000E40300202400002080B500AF0122134948
:108A8000134803F047FC0346002B01D0F7F790FE94
:108A900010490F4803F06EFC0346002B01D0F7F796
:108AA00087FE0D490A4805F027FB0346002B01D03D
:108AB000F7F77EFE064803F093FC0346002B01D037
:108AC000F7F776FEFDF7A6FC00BF80BD6000002032
:108AD000FC030020D0000020B000002080B483B050
:108AE00000AF03463960FB713B6812221A80034BCA
:108AF00018460C37BD465DF8047B70477C000020AB
:108B000080B483B000AF03463960FB713B68042238
:108B10001A80034B18460C37BD465DF8047B70473E
:108B20009000002080B582B000AF03463960FB7131
:108B3000FB79002B05D13A680749084804F0FCFD91
:108B400004E03A680449054804F0F6FD024B184673
:108B50000837BD4680BD00BFD8060020C4270108E5
:108B600080B582B000AF03463960FB713A680449B2
:108B7000044804F0E1FD024B18460837BD4680BDAD
:108B8000D8060020DC27010880B582B000AF03467C
:108B90003960FB713B681A221A8000F043F8024BDF
:108BA00018460837BD4680BD9400002080B582B0CD
:108BB00000AF03463960FB71FB79002B05D13A68A1
:108BC0000749084804F0B8FD04E03A68044905483C
:108BD00004F0B2FD024B18460837BD4680BD00BF09
:108BE000D8060020F027010880B582B000AF034608
:108BF0003960FB71FB79002B05D13A6807490848B9
:108C000004F09AFD04E03A680449054804F094FD34
:108C1000024B18460837BD4680BD00BFD80600206D
:108C2000FC27010880B584B000AF0F4B1B68FB60C8
:108C30000E4B1B68BB600E4B1B687B60FA687B6841
:108C40001344FB60FB68002B09D008220949F8682F
:108C500000F014F804220849B86800F00FF800BFCB
:108C60001037BD4680BD00BF00E8F11F04E8F11FCA
:108C700008E8F11F96000020A600002080B487B00D
:108C800000AFF860B9601346FB710023FB75002349
:108C9000FB7527E0FB681B0F092B0BD8FB681B0F2C
:108CA000DAB2FB7D5B001946BB680B443032D2B2AE
:108CB0001A700AE0FB681B0FDAB2FB7D5B001946F5
:108CC000BB680B443732D2B21A70FB681B01FB60E1
:108CD000FB7D5B000133BA68134400221A70FB7DF0
:108CE0000133FB75FA7DFB799A42D3D300BF00BFF5
:108CF0001C37BD465DF8047B7047000080B500AFAF
:108D000000220549054805F011FA0549034805F018
:108D10002FFA0023184680BDD8100020FC03002045
:108D2000D808002080B400AF00231846BD465DF887
:108D3000047B704780B483B000AF03463960FB7199
:108D40001346BB80FB79232B4AD801A252F823F0AB
:108D5000E18D0008E18D0008E18D0008E18D00083B
:108D6000E18D0008E18D0008E18D0008E18D00082B
:108D7000E18D0008E18D0008E18D0008E18D00081B
:108D8000E18D0008E18D0008E18D0008E18D00080B
:108D9000E18D0008E18D0008E18D0008E18D0008FB
:108DA000E18D0008E18D0008E18D0008E18D0008EB
:108DB000E18D0008E18D0008E18D0008E18D0008DB
:108DC000E18D0008E18D0008E18D0008E18D0008CB
:108DD000E18D0008E18D0008E18D0008E18D0008BB
:108DE00000BF002318460C37BD465DF8047B704772
:108DF00080B582B000AF786039603B681B689BB279
:108E00001946786800F00EF87968054805F0B0F961
:108E1000034805F011FA002318460837BD4680BD07
:108E2000FC03002080B584B000AF78600B467B80E7
:108E30000023FB730D4BD3F8BC32BB60BB68D3F887
:108E40001432002B01D001230BE07B881A4679688D
:108E5000064805F06BF9054805F0A8F90346FB73D1
:108E6000FB7B18461037BD4680BD00BFFC030020C9
:108E700080B487B000AFF860B9601346FB7100237F
:108E8000FB7597F9173018461C37BD465DF8047B13
:108E90007047000080B5B0B000AF786007F10C03F8
:108EA000B4220021184608F023FB7B681B68184A8F
:108EB000934229D14FF48023FB604FF44013C7F84D
:108EC0008C3007F10C031846F8F760FF0346002BBF
:108ED00001D0F7F76DFCFDF79DFA0E4BD3F8D830B3
:108EE0000C4A43F00073C2F8D8300A4BD3F8D8309C
:108EF00003F00073BB60BB68002200214D20F7F730
:108F0000D6FF4D20F7F7EDFF00BFC037BD4680BD4F
:108F1000000004400044025880B582B000AF786081
:108F20007B68D3F808257B6803F2C44319461046D2
:108F300003F0A3FA00BF0837BD4680BD80B582B0FC
:108F400000AF78600B46FB707B68D3F80805FA78B1
:108F500079681346DB0013449B000B4403F523732D
:108F60001A68FB78194603F0DDFA00BF0837BD46E2
:108F700080BD80B582B000AF78600B46FB707B6827
:108F8000D3F80805FA7879681346DB0013449B0090
:108F90000B444C331A68FB78194603F076FB00BF8C
:108FA0000837BD4680BD80B582B000AF78607B6871
:108FB000D3F80835184603F0AAFC00BF0837BD46B1
:108FC00080BD80B584B000AF78600123FB737B68FF
:108FD000DB68002B02D10023FB7308E07B68DB68B1
:108FE000022B02D10123FB7301E0F7F7E1FB7B6861
:108FF000D3F80835FA7B1146184603F04AFC7B6823
:10900000D3F80835184603F0F2FB00BF1037BD4611
:1090100080BD000080B582B000AF78607B68D3F877
:109020000835184603F045FC7B681B6803F5606350
:109030001B687A68126802F5606243F001031360EE
:109040007B681B6A002B05D0044B1B69034A43F065
:109050000603136100BF0837BD4680BD00ED00E088
:1090600080B582B000AF78607B68D3F808351846C9
:1090700003F035FC00BF0837BD4680BD80B582B027
:1090800000AF78600B46FB707B68D3F80835FA7840
:109090001146184603F08DFC00BF0837BD4680BD61
:1090A00080B582B000AF78600B46FB707B68D3F868
:1090B0000835FA781146184603F049FC00BF083716
:1090C000BD4680BD80B582B000AF78607B68D3F8C4
:1090D0000835184603F09FFC00BF0837BD4680BD29
:1090E00080B582B000AF78607B68D3F80835184649
:1090F00003F09CFC00BF0837BD4680BD80B582B040
:1091000000AF78607B681B78012B40D1224A7B68D6
:10911000C2F808357B68204AC3F8C8221E4B1F4A94
:109120001A601D4B09225A601B4B0222DA601A4B4F
:1091300000221A61184B02229A61174B0022DA6151
:10914000154B00221A62144B00225A62124B002265
:10915000DA62114B00221A630F4B00225A630E4849
:1091600000F0A0F90346002B01D0F7F721FB4FF4E4
:109170000071094801F02BFC80220021064801F013
:10918000DFFB4FF4BA720121034801F0D9FB002341
:1091900018460837BD4680BDD8180020000004409E
:1091A00080B584B000AF78600023FB730023BB73ED
:1091B0007B68D3F8C832184600F098FA0346FB7370
:1091C000FB7B184600F042F90346BB73BB7B184695
:1091D0001037BD4680BD80B584B000AF78600846CA
:1091E00011461A460346FB700B46BB7013463B8084
:1091F0000023FB730023BB737B68D3F8C802BB78E2
:109200003A88F97800F096FF0346FB73FB7B18461B
:1092100000F01CF90346BB73BB7B18461037BD46F4
:1092200080BD80B584B000AF78600B46FB70002332
:10923000FB730023BB737B68D3F8C832FA781146FE
:10924000184600F0DFFF0346FB73FB7B184600F077
:10925000FDF80346BB73BB7B18461037BD4680BD87
:1092600080B584B000AF78600B46FB700023FB73C1
:109270000023BB737B68D3F8C832FA7811461846CE
:1092800001F0B7F80346FB73FB7B184600F0DEF8ED
:109290000346BB73BB7B18461037BD4680BD80B507
:1092A00084B000AF78600B46FB700023FB73002393
:1092B000BB737B68D3F8C832FA781146184601F0C0
:1092C000FCF80346FB73FB7B184600F0BFF803462F
:1092D000BB73BB7B18461037BD4680BD80B485B0DC
:1092E00000AF78600B46FB707B68D3F8C832FB6038
:1092F00097F90330002B0BDAFB7803F07F02F96853
:109300001346DB0013449B000B443E331B780BE0F9
:10931000FB7803F07F02F9681346DB0013449B00DF
:109320000B4403F27E231B7818461437BD465DF8C4
:10933000047B704780B584B000AF78600B46FB704B
:109340000023FB730023BB737B68D3F8C832FA7821
:109350001146184600F0C9FE0346FB73FB7B184616
:1093600000F074F80346BB73BB7B18461037BD464C
:1093700080BD80B586B000AFF8607A603B600B4678
:10938000FB720023FB750023BB75FB68D3F8C80292
:10939000F97A3B687A6800F0E2FF0346FB75FB7DD3
:1093A000184600F053F80346BB75BB7D18461837C6
:1093B000BD4680BD80B586B000AFF8607A603B6086
:1093C0000B46FB720023FB750023BB75FB68D3F8CB
:1093D000C802F97A3B687A6800F05EFF0346FB75C5
:1093E000FB7D184600F032F80346BB75BB7D18467E
:1093F0001837BD4680BD80B582B000AF78600B469F
:10940000FB707B68D3F8C832FA781146184600F032
:109410008EFF034618460837BD4680BD80B483B032
:1094200000AF7860034B18460C37BD465DF8047BEF
:10943000704700BFE41D002080B483B000AF7860A7
:1094400000BF0C37BD465DF8047B704780B485B023
:1094500000AF0346FB710023FB73FB79032B17D886
:1094600001A252F823F000BF799400087F9400080D
:10947000859400088B9400080023FB730BE0032302
:10948000FB7308E00123FB7305E00323FB7302E099
:109490000323FB7300BFFB7B18461437BD465DF802
:1094A000047B7047F0B58FB00AAF78607B68002B03
:1094B00001D1012316E17B681B68BB607B6893F8D0
:1094C000BD34DBB2002B06D17B68002283F8BC24BC
:1094D0007868FFF7DFFC7B68032283F8BD24BB6854
:1094E000DB6B03F48073002B02D17B6800221A61CE
:1094F0007B681B68184601F0CCFB7B681B683B60EF
:109500007E686D4606F110040FCC0FC50FCC0FC559
:1095100094E8030085E80300331D0ECB386801F0A2
:1095200097FA0346002B05D07B68022283F8BD24FE
:109530000123D7E07B681B680021184601F0BAFBC5
:109540000023FB734AE0FA7B79681346DB0013447F
:109550009B000B443D3301221A70FA7B7968134655
:10956000DB0013449B000B443C33FA7B1A70FA7BFC
:10957000FB7B98B279681346DB0013449B000B44D5
:10958000443302461A80FA7B79681346DB001344A1
:109590009B000B44403300221A70FA7B7968134613
:1095A000DB0013449B000B44483300221A60FA7B13
:1095B00079681346DB0013449B000B444C330022B4
:1095C0001A60FA7B79681346DB0013449B000B4456
:1095D000543300221A60FB7B0133FB73FA7B7B68F8
:1095E0005B689A42AFD30023FB7344E0FA7B79684F
:1095F0001346DB0013449B000B4403F27D2300223F
:109600001A70FA7B79681346DB0013449B000B4405
:1096100003F51F73FA7B1A70FA7B79681346DB0037
:1096200013449B000B4403F5207300221A70FA7B4D
:1096300079681346DB0013449B000B4403F5227347
:1096400000221A60FA7B79681346DB0013449B0002
:109650000B4403F5237300221A60FA7B79681346E2
:10966000DB0013449B000B4403F5257300221A60B2
:10967000FB7B0133FB73FA7B7B685B689A42B5D353
:109680007B681B683B607E686D4606F110040FCC5A
:109690000FC50FCC0FC594E8030085E80300331D08
:1096A0000ECB386801F052FB0346002B05D07B68D7
:1096B000022283F8BD24012314E07B68002283F892
:1096C00038207B68012283F8BD247B685B6A012B0C
:1096D00002D1786801F08CF97B681B68184602F0AB
:1096E000A0FC002318461437BD46F0BD80B584B0F9
:1096F00000AF78607B681B68FB607B6893F8BC34C4
:10970000012B01D1022320E07B68012283F8BC24D5
:109710007B689B6A012B09D17B689B69012B05D073
:10972000FB689B6B43F48032FB689A637B681B6821
:10973000184601F09DFA7B681B68184602F050FC41
:109740007B68002283F8BC24002318461037BD46EE
:1097500080BD90B58DB000AF78607B681B683B62C0
:109760003B6AFB617B681B68184602F00EFD0346EE
:10977000002B40F0B7847B681B68184602F072FC2F
:109780000346002B00F0AD84FB6903F500639B6882
:109790001B0AC3F30D027B68C3F8FC247B681B68BB
:1097A000184602F05FFC034603F00203022B07D1C8
:1097B0007B681B685A697B681B6802F002025A6169
:1097C0007B681B68184602F04DFC034603F010034B
:1097D000102B61D17B681B689A697B681B6822F03B
:1097E00010029A613B6A1B6ABB61BB6903F00F02FE
:1097F0001346DB0013449B0003F51E737A68134481
:1098000004337B61BB695B0C03F00F03022B24D193
:10981000BA6947F6F0731340002B35D07B6919699C
:10982000BB691B099BB2C3F30A039BB21A46386A91
:1098300002F084FA7B691A69BB691B09C3F30A0346
:109840001A447B691A617B691A6ABB691B09C3F3F5
:109850000A031A447B691A6216E0BB695B0C03F0C9
:109860000F03062B10D17B6803F2C443082219466C
:10987000386A02F063FA7B691A6ABB691B09C3F391
:109880000A031A447B691A627B681B689A697B68C1
:109890001B6842F010029A617B681B68184602F050
:1098A000E1FB034603F40023B3F5002F40F0A7804B
:1098B00000237B627B681B68184602F0E6FBB862F7
:1098C00099E0BB6A03F00103002B00F08E807B68F7
:1098D0001B687A6AD2B21146184602F00AFC386157
:1098E0003B6903F00103002B0CD07B6A5A01FB6932
:1098F000134403F530631A4601239360796A78684C
:1099000000F0F0FE3B6903F00803002B0CD07B6AEB
:109910005A01FB69134403F530631A460823936028
:10992000796A786800F0C6FF3B6903F01003002BEA
:1099300008D07B6A5A01FB69134403F530631A4669
:10994000102393603B6903F00203002B30D03B6A85
:109950005B6903F08003802B09D1FB6903F5006389
:109960005B68FA6902F5006243F4806353607A6AC7
:109970001346DB0013449B0003F51E737A681344FF
:1099800004337B617B69DB78012B08D17B69002282
:10999000DA707B6ADBB219467868FFF76FFB7B6A87
:1099A0005A01FB69134403F530631A46022393609E
:1099B0003B6903F02003002B08D07B6A5A01FB6946
:1099C000134403F530631A46202393603B6903F484
:1099D0000053002B09D07B6A5A01FB69134403F53D
:1099E00030631A464FF4005393607B6A01337B6205
:1099F000BB6A5B08BB62BB6A002B7FF462AF7B680B
:109A00001B68184602F02EFB034603F48023B3F5CF
:109A1000802F40F0DB807B681B68184602F04FFB0C
:109A2000B86200237B62CDE0BB6A03F00103002B28
:109A300000F0C2807B681B687A6AD2B21146184671
:109A400002F075FB38613B6903F00103002B57D02E
:109A50007B6A03F00F03012202FA03F3FB60FB6948
:109A600003F500635A6BFB68DB43F96901F500619C
:109A700013404B637B6A5A01FB69134403F510637F
:109A80001A46012393607B681B69012B32D17968E8
:109A90007A6A1346DB0013449B000B444C3319686D
:109AA00078687A6A1346DB0013449B00034448330A
:109AB0001B68194478687A6A1346DB0013449B00DC
:109AC00003444C3319607B6A002B13D179687A6A9E
:109AD0001346DB0013449B000B4454331B68002BDC
:109AE00008D17B6818687B6803F2C4431A460121D9
:109AF00002F07EFB7B6ADBB219467868FFF739FA21
:109B00003B6903F00803002B08D07B6A5A01FB690C
:109B1000134403F510631A46082393603B6903F06E
:109B20001003002B08D07B6A5A01FB69134403F52C
:109B300010631A46102393603B6903F04003002B27
:109B400008D07B6A5A01FB69134403F510631A4677
:109B5000402393603B6903F00203002B23D0796A12
:109B6000386A01F051FA7A6A1346DB0013449B000D
:109B700038337A68134404337B617B69DB78012BCB
:109B800008D17B690022DA707B6ADBB219467868FB
:109B9000FFF786FA7B6A5A01FB69134403F51063E9
:109BA0001A46022393603B6903F08003002B03D025
:109BB000796A786800F008FD7B6A01337B62BB6AD2
:109BC0005B08BB62BB6A002B7FF42EAF7B681B680F
:109BD000184602F047FA034603F00043B3F1004F82
:109BE00022D1FB6903F500635B68FA6902F5006244
:109BF00023F0010353607B6893F8F434012B08D100
:109C00007B68002283F8F4240021786800F014FFB8
:109C100002E07868FFF724FA7B681B685A697B6862
:109C20001B6802F000425A617B681B68184602F00C
:109C300019FA034603F40063B3F5006F12D1FB6910
:109C400003F500639B6803F00103012B02D17868E0
:109C5000FFF7E0F97B681B685A697B681B6802F4B0
:109C600000625A617B681B68184602F0FBF90346E4
:109C700003F00063B3F1006F21D17B681B685A6960
:109C80007B681B6802F000625A617B6893F8F434C9
:109C9000002B11D17B68012283F8F4247B681B68B8
:109CA0005B6D9B0803F00F027B68C3F8F824012169
:109CB000786800F0C1FE02E07868FFF7ABF97B68D6
:109CC0001B68184602F0CEF9034603F48053B3F53F
:109CD000805F40F0B780FB6903F500635B68FA6959
:109CE00002F5006223F0010353607B681B681021BA
:109CF000184601F089F90023FB6246E0FB6A5A012D
:109D0000FB69134403F510631A464FF67F339360E3
:109D1000FB6A5A01FB69134403F510631B68FA6A76
:109D20005101FA690A4402F5106223F4001313602A
:109D3000FB6A5A01FB69134403F530631A464FF678
:109D40007F339360FB6A5A01FB69134403F5306368
:109D50001B68FA6A5101FA690A4402F5306223F479
:109D600000131360FB6A5A01FB69134403F5306367
:109D70001B68FA6A5101FA690A4402F5306243F03D
:109D800000631360FB6A0133FB627B685B68FA6AFD
:109D90009A42B3D3FB6903F50063DB69FA6902F504
:109DA000006243F00113D3617B681B6B002B16D05C
:109DB000FB6903F50063D3F88430FA6902F50062A9
:109DC00043F00B03C2F88430FB6903F500635B6C5E
:109DD000FA6902F5006243F00B03536415E0FB6976
:109DE00003F500635A69FB6903F50063194642F203
:109DF0002B0313434B61FB6903F500631B69FA698D
:109E000002F5006243F00B031361FB6903F5006385
:109E10001B68FA6902F5006223F4FE6313607B6835
:109E200018687B681B69D9B27B6803F2C4431A4681
:109E300002F0DEF97B681B685A697B681B6802F4D4
:109E400080525A617B681B68184602F00BF9034682
:109E500003F40053B3F5005F24D17B681B681846F8
:109E600002F0A2F97B681B68184601F04AF9034624
:109E70001A467B68DA607B681C68F7F72BFF01469F
:109E80007B68DB68DBB21A46204600F04FFE78683C
:109E9000FFF797F87B681B685A697B681B6802F4B8
:109EA00000525A617B681B68184602F0DBF80346D3
:109EB00003F00803082B0AD17868FFF774F87B6871
:109EC0001B685A697B681B6802F008025A617B684C
:109ED0001B68184602F0C6F8034603F08003802B87
:109EE00022D13B6A9B6923F080023B6A9A6101237D
:109EF0007B6214E079687A6A1346DB0013449B00A6
:109F00000B4403F27F231B78012B05D17B6ADBB264
:109F10001946786800F027FB7B6A01337B627B6817
:109F20005B687A6A9A42E5D37B681B68184602F040
:109F300099F8034603F48013B3F5801F3BD1012346
:109F40007B622BE07B6A5A01FB69134403F51063C3
:109F50001B68BB6179687A6A1346DB0013449B0077
:109F60000B4440331B78012B15D1BB69002B12DA4F
:109F700079687A6A1346DB0013449B000B443F3335
:109F800001221A707B6ADBB263F07F03DBB21946F1
:109F9000786800F0E8FA7B6A01337B627B685B6873
:109FA0007A6A9A42CED37B681B685A697B681B68C1
:109FB00002F480125A617B681B68184602F052F85E
:109FC000034603F40013B3F5001F55D101237B6250
:109FD00045E07B6A5A01FB69134403F530631B6853
:109FE000BB6179687A6A1346DB0013449B000B441B
:109FF00003F520731B78012B2ED1BB69002B2BDAC4
:10A00000BB6903F480327B68D3F8FC3403F00103AE
:10A010009A4221D179687A6A1346DB0013449B0087
:10A020000B4403F27F2301221A703B6A9B6943F0C1
:10A0300080023B6A9A613B6A5B6903F08003002BF4
:10A040000AD1FB6903F500635B68FA6902F50062F7
:10A0500043F40073536007E07B6A01337B627B68E3
:10A060005B687A6A9A42B4D37B681B685A697B68DA
:10A070001B6802F400125A617B681B68184601F0E5
:10A08000F1FF034603F08043B3F1804F0AD17868B3
:10A09000FFF718F87B681B685A697B681B6802F039
:10A0A00080425A617B681B68184601F0DBFF03465B
:10A0B00003F00403042B15D17B681B685B68BB614C
:10A0C000BB6903F00403002B02D07868FFF708F89F
:10A0D0007B681B6859687B681B68BA690A435A60C9
:10A0E00000E000BF3437BD4690BD80B582B000AF00
:10A0F00078600B46FB707B6893F8BC34012B01D170
:10A10000022313E07B68012283F8BC247B68FA7881
:10A1100083F838207B681B68FA781146184601F0EE
:10A1200039FF7B68002283F8BC24002318460837D7
:10A13000BD4680BD80B584B000AF7860084611464A
:10A140001A460346FB700B463B801346BB70002348
:10A15000FB7297F90330002B0FDAFB7803F00F0244
:10A160001346DB0013449B0038337A6813440433EE
:10A17000FB60FB6801225A700FE0FB7803F00F02CE
:10A180001346DB0013449B0003F51E737A681344E7
:10A190000433FB60FB6800225A70FB7803F00F0366
:10A1A000DAB2FB681A703A88FB68DA60FB68BA7842
:10A1B0001A71FB685B78002B04D0FB681B789AB29D
:10A1C000FB681A81BB78022B02D1FB6800225A710E
:10A1D0007B6893F8BC34012B01D102230EE07B682D
:10A1E000012283F8BC247B681B68F968184600F0DC
:10A1F000ADFF7B68002283F8BC24FB7A1846103739
:10A20000BD4680BD80B584B000AF78600B46FB7062
:10A2100097F90330002B0FDAFB7803F00F02134697
:10A22000DB0013449B0038337A6813440433FB602B
:10A23000FB6801225A700FE0FB7803F00F0213460F
:10A24000DB0013449B0003F51E737A681344043348
:10A25000FB60FB6800225A70FB7803F00F03DAB250
:10A26000FB681A707B6893F8BC34012B01D1022380
:10A270000EE07B68012283F8BC247B681B68F968C8
:10A28000184600F0EBFF7B68002283F8BC24002313
:10A2900018461037BD4680BD80B586B000AFF86067
:10A2A0007A603B600B46FB72FB7A03F00F021346A9
:10A2B000DB0013449B0003F51E73FA681344043358
:10A2C0007B617B697A681A617B693A689A617B690C
:10A2D00000221A627B6900225A70FB7A03F00F0396
:10A2E000DAB27B691A70FB681B69012B02D17A68AC
:10A2F0007B695A61FB7A03F00F03002B09D1FB68DD
:10A300001868FB681B69DBB21A46796901F0D2FA5A
:10A3100008E0FB681868FB681B69DBB21A467969BC
:10A3200001F078F8002318461837BD4680BD80B488
:10A3300083B000AF78600B46FB70FB7803F00F0230
:10A3400079681346DB0013449B000B4403F5277325
:10A350001B6818460C37BD465DF8047B704780B516
:10A3600086B000AFF8607A603B600B46FB72FB7A08
:10A3700003F00F021346DB0013449B003833FA68E6
:10A38000134404337B617B697A681A617B693A689C
:10A390009A617B6900221A627B6901225A70FB7AFA
:10A3A00003F00F03DAB27B691A70FB681B69012B9B
:10A3B00002D17A687B695A61FB7A03F00F03002BA4
:10A3C00009D1FB681868FB681B69DBB21A4679691A
:10A3D00001F070FA08E0FB681868FB681B69DBB2E3
:10A3E0001A46796901F016F8002318461837BD4659
:10A3F00080BD80B584B000AF78600B46FB70FB7801
:10A4000003F00F027B685B689A4201D9012350E098
:10A4100097F90330002B0FDAFB7803F00F02134695
:10A42000DB0013449B0038337A6813440433FB6029
:10A43000FB6801225A700DE0FA781346DB001344E2
:10A440009B0003F51E737A6813440433FB60FB68BA
:10A4500000225A70FB6801229A70FB7803F00F0308
:10A46000DAB2FB681A707B6893F8BC34012B01D117
:10A4700002231EE07B68012283F8BC247B681B68F2
:10A48000F968184601F0B2FCFB7803F00F03002BCB
:10A490000AD17B6818687B681B69D9B27B6803F2B4
:10A4A000C4431A4601F0A4FE7B68002283F8BC2452
:10A4B000002318461037BD4680BD80B584B000AF7C
:10A4C00078600B46FB70FB7803F00F027B685B68DB
:10A4D0009A4201D9012342E097F90330002B0FDAA9
:10A4E000FB7803F00F021346DB0013449B00383364
:10A4F0007A6813440433FB60FB6801225A700FE052
:10A50000FB7803F00F021346DB0013449B0003F5B6
:10A510001E737A6813440433FB60FB6800225A7090
:10A52000FB6800229A70FB7803F00F03DAB2FB6835
:10A530001A707B6893F8BC34012B01D102230EE022
:10A540007B68012283F8BC247B681B68F968184685
:10A5500001F0BAFC7B68002283F8BC240023184673
:10A560001037BD4680BD80B584B000AF78600B4623
:10A57000FB7097F90330002B0CDAFB7803F00F0225
:10A580001346DB0013449B0038337A6813440433CA
:10A59000FB600CE0FB7803F00F021346DB00134472
:10A5A0009B0003F51E737A6813440433FB607B68D9
:10A5B0001B68F968184601F0D9FA0346FB72FB7A6A
:10A5C00018461037BD4680BD80B58AB002AF7860AE
:10A5D00039607B681B687B617B693B613A68134625
:10A5E000DB0013449B0038337A6813440433FB6068
:10A5F000FB681A6AFB689B699A4201D901236CE0E7
:10A60000FB689A69FB681B6AD31AFB61FB68DB680D
:10A61000FA699A4202D9FB68DB68FB61FB69033384
:10A620009B08BB612BE0FB689A69FB681B6AD31A25
:10A63000FB61FB68DB68FA699A4202D9FB68DB6858
:10A64000FB61FB6903339B08BB61FB6819693B68CD
:10A65000DAB2FB6998B27B681B69DBB200930346F0
:10A66000786901F02DFBFB681A69FB691A44FB68E5
:10A670001A61FB681A6AFB691A44FB681A623B6834
:10A680005A013B69134403F510639B699BB2BA6995
:10A690009A4209D8FB681A6AFB689B699A4203D2FE
:10A6A000FB689B69002BBED1FB689A69FB681B6A3B
:10A6B0009A4211D83B6803F00F03012202FA03F318
:10A6C000BB603B6903F500635A6BBB68DB433969C8
:10A6D00001F5006113404B63002318462037BD4647
:10A6E00080BD000080B588B000AF786039607B68BD
:10A6F0001B68FB61FB69BB61FB693C3304331B686E
:10A700007B613B685A01BB69134403F530639B6866
:10A710003B617B681B69012B7BD13B6903F008031C
:10A72000002B15D07B69614A934240F2B9803B69A6
:10A7300003F40043002B00F0B3803B685A01BB696F
:10A74000134403F530631A464FF400439360A7E0C7
:10A750003B6903F02003002B09D03B685A01BB6919
:10A76000134403F530631A462023936098E03B6955
:10A7700003F02803002B40F093807B694B4A9342FF
:10A780000FD93B6903F40043002B0AD03B685A0100
:10A79000BB69134403F530631A464FF400439360DA
:10A7A0007EE03A681346DB0013449B0003F51E73FA
:10A7B0007A6813440433FB60FB68DA693B6859012B
:10A7C000BB690B4403F530631B69C3F31203D21A50
:10A7D000FB681A623B68002B14D1FB689B69002B55
:10A7E00009D17B6818687B6803F2C4431A460121CB
:10A7F00001F0FEFC06E0FB681A69FB681B6A1A445C
:10A80000FB681A613B68DBB219467868FEF796FB75
:10A8100046E07B69264A934224D13B6903F4004316
:10A82000002B0AD03B685A01BB69134403F530631F
:10A830001A464FF40043936032E03B6903F0200373
:10A84000002B08D03B685A01BB69134403F5306301
:10A850001A46202393603B68DBB219467868FEF7FE
:10A860006DFB1DE03B68002B14D179683A681346F4
:10A87000DB0013449B000B4403F525731B68002B7E
:10A8800008D17B6818687B6803F2C4431A4600212C
:10A8900001F0AEFC3B68DBB219467868FEF74EFB70
:10A8A000002318462037BD4680BD00BF0A30544FF4
:10A8B0000A31544F80B586B000AF786039607B684C
:10A8C0001B687B617B693B617B693C3304331B689C
:10A8D000FB603B685A013B69134403F530639B6896
:10A8E000BB60FB68154A93420ED9BB6803F4004372
:10A8F000002B09D03B685A013B69134403F53063D0
:10A900001A464FF4004393607868FEF705FBFB6836
:10A910000A4A93420CD97B681B69012B08D17B68DA
:10A9200018687B6803F2C4431A46012101F060FCF9
:10A93000002318461837BD4680BD00BF0A30544F6B
:10A9400080B485B000AF78600B46FB7013463B8047
:10A950007B681B685B6ABB60FB78002B07D13B8878
:10A9600019047B681B68BA680A439A6228E07B680E
:10A970001B689B6A1B0CBA681344BB600023FB7303
:10A980000DE07B681A68FB7B40339B0013445B68D7
:10A990001B0CBA681344BB60FB7B0133FB73FA7B6F
:10A9A000FB78013B9A42ECD33B8818047B6819681A
:10A9B000FB78013BBA68024340339B000B445A606A
:10A9C000002318461437BD465DF8047B704780B4F9
:10A9D00083B000AF78600B467B807B681B687A8809
:10A9E0005A62002318460C37BD465DF8047B704759
:10A9F00080B485B000AF78607B681B68FB607B68C3
:10AA00000122C3F800257B68002283F8F424FB6848
:10AA10009B6943F00062FB689A61FB685A6D054BC5
:10AA20001343FA685365002318461437BD465DF892
:10AA3000047B70470300001080B483B000AF7860DF
:10AA40000B46FB7000BF0C37BD465DF8047B7047BA
:10AA500084B080B584B000AF786007F11C0080E856
:10AA60000E003B6B012B20D17B689B6B23F4803263
:10AA70007B689A637B68DA682A4B13407A68D360F4
:10AA80007B68DB6823F440127B68DA60FB6C012B87
:10AA900005D17B68DB6843F480127B68DA607868F4
:10AAA00001F004FC0346FB731AE07B68DB6843F0AB
:10AAB00040027B68DA60786801F0F8FB0346FB73BC
:10AAC0003B6C002B06D17B689B6B43F480327B6828
:10AAD0009A6305E07B689B6B23F480327B689A6302
:10AAE000BB6A012B16D17B68DB6D9AB27B68DA6595
:10AAF0007B68DA6D0C4B13437A68D3657B689B687F
:10AB000043F006027B689A607B689B6843F02002F2
:10AB10007B689A60FB7B18461037BD46BDE88040D5
:10AB200004B07047BFFFBDFF0000EE0380B487B0E4
:10AB300000AFF860B9601346FB71FB79022B65D159
:10AB4000BB68414A934206D9BB68404A934202D24D
:10AB50000F237B6162E0BB683C4A934206D3BB682B
:10AB60003B4A934202D20E237B6157E0BB68384ACE
:10AB7000934206D3BB68374A934202D20D237B61CE
:10AB80004CE0BB68334A934206D3BB68324A9342D7
:10AB900002D80C237B6141E0BB682F4A934206D95F
:10ABA000BB682E4A934202D80B237B6136E0BB6818
:10ABB0002A4A934206D9BB68294A934202D80A23FB
:10ABC0007B612BE0BB68264A934206D9BB68254AC5
:10ABD000934202D209237B6120E0BB68214A934261
:10ABE00006D3BB68204A934202D808237B6115E054
:10ABF000BB681D4A934206D9BB681C4A934202D2E5
:10AC000007237B610AE006237B6107E0FB79002BC9
:10AC100002D109237B6101E009237B61FB68DB68CA
:10AC200023F47052FB68DA60FB68DA687B699B0288
:10AC300003F470531A43FB68DA60002318461C378C
:10AC4000BD465DF8047B7047BFACD800C0E1E400AE
:10AC50000024F400807306019F491A01FF2C310182
:10AC60003FA44C0100366E011FABA6010048E8016D
:10AC700080B483B000AF78607B689B6843F00102CA
:10AC80007B689A60002318460C37BD465DF8047B4C
:10AC9000704780B483B000AF78607B689B6823F016
:10ACA00001027B689A60002318460C37BD465DF8A8
:10ACB000047B704780B584B000AF78600B46FB70B2
:10ACC0000023FB607B68DB6823F0C0427B68DA60AE
:10ACD000FB78012B15D17B68DB6843F000527B6861
:10ACE000DA600120FBF738FCFB680133FB60786811
:10ACF00001F04BFA0346012B1ED0FB68312BF0D933
:10AD00001AE0FB78002B15D17B68DB6843F08042AA
:10AD10007B68DA600120FBF71FFCFB680133FB60F6
:10AD2000786801F032FA0346002B05D0FB68312B1E
:10AD3000F0D901E0012305E0FB68322B01D10123AA
:10AD400000E0002318461037BD4680BD84B080B5B2
:10AD500086B000AF786007F1240080E80E00002381
:10AD6000FB757B68FB6000233B6109E07A683B6907
:10AD700040339B00134400225A603B6901333B611E
:10AD80003B690E2BF2D9FB6C002B1CD1FB6803F541
:10AD900000635B68FA6802F5006243F002035360E7
:10ADA0007B689B6B23F400127B689A637B681B684B
:10ADB00043F040027B681A607B681B6843F08002A6
:10ADC0007B681A6005E07B689B6B43F400127B682C
:10ADD0009A63FB6803F560631A4600231360FB68FF
:10ADE00003F500631946FB6803F500631A460B6818
:10ADF0001360BB6B012B0CD1FB6A002B04D100212B
:10AE0000786800F065F908E00121786800F060F9E1
:10AE100003E00321786800F05BF91021786800F006
:10AE2000F3F80346002B01D00123FB75786800F08E
:10AE30001FF90346002B01D00123FB75FB6803F5C6
:10AE400000631A4600231361FB6803F500631A468A
:10AE500000235361FB6803F500631A460023D361A6
:10AE600000233B6143E03B695A01FB68134403F54F
:10AE700010631B6803F00043B3F1004F18D13B6926
:10AE8000002B0AD13B695A01FB68134403F5106398
:10AE90001A464FF00063136013E03B695A01FB68E8
:10AEA000134403F510631A464FF09043136008E013
:10AEB0003B695A01FB68134403F510631A460023EB
:10AEC00013603B695A01FB68134403F510631A468B
:10AED000002313613B695A01FB68134403F51063B7
:10AEE0001A464FF67F3393603B6901333B617B6ABF
:10AEF0003A699A42B7D300233B6143E03B695A0168
:10AF0000FB68134403F530631B6803F00043B3F19F
:10AF1000004F18D13B69002B0AD13B695A01FB68ED
:10AF2000134403F530631A464FF00063136013E0D7
:10AF30003B695A01FB68134403F530631A464FF02E
:10AF40009043136008E03B695A01FB68134403F522
:10AF500030631A46002313603B695A01FB681344AF
:10AF600003F530631A46002313613B695A01FB68FD
:10AF7000134403F530631A464FF67F3393603B6901
:10AF800001333B617B6A3A699A42B7D3FB6803F5A8
:10AF900000631B69FA6802F5006223F48073136191
:10AFA0007B6800229A617B686FF080425A613B6B3C
:10AFB000002B05D17B689B6943F010027B689A6186
:10AFC0007B689A690E4B13437A689361FB6B002B85
:10AFD00005D07B689B6943F008027B689A61FB6C33
:10AFE000012B05D17B689A69064B13437A689361FC
:10AFF000FB7D18461837BD46BDE8804004B0704759
:10B0000000383C800400004080B485B000AF786018
:10B0100039600023FB60FB680133FB60FB68134A67
:10B02000934201D903231BE07B681B69002BF2DAF2
:10B030000023FB603B689B0143F020027B681A61A0
:10B04000FB680133FB60FB68084A934201D9032384
:10B0500006E07B681B6903F02003202BF0D000235F
:10B0600018461437BD465DF8047B7047400D030059
:10B0700080B485B000AF78600023FB60FB680133CB
:10B08000FB60FB68114A934201D9032318E07B68F7
:10B090001B69002BF2DA0023FB607B6810221A6127
:10B0A000FB680133FB60FB68084A934201D9032324
:10B0B00006E07B681B6903F01003102BF0D000231F
:10B0C00018461437BD465DF8047B7047400D0300F9
:10B0D00080B485B000AF78600B46FB707B68FB6086
:10B0E000FB6803F500631A68FB78F96801F50061F5
:10B0F00013430B60002318461437BD465DF8047BEC
:10B10000704780B487B000AF78607B683B613B6973
:10B1100003F500639B6803F00603FB60FB68002BEC
:10B1200002D10023FB750AE0FB68022B02D0FB680A
:10B13000062B02D10223FB7501E00F23FB75FB7D7B
:10B1400018461C37BD465DF8047B704780B485B057
:10B1500000AF786039607B68FB603B681B78BB6040
:10B160003B685B78012B39D1FB6803F50063DA6932
:10B170003B681B7803F00F03012101FA03F39BB234
:10B18000F96801F500611343CB61BB685A01FB68A4
:10B19000134403F510631B6803F40043002B53D1E1
:10B1A000BB685A01FB68134403F510631A683B68D7
:10B1B000DB68C3F30A013B681B799B041943BB6836
:10B1C0009B050B431A43BB685901FB680B4403F50D
:10B1D00010631946204B13430B6035E0FB6803F501
:10B1E0000063DA693B681B7803F00F03012101FA61
:10B1F00003F31B04F96801F500611343CB61BB68DD
:10B200005A01FB68134403F530631B6803F40043E1
:10B21000002B19D1BB685A01FB68134403F5306356
:10B220001A683B68DB68C3F30A013B681B799B041F
:10B230000B431A43BB685901FB680B4403F53063A9
:10B240001946054B13430B60002318461437BD46BF
:10B250005DF8047B704700BF0080001080B485B0AB
:10B2600000AF786039607B68FB603B681B78BB602F
:10B270003B685B78012B61D1BB685A01FB681344C2
:10B2800003F510631B6803F00043B3F1004F1FD1B7
:10B29000BB685A01FB68134403F510631B68BA6866
:10B2A0005101FA680A4402F5106243F0006313602A
:10B2B000BB685A01FB68134403F510631B68BA6846
:10B2C0005101FA680A4402F5106243F080431360AA
:10B2D000FB6803F50063DA6B3B681B7803F00F0330
:10B2E000012101FA03F39BB2DB43F96801F5006128
:10B2F0001340CB63FB6803F50063DA693B681B7896
:10B3000003F00F03012101FA03F39BB2DB43F96859
:10B3100001F500611340CB61BB685A01FB6813441F
:10B3200003F510631A68BB685901FB680B4403F509
:10B3300010631946354B13400B6060E0BB685A013F
:10B34000FB68134403F530631B6803F00043B3F15B
:10B35000004F1FD1BB685A01FB68134403F53063EB
:10B360001B68BA685101FA680A4402F5306243F07A
:10B3700000631360BB685A01FB68134403F5306334
:10B380001B68BA685101FA680A4402F5306243F05A
:10B3900080431360FB6803F50063DA6B3B681B783E
:10B3A00003F00F03012101FA03F31B04DB43F968E7
:10B3B00001F500611340CB63FB6803F50063DA69B4
:10B3C0003B681B7803F00F03012101FA03F31B0410
:10B3D000DB43F96801F500611340CB61BB685A019A
:10B3E000FB68134403F530631A68BB685901FB68B6
:10B3F0000B4403F530631946054B13400B600023E3
:10B4000018461437BD465DF8047B7047007833EC6E
:10B410000078F3EF80B58AB002AFF860B9601346E8
:10B42000FB71FB68FB61BB681B78BB61BB685B7829
:10B43000012B40F06381BB689B69002B32D1BB6953
:10B440005A01FB69134403F510631A69BB6959017A
:10B45000FB690B4403F510631946A54B13400B61C0
:10B46000BB695A01FB69134403F510631B69BA6990
:10B470005101FA690A4402F5106243F40023136192
:10B48000BB695A01FB69134403F510631A69BB6970
:10B490005901FB690B4403F510631946954B1340A2
:10B4A0000B6174E0BB695A01FB69134403F5106337
:10B4B0001A69BB695901FB690B4403F5106319460E
:10B4C0008C4B13400B61BB695A01FB69134403F5B4
:10B4D00010631A69BB695901FB690B4403F51063DA
:10B4E0001946834B13400B61BB695A01FB69134436
:10B4F00003F510631A69BB689969BB68DB680B4484
:10B50000591EBB68DB68B1FBF3F3D9047A4B0B40DF
:10B51000B9694801F969014401F5106113430B61F0
:10B52000BB695A01FB69134403F510631A69BB68D0
:10B530009B69C3F31203B9694801F969014401F534
:10B54000106113430B61BB681B79012B1FD1BB69D1
:10B550005A01FB69134403F510631B69BA69510171
:10B56000FA690A4402F5106223F0C0431361BB6913
:10B570005A01FB69134403F510631B69BA69510151
:10B58000FA690A4402F5106243F000531361FB7933
:10B59000012B4BD1BB685B69002B09D0BB695A01F9
:10B5A000FB69134403F510631A46BB685B6953617A
:10B5B000BB681B79012B28D1FB6903F500639B68ED
:10B5C00003F48073002B10D1BB695A01FB6913444B
:10B5D00003F510631B68BA695101FA690A4402F560
:10B5E000106243F0005313600FE0BB695A01FB691E
:10B5F000134403F510631B68BA695101FA690A44E0
:10B6000002F5106243F080531360BB695A01FB6975
:10B61000134403F510631B68BA695101FA690A44BF
:10B6200002F5106243F00443136037E1BB695A012D
:10B63000FB69134403F510631B68BA695101FA6989
:10B640000A4402F5106243F004431360BB681B799F
:10B65000012B15D0BB689B69002B00F01F81FB6993
:10B6600003F500635A6BBB681B7803F00F030121DD
:10B6700001FA03F3F96901F5006113434B630DE12E
:10B68000FB6903F500639B6803F48073002B10D102
:10B69000BB695A01FB69134403F510631B68BA695F
:10B6A0005101FA690A4402F5106243F00053136035
:10B6B0000FE0BB695A01FB69134403F510631B6873
:10B6C000BA695101FA690A4402F5106243F08053E5
:10B6D0001360BB681969BB681A78BB689B6998B22C
:10B6E000FB7900930346F86800F0EAFAD6E000BF61
:10B6F000FFFF07E00000F8FF0000F81FBB695A01D8
:10B70000FB69134403F530631A69BB695901FB698E
:10B710000B4403F530631946634B13400B61BB695F
:10B720005A01FB69134403F530631A69BB69590177
:10B73000FB690B4403F5306319465C4B13400B6106
:10B74000BB689B69002B23D1BB695A01FB69134479
:10B7500003F530631A69BB68DB68C3F31203B96988
:10B760004801F969014401F5306113430B61BB697C
:10B770005A01FB69134403F530631B69BA6951012F
:10B78000FA690A4402F5306243F40023136137E09A
:10B79000BB689A69BB68DB6813445A1EBB68DB68E8
:10B7A000B2FBF3F3FB82BB68DB68FA8A03FB02F2AD
:10B7B000BB68DA61BB695A01FB69134403F5306366
:10B7C0001A69FB8AD9043A4B0B40B9694801F969F7
:10B7D000014401F5306113430B61BB695A01FB69F8
:10B7E000134403F530631A69BB68DB69C3F31203C2
:10B7F000B9694801F969014401F5306113430B61EE
:10B80000FB79012B0DD1BB681B69002B09D0BB68EC
:10B810001969BB695A01FB69134403F530630A4691
:10B820005A61BB681B79012B28D1FB6903F50063C2
:10B830009B6803F48073002B10D1BB695A01FB692C
:10B84000134403F530631B68BA695101FA690A446D
:10B8500002F5306243F0005313600FE0BB695A01F8
:10B86000FB69134403F530631B68BA695101FA6937
:10B870000A4402F5306243F080531360BB695A01F9
:10B88000FB69134403F530631B68BA695101FA6917
:10B890000A4402F5306243F0044313600023184663
:10B8A0002037BD4680BD00BF0000F8FFFFFF07E066
:10B8B0000000F81F80B487B000AFF860B96013468D
:10B8C000FB71FB687B61BB681B783B61BB685B7885
:10B8D000012B40F0CE80BB689B69002B32D13B69C5
:10B8E0005A017B69134403F510631A693B695901D6
:10B8F0007B690B4403F5106319469A4B13400B61A7
:10B900003B695A017B69134403F510631B693A696B
:10B9100051017A690A4402F5106243F4002313616D
:10B920003B695A017B69134403F510631A693B694B
:10B9300059017B690B4403F5106319468A4B134088
:10B940000B614EE03B695A017B69134403F51063B8
:10B950001A693B6959017B690B4403F51063194669
:10B96000814B13400B613B695A017B69134403F51A
:10B9700010631A693B6959017B690B4403F5106335
:10B980001946784B13400B61BB689A69BB68DB684A
:10B990009A4203D9BB68DA68BB689A613B695A016D
:10B9A0007B69134403F510631B693A6951017A6995
:10B9B0000A4402F5106243F4002313613B695A0103
:10B9C0007B69134403F510631A69BB689B69C3F371
:10B9D0001203396948017969014401F51061134383
:10B9E0000B61FB79012B1ED1BB685B69002B09D071
:10B9F0003B695A017B69134403F510631A46BB681F
:10BA00005B6953613B695A017B69134403F5106319
:10BA10001B683A6951017A690A4402F5106243F0E1
:10BA20000443136097E03B695A017B69134403F5B3
:10BA300010631B683A6951017A690A4402F5106281
:10BA400043F004431360BB689B69002B00F08380C4
:10BA50007B6903F500635A6BBB681B7803F00F0327
:10BA6000012101FA03F3796901F5006113434B6386
:10BA700071E03B695A017B69134403F530631A692D
:10BA80003B6959017B690B4403F530631946364B1A
:10BA900013400B613B695A017B69134403F5306322
:10BAA0001A693B6959017B690B4403F530631946F8
:10BAB0002C4B13400B61BB689B69002B03D0BB6808
:10BAC000DA68BB689A61BB68DA68BB68DA613B69AF
:10BAD0005A017B69134403F530631B693A695101CC
:10BAE0007A690A4402F5306243F4002313613B692A
:10BAF0005A017B69134403F530631A69BB68DB693B
:10BB0000C3F31203396948017969014401F53061D1
:10BB100013430B61FB79012B0DD1BB681B69002B13
:10BB200009D0BB6819693B695A017B69134403F565
:10BB300030630A465A613B695A017B69134403F535
:10BB400030631B683A6951017A690A4402F5306230
:10BB500043F004431360002318461C37BD465DF8CC
:10BB6000047B7047FFFF07E00000F8FF80B487B058
:10BB700000AF786039600023FB600023FB757B68B1
:10BB80003B613B685B78012B4AD13B681B785A01CB
:10BB90003B69134403F510631B6803F00043B3F1E2
:10BBA000004F40F086803B681B785A013B69134484
:10BBB00003F510631B683A68127851013A690A4428
:10BBC00002F5106243F0006313603B681B785A0172
:10BBD0003B69134403F510631B683A6812785101FE
:10BBE0003A690A4402F5106243F080431360FB682F
:10BBF0000133FB60FB6842F21072934202D90123C9
:10BC0000FB7556E03B681B785A013B69134403F50A
:10BC100010631B6803F00043B3F1004FE7D048E026
:10BC20003B681B785A013B69134403F530631B687A
:10BC300003F00043B3F1004F3BD13B681B785A013E
:10BC40003B69134403F530631B683A68127851016D
:10BC50003A690A4402F5306243F0006313603B68BE
:10BC60001B785A013B69134403F530631B683A683B
:10BC7000127851013A690A4402F5306243F0804378
:10BC80001360FB680133FB60FB6842F21072934261
:10BC900002D90123FB750CE03B681B785A013B6914
:10BCA000134403F530631B6803F00043B3F1004F06
:10BCB000E7D0FB7D18461C37BD465DF8047B704716
:10BCC00080B489B000AFF860B96011461A460B46DF
:10BCD000FB711346BB80FB687B61BB68FB6197F817
:10BCE0002830002B23D1BB8803339B083B61002302
:10BCF000BB6118E0FB791A037B69134403F5805399
:10BD00001A46FB691B681360FB690133FB61FB6921
:10BD10000133FB61FB690133FB61FB690133FB61AB
:10BD2000BB690133BB61BA693B699A42E2D3002324
:10BD300018462437BD465DF8047B704780B48BB04D
:10BD400000AFF860B9601346FB80FB68BB61BB685D
:10BD50007B62FB889B089BB27B61FB8803F003033B
:10BD6000FB8300233B6214E0BB6903F580531A6830
:10BD70007B6A1A607B6A01337B627B6A01337B6278
:10BD80007B6A01337B627B6A01337B623B6A0133EE
:10BD90003B623A6A7B699A42E6D3FB8B002B1ED04A
:10BDA00000233B62BB6903F580531A4607F1100379
:10BDB00012681A603A693B6ADBB2DB0022FA03F3CD
:10BDC000DAB27B6A1A703B6A01333B627B6A0133E9
:10BDD0007B62FB8B013BFB83FB8B002BEAD17B6AF5
:10BDE00018462C37BD465DF8047B704780B485B09B
:10BDF00000AF786039607B68FB603B681B78BB6094
:10BE00003B685B78012B2CD1BB685A01FB6813445B
:10BE100003F510631B68002B12DBBB68002B0FD0EF
:10BE2000BB685A01FB68134403F510631B68BA68CA
:10BE30005101FA680A4402F5106223F0804313604E
:10BE4000BB685A01FB68134403F510631B68BA68AA
:10BE50005101FA680A4402F5106243F400131360BA
:10BE60002BE0BB685A01FB68134403F530631B6881
:10BE7000002B12DBBB68002B0FD0BB685A01FB689C
:10BE8000134403F530631B68BA685101FA680A4429
:10BE900002F5306223F080431360BB685A01FB68EF
:10BEA000134403F530631B68BA685101FA680A4409
:10BEB00002F5306243F40013136000231846143770
:10BEC000BD465DF8047B704780B485B000AF7860F4
:10BED00039607B68FB603B681B78BB603B685B78C4
:10BEE000012B28D1BB685A01FB68134403F510638A
:10BEF0001B68BA685101FA680A4402F5106223F41B
:10BF0000001313603B681B79032B03D03B681B793C
:10BF1000022B38D1BB685A01FB68134403F5106348
:10BF20001B68BA685101FA680A4402F5106243F0CE
:10BF30008053136027E0BB685A01FB68134403F584
:10BF400030631B68BA685101FA680A4402F530622E
:10BF500023F4001313603B681B79032B03D03B6869
:10BF60001B79022B0FD1BB685A01FB68134403F500
:10BF700030631B68BA685101FA680A4402F53062FE
:10BF800043F080531360002318461437BD465DF814
:10BF9000047B704780B485B000AF78600B46FB70BF
:10BFA0007B68FB60FB6803F500631B68FA6802F5B9
:10BFB000006223F4FE631360FB6803F500631A68F4
:10BFC000FB781B0103F4FE63F96801F5006113437C
:10BFD0000B60002318461437BD465DF8047B70479C
:10BFE00080B485B000AF78607B68FB60FB6803F5C8
:10BFF00060631B68FA6802F5606223F00303136054
:10C00000FB6803F500635B68FA6802F5006223F0E1
:10C0100002035360002318461437BD465DF8047BC5
:10C02000704780B485B000AF78607B68FB60FB68C8
:10C0300003F560631B68FA6802F5606223F003038E
:10C040001360FB6803F500635B68FA6802F5006241
:10C0500043F002035360002318461437BD465DF8D1
:10C06000047B704780B485B000AF78607B685B6903
:10C07000FB607B689B69FA681340FB60FB681846AD
:10C080001437BD465DF8047B704780B485B000AFBF
:10C0900078607B68FB60FB6803F500639B69BB60AD
:10C0A000FB6803F50063DB69BA681340BB60BB68DB
:10C0B0001B0C18461437BD465DF8047B704780B4EE
:10C0C00085B000AF78607B68FB60FB6803F50063B8
:10C0D0009B69BB60FB6803F50063DB69BA681340CA
:10C0E000BB60BB689BB218461437BD465DF8047B45
:10C0F000704780B485B000AF78600B46FB707B68FA
:10C10000FB60FB785A01FB68134403F530639B68BE
:10C11000BB60FB6803F500635B69BA681340BB60F2
:10C12000BB6818461437BD465DF8047B704780B481
:10C1300087B000AF78600B46FB707B687B617B69E2
:10C1400003F500631B693B617B6903F500635B6B6F
:10C15000FB60FB7803F00F03FA6822FA03F3DB01BC
:10C16000DBB23A6913433B61FB785A017B691344A4
:10C1700003F510639B683A691340BB60BB681846BF
:10C180001C37BD465DF8047B704780B483B000AFB8
:10C1900078607B685B6903F0010318460C37BD4685
:10C1A0005DF8047B7047000080B485B000AF786014
:10C1B0007B68FB60FB6803F510631A68FB6803F596
:10C1C00010631946094B13400B60FB6803F50063CD
:10C1D0005B68FA6802F5006243F4807353600023E1
:10C1E00018461437BD465DF8047B704700F8FFFF22
:10C1F00080B487B000AFF8600B467A60FB72FB68D2
:10C200007B61FB683C3304331B683B613B69264A16
:10C2100093420AD97B6903F530631B6803F000433E
:10C22000B3F1004F01D1002337E07B6903F53063A0
:10C230001A46002313617B6903F530631B697A6931
:10C2400002F5306243F4002313617B6903F5306328
:10C250001B697A6902F5306243F0180313617B6948
:10C2600003F530631B697A6902F5306243F0C0431D
:10C270001361FB7A012B0FD17B6903F530631A46FA
:10C280007B6853617B6903F530631B687A6902F54B
:10C29000306243F080231360002318461C37BD46EC
:10C2A0005DF8047B704700BF0A30544F80B485B0FE
:10C2B00000AF78600023FB60FB680133FB60FB6824
:10C2C000134A934201D903231BE07B681B69002BAF
:10C2D000F2DA0023FB607B681B6943F001027B6894
:10C2E0001A61FB680133FB60FB68094A934201D97C
:10C2F000032306E07B681B6903F00103012BF0D0E8
:10C30000002318461437BD465DF8047B704700BF14
:10C31000400D030080B586B000AFF860B9601346E9
:10C32000FB71FB68002B01D103231FE0FB68002297
:10C33000C3F8B822FB680022C3F8C422FB680022BD
:10C34000C3F8D022BB68002B03D0FB68BA68C3F8DF
:10C35000B422FB68012283F89C22FB68FA791A70E8
:10C36000F868FCF7CBFE0346FB75FB7D18461837D3
:10C37000BD4680BD80B584B000AF786039600023D1
:10C38000FB813B68002B01D1032325E07B683A68E1
:10C39000C3F8B8227B68D3F8D4227B68AE3253F856
:10C3A0002230DB6A002B0FD07B68D3F8D4227B6865
:10C3B000AE3253F82230DB6A07F10E02104698477E
:10C3C00002467B68C3F8D0227B68D3F8D8325A1C67
:10C3D0007B68C3F8D822002318461037BD4680BDBD
:10C3E00080B582B000AF78607868FCF7D9FE03466C
:10C3F00018460837BD4680BD80B483B000AF786072
:10C40000002318460C37BD465DF8047B704780B5A5
:10C4100084B000AF78600B46FB700023FB737B6831
:10C42000D3F8B832002B09D07B68D3F8B8321B6838
:10C43000FA781146786898470346FB73FB7B1846E9
:10C440001037BD4680BD80B584B000AF78600B4624
:10C45000FB700023FB737B68D3F8B8325B68FA7813
:10C460001146786898470346002B01D00323FB73DD
:10C47000FB7B18461037BD4680BD80B584B000AF49
:10C48000786039607B6803F2AA233968184601F0A6
:10C4900008F97B680122C3F894227B68B3F8B032B4
:10C4A0001A467B68C3F898227B6893F8AA3203F097
:10C4B0001F03022B1AD0022B22D8002B02D0012BF3
:10C4C0000AD01DE07B6803F2AA231946786800F0C1
:10C4D0005FFB0346FB7320E07B6803F2AA23194647
:10C4E000786800F0C7FB0346FB7316E07B6803F235
:10C4F000AA231946786800F029FC0346FB730CE078
:10C500007B6893F8AA3223F07F03DBB21946786880
:10C51000FCF7A6FE0346FB7300BFFB7B18461037F3
:10C52000BD4680BD80B586B000AFF8600B467A602E
:10C53000FB720023FB75FB7A002B6ED1FB6803F5C1
:10C54000AA733B61FB68D3F89432032B40F09880C8
:10C550003B699A683B69DB689A4213D93B699A68E0
:10C560003B69DB68D21A3B699A603B69DA683B69D0
:10C570009B68934228BF13461A467968F86801F011
:10C5800084F97DE0FB6893F8AA3203F01F03022BC5
:10C5900014D0022B1DD8002B02D0012B03D018E0A1
:10C5A0000023BB7518E0FB68B3F8AE32DBB2194666
:10C5B000F86800F05EFA0346BB750DE0FB68B3F85F
:10C5C000AE32DBB21946F86800F060FA0346BB757C
:10C5D00002E00023BB7500BFBB7D002B19D1FB68B7
:10C5E00093F89C32DBB2032B13D1BA7DFB68AE32D9
:10C5F00053F822301B69002B0BD0BA7DFB68C3F8BF
:10C60000D422BA7DFB68AE3253F822301B69F86839
:10C610009847F86801F04AF932E0FB7A03F07F03AB
:10C62000DBB21946F86800F031FA0346BB75BB7DF2
:10C63000FF2B25D0BB7D002B22D1FB6893F89C32C9
:10C64000DBB2032B17D1BA7DFB68AE3253F8223030
:10C650009B69002B0FD0BA7DFB68C3F8D422BA7D4A
:10C66000FB68AE3253F822309B69FA7A1146F868BB
:10C6700098470346FB75FB7D002B01D0FB7D00E056
:10C68000002318461837BD4680BD80B586B000AF80
:10C69000F8600B467A60FB72FB7A002B6FD1FB6867
:10C6A00014333B61FB68D3F89432022B5AD13B69B7
:10C6B0009A683B69DB689A4214D93B699A683B697E
:10C6C000DB68D21A3B699A603B699B681A467968B5
:10C6D000F86801F0ACF8002300220021F868FCF7AC
:10C6E00069FE3FE03B69DA683B699B689A421CD16E
:10C6F0003B695A683B69DB689A4216D33B695A68C2
:10C70000FB68D3F898329A420FD200220021F868D1
:10C7100001F08DF8FB680022C3F898220023002264
:10C720000021F868FCF746FE1CE0FB6893F89C3299
:10C73000DBB2032B0FD1FB68D3F8B832DB68002BD8
:10C7400009D0FB680022C3F8D422FB68D3F8B832C2
:10C75000DB68F86898478021F868FCF781FDF86885
:10C7600001F0B7F8FB6893F8A032002B3AD0F868D4
:10C77000FFF742FEFB68002283F8A02232E0FB7A3A
:10C7800063F07F03DBB21946F86800F07FF90346D7
:10C79000FB75FB7DFF2B25D0FB7D002B22D1FB6899
:10C7A00093F89C32DBB2032B1CD1FA7DFB68AE32CE
:10C7B00053F822305B69002B14D0FA7DFB68C3F874
:10C7C000D422FA7DFB68AE3253F822305B69FA7AE4
:10C7D0001146F86898470346BB75BB7D002B01D016
:10C7E000BB7D00E0002318461837BD4680BD80B5EC
:10C7F00084B000AF78600023FB737B68012283F86C
:10C800009C227B680022C3F894227B6800225A6035
:10C810007B680022C3F8A4227B68002283F8A02250
:10C820007B68D3F8B832002B14D07B68D3F8B832C9
:10C830005B68002B0ED07B68D3F8B8325B687A68EF
:10C840005268D2B21146786898470346002B01D04F
:10C850000323FB734023002200217868FCF7BBFC14
:10C860007B680122A3F864217B684022C3F8602121
:10C870004023002280217868FCF7ADFC7B68012210
:10C880009A847B6840221A62FB7B18461037BD46AB
:10C8900080BD80B483B000AF78600B46FB707B68CE
:10C8A000FA781A74002318460C37BD465DF8047BED
:10C8B000704780B483B000AF78607B6893F89C3297
:10C8C000DAB27B6883F89D227B68042283F89C227D
:10C8D000002318460C37BD465DF8047B704780B4D2
:10C8E00083B000AF78607B6893F89C32DBB2042B96
:10C8F00006D17B6893F89D32DAB27B6883F89C227C
:10C90000002318460C37BD465DF8047B704780B5A0
:10C9100082B000AF78607B6893F89C32DBB2032B67
:10C9200010D17B68D3F8B832002B0BD07B68D3F8DA
:10C93000B832DB69002B05D07B68D3F8B832DB69ED
:10C9400078689847002318460837BD4680BD80B5F3
:10C9500082B000AF78600B46FB707B68D3F8D422BE
:10C960007B68AE3253F82230002B01D103231CE048
:10C970007B6893F89C32DBB2032B15D17B68D3F82C
:10C98000D4227B68AE3253F822301B6A002B0BD0C6
:10C990007B68D3F8D4227B68AE3253F822301B6A0E
:10C9A000FA78114678689847002318460837BD463C
:10C9B00080BD80B582B000AF78600B46FB707B68AD
:10C9C000D3F8D4227B68AE3253F82230002B01D149
:10C9D00003231CE07B6893F89C32DBB2032B15D158
:10C9E0007B68D3F8D4227B68AE3253F822305B6A7E
:10C9F000002B0BD07B68D3F8D4227B68AE3253F87F
:10CA000022305B6AFA781146786898470023184606
:10CA10000837BD4680BD80B483B000AF7860002386
:10CA200018460C37BD465DF8047B704780B584B06E
:10CA300000AF78600023FB737B68012283F89C229F
:10CA40007B68D3F8B832002B0ED07B68D3F8B832AD
:10CA50005B687A685268D2B2114678689847034694
:10CA6000002B01D00323FB73FB7B18461037BD4618
:10CA700080BD80B483B000AF78600B46FB700023AC
:10CA800018460C37BD465DF8047B704780B483B010
:10CA900000AF78600B46FB70002318460C37BD468C
:10CAA0005DF8047B704780B586B000AF78600B46B8
:10CAB000FB707B687B617B68FB6000233B61FB68EC
:10CAC0005B889AB2FB681B789BB29A4220D9FB68BC
:10CAD0001B789BB27B8113E007F10A031946786942
:10CAE00000F01BF878617B695B78052B08D17B69C6
:10CAF0003B613B699B78FA789A4208D000233B61FE
:10CB0000FB685B889AB27B899A42E5D800E000BF57
:10CB10003B6918461837BD4680BD80B485B000AF6C
:10CB2000786039607B68FB603B681A88FB681B781B
:10CB30009BB213449AB23B681A80FB681B781A4672
:10CB40007B681344FB60FB6818461437BD465DF8EC
:10CB5000047B704780B487B000AF78607B687B61EE
:10CB60007B691B787B827B6901337B617B691B78E6
:10CB70003B823B8A1B021AB2B7F9123013431BB235
:10CB8000FB81FB8918461C37BD465DF8047B704766
:10CB900080B584B000AF786039600023FB733B68D8
:10CBA0001B7803F06003402B05D0402B57D8002B97
:10CBB0000FD0202B53D17B68D3F8D4227B68AE32C0
:10CBC00053F822309B683968786898470346FB73AE
:10CBD0004AE03B685B78092B3BD801A252F823F06E
:10CBE00035CC000849CC000853CC00083FCC0008E5
:10CBF00053CC000813CC000809CC000853CC000823
:10CC00002BCC00081DCC00083968786800F03CFA8D
:10CC100024E03968786800F0A1FB1FE03968786883
:10CC200000F0E0FB0346FB7318E03968786800F019
:10CC300083FC13E03968786800F0B4FC0EE03968D2
:10CC4000786800F0E3FC09E03968786800F007FDD7
:10CC500004E03968786800F05EFD00BF04E03968E0
:10CC6000786800F058FD00BFFB7B18461037BD46C2
:10CC700080BD00BF80B584B000AF7860396000230C
:10CC8000FB733B681B7803F06003402B05D0402BFF
:10CC900052D8002B01D0202B4ED17B6893F89C32C8
:10CCA000DBB2013B022B40D83B689B88DBB2012BF7
:10CCB00036D83B689B88DBB219467868FFF7D9FE07
:10CCC0000346BB73BB7BFF2B1DD0BB7B002B1AD154
:10CCD000BA7B7B68AE3253F822309B68002B0FD0B2
:10CCE000BA7B7B68C3F8D422BA7B7B68AE3253F838
:10CCF00022309B683968786898470346FB7304E0E4
:10CD00000323FB7301E00323FB733B68DB88002BE9
:10CD100010D1FB7B002B0DD1786800F0C7FD09E036
:10CD20003968786800F0F7FC04E03968786800F04A
:10CD3000F2FC00E000BF04E03968786800F0EBFC2A
:10CD400000BFFB7B18461037BD4680BD80B584B060
:10CD500000AF786039600023FB733B689B88BB732E
:10CD60003B681B7803F06003402B07D0402B00F298
:10CD70007F81002B2AD0202B40F07A81BB7B194683
:10CD80007868FFF783FE03467B737B7BFF2B00F005
:10CD900074817B7B002B40F070817A7B7B68C3F8C9
:10CDA000D4227A7B7B68AE3253F822309B68002B0A
:10CDB00000F063817A7B7B68AE3253F822309B6847
:10CDC0003968786898470346FB7356E13B685B789F
:10CDD000032B08D0032B00F34581002B00F09B8030
:10CDE000012B3CD03EE17B6893F89C32DBB2022BF6
:10CDF00002D0032B16D02CE0BB7B002B0DD0BB7BCD
:10CE0000802B0AD0BB7B19467868FCF729FA802171
:10CE10007868FCF725FA00BF20E03968786800F0F0
:10CE20007AFC1BE03B685B88002B0ED1BB7B002BA0
:10CE30000BD0BB7B802B08D03B68DB88002B04D158
:10CE4000BB7B19467868FCF70BFA786800F02EFD7A
:10CE500004E03968786800F05EFC00BF07E17B6899
:10CE600093F89C32DBB2022B02D0032B16D04BE09E
:10CE7000BB7B002B0DD0BB7B802B0AD0BB7B194624
:10CE80007868FCF7EDF980217868FCF7E9F900BFD4
:10CE900040E03968786800F03EFC3BE03B685B8826
:10CEA000002B36D1BB7B03F07F03002B04D0BB7B70
:10CEB00019467868FCF7F3F9786800F0F7FCBB7B5B
:10CEC00019467868FFF7E2FD03467B737B7BFF2BF7
:10CED0001FD07B7B002B1CD17A7B7B68C3F8D422CC
:10CEE0007A7B7B68AE3253F822309B68002B10D0DF
:10CEF0007A7B7B68AE3253F822309B683968786859
:10CF000098470346FB7304E03968786800F003FC37
:10CF100000E000BFABE07B6893F89C32DBB2022BF1
:10CF200002D0032B32D097E0BB7B002B07D0BB7B1A
:10CF3000802B04D03968786800F0EDFB91E097F918
:10CF40000E30002B0BDABB7B03F07F0213469B00F5
:10CF500013449B0010337A68134404330BE0BB7B0B
:10CF600003F07F0213469B0013449B0003F5A87354
:10CF70007A6813440433BB60BB6800221A60BB6844
:10CF800002221946786800F037FC6AE097F90E3003
:10CF9000002B11DABB7B03F00F02796813469B006C
:10CFA00013449B000B4424331B88002B17D1396892
:10CFB000786800F0B0FB54E0BB7B03F00F027968A7
:10CFC00013469B0013449B000B4403F5B2731B886C
:10CFD000002B04D13968786800F09DFB41E097F997
:10CFE0000E30002B0BDABB7B03F07F0213469B0055
:10CFF00013449B0010337A68134404330BE0BB7B6B
:10D0000003F07F0213469B0013449B0003F5A873B3
:10D010007A6813440433BB60BB7B002B02D0BB7B1C
:10D02000802B03D1BB6800221A600EE0BB7B19463F
:10D030007868FCF753F90346002B03D0BB68012244
:10D040001A6002E0BB6800221A60BB68022219461F
:10D05000786800F0D1FB04E03968786800F05BFB89
:10D0600000BF04E03968786800F055FB00BF05E0B8
:10D070003968786800F04FFB00E000BFFB7B184682
:10D080001037BD4680BD000080B584B000AF786029
:10D09000396000233B810023FB600023FB723B6867
:10D0A0005B881B0A9BB2013B062B00F2288101A280
:10D0B00052F823F0D1D00008E9D0000829D10008A7
:10D0C000FFD20008FFD200089FD20008CBD2000890
:10D0D0007B68D3F8B4321B687A68127C07F10801C8
:10D0E00010469847F86012E17B681B7C002B0DD13D
:10D0F0007B68D3F8B8329B6A07F10802104698475C
:10D10000F860FB68013302221A7000E17B68D3F8F3
:10D11000B832DB6A07F1080210469847F860FB68EE
:10D12000013302221A70F2E03B685B88DBB2052B08
:10D1300000F2AC8001A252F823F000BF55D10008E4
:10D1400089D10008BDD10008F1D1000825D200081E
:10D1500059D200087B68D3F8B4325B68002B0BD03F
:10D160007B68D3F8B4325B687A68127C07F10801F7
:10D1700010469847F86091E03968786800F0CBFA7B
:10D18000FB7A0133FB7289E07B68D3F8B4329B6889
:10D19000002B0BD07B68D3F8B4329B687A68127C82
:10D1A00007F1080110469847F86077E03968786819
:10D1B00000F0B1FAFB7A0133FB726FE07B68D3F8C1
:10D1C000B432DB68002B0BD07B68D3F8B432DB6859
:10D1D0007A68127C07F1080110469847F8605DE014
:10D1E0003968786800F097FAFB7A0133FB7255E0F2
:10D1F0007B68D3F8B4321B69002B0BD07B68D3F863
:10D20000B4321B697A68127C07F10801104698470E
:10D21000F86043E03968786800F07DFAFB7A013302
:10D22000FB723BE07B68D3F8B4325B69002B0BD018
:10D230007B68D3F8B4325B697A68127C07F1080125
:10D2400010469847F86029E03968786800F063FA7A
:10D25000FB7A0133FB7221E07B68D3F8B4329B691F
:10D26000002B0BD07B68D3F8B4329B697A68127CB0
:10D2700007F1080110469847F8600FE039687868B0
:10D2800000F049FAFB7A0133FB7207E039687868ED
:10D2900000F041FAFB7A0133FB7200BF37E07B6894
:10D2A0001B7C002B09D17B68D3F8B8325B6B07F18C
:10D2B000080210469847F86029E03968786800F05D
:10D2C0002AFAFB7A0133FB7221E07B681B7C002B7E
:10D2D0000DD17B68D3F8B8321B6B07F108021046FA
:10D2E0009847F860FB68013307221A700FE039682D
:10D2F000786800F010FAFB7A0133FB7207E03968B6
:10D30000786800F008FAFB7A0133FB7200BFFB7A01
:10D31000002B1ED13B68DB88002B16D03B89002BED
:10D320000ED03B68DA883B89934228BF13469BB2F4
:10D330003B813B891A46F968786800F05DFA09E09C
:10D340003968786800F0E7F904E0786800F0AEFA30
:10D3500000E000BF1037BD4680BD00BF80B584B07F
:10D3600000AF786039603B689B88002B31D13B6807
:10D37000DB88002B2DD13B685B887F2B29D83B684D
:10D380005B88DBB203F07F03FB737B6893F89C320E
:10D39000DBB2032B04D13968786800F0BCF91DE0DA
:10D3A0007B68FA7B83F89E22FB7B19467868FBF743
:10D3B000C1FF786800F07AFAFB7B002B04D07B6811
:10D3C000022283F89C2209E07B68012283F89C22D8
:10D3D00004E03968786800F09EF900BF00BF10379C
:10D3E000BD4680BD80B584B000AF78603960002351
:10D3F000FB733B685B88DAB24E4B1A704D4B1B785F
:10D40000012B05D93968786800F085F903238CE091
:10D410007B6893F89C32DBB2022B02D0032B29D01D
:10D4200075E0444B1B78002B20D0424B1B781A46EA
:10D430007B685A603F4B1B7819467868FEF7E7FF18
:10D440000346FB73FB7B002B08D03968786800F03B
:10D4500062F97B68022283F89C2265E0786800F01C
:10D4600025FA7B68032283F89C225DE0786800F04F
:10D470001DFA59E02F4B1B78002B12D17B6802223A
:10D4800083F89C222B4B1B781A467B685A60294BE9
:10D490001B7819467868FEF7D6FF786800F006FA20
:10D4A00042E0244B1B781A467B685B689A422AD07C
:10D4B0007B685B68DBB219467868FEF7C4FF1D4BDA
:10D4C0001B781A467B685A601A4B1B781946786895
:10D4D000FEF79DFF0346FB73FB7B002B0FD03968E3
:10D4E000786800F018F97B685B68DBB219467868E9
:10D4F000FEF7A9FF7B68022283F89C2214E078687B
:10D5000000F0D4F910E0786800F0D0F90CE0396848
:10D51000786800F000F9074B1B7819467868FEF729
:10D5200092FF0323FB7300BFFB7B18461037BD46F9
:10D5300080BD00BF0420002080B582B000AF7860BD
:10D5400039603B68DB88012B04D03968786800F0CB
:10D55000E2F823E07B6893F89C32DBB2022B02DC1A
:10D56000002B03DC15E0032B0BD012E07B680022BC
:10D570009A607B68083301221946786800F03CF90C
:10D580000CE07B68043301221946786800F034F916
:10D5900004E03968786800F0BEF800BF00BF0837C3
:10D5A000BD4680BD80B582B000AF786039607B68D1
:10D5B00093F89C32DBB2013B022B1ED83B68DB8820
:10D5C000022B04D03968786800F0A5F81AE07B686F
:10D5D0000122DA607B68D3F8A432002B05D07B6887
:10D5E000DB6843F002027B68DA607B680C3302225E
:10D5F0001946786800F000F904E03968786800F0AE
:10D600008AF800BF00BF0837BD4680BD80B582B034
:10D6100000AF786039603B685B88012B07D17B687D
:10D620000122C3F8A422786800F040F913E03B68B7
:10D630005B88022B0BD13B689B881B0A9BB2DAB23A
:10D640007B6883F8A022786800F030F903E039683D
:10D65000786800F060F800BF0837BD4680BD80B52F
:10D6600082B000AF786039607B6893F89C32DBB29F
:10D67000013B022B0BD83B685B88012B0CD17B68EC
:10D680000022C3F8A422786800F010F904E0396899
:10D69000786800F040F800E000BF00BF0837BD46E2
:10D6A00080BD80B584B000AF786039603B68FB60B6
:10D6B000FB681A787B681A70FB680133FB60FB68B3
:10D6C0001A787B685A70FB680133FB60F868FFF7D3
:10D6D00041FA03461A467B685A80FB680133FB60B7
:10D6E000FB680133FB60F868FFF734FA03461A461B
:10D6F0007B689A80FB680133FB60FB680133FB6049
:10D70000F868FFF727FA03461A467B68DA8000BFFD
:10D710001037BD4680BD80B582B000AF78603960FB
:10D7200080217868FBF79CFD00217868FBF798FD65
:10D7300000BF0837BD4680BD80B586B000AFF86039
:10D74000B9607A600023FB75FB68002B36D0FB685C
:10D750003B61386900F036F8034601339BB25B0049
:10D760009AB27B681A80FB7DBA6813447A68127893
:10D770001A70FB7D0133FB75FB7DBA6813440322ED
:10D780001A70FB7D0133FB7513E0FB7DBA6813440F
:10D790003A6912781A703B6901333B61FB7D0133B2
:10D7A000FB75FB7DBA68134400221A70FB7D0133C0
:10D7B000FB753B691B78002BE7D100E000BF1837F1
:10D7C000BD4680BD80B485B000AF78600023FB7398
:10D7D0007B68BB6005E0FB7B0133FB73BB680133F7
:10D7E000BB60BB681B78002BF5D1FB7B1846143758
:10D7F000BD465DF8047B704780B584B000AFF8602B
:10D80000B9607A60FB680222C3F89422FB687A68E8
:10D810009A61FB687A68DA617B68BA680021F86807
:10D82000FBF7A7FD002318461037BD4680BD80B525
:10D8300084B000AFF860B9607A607B68BA68002194
:10D84000F868FBF796FD002318461037BD4680BDEB
:10D8500080B584B000AFF860B9607A60FB680322DD
:10D86000C3F89422FB687A68C3F85821FB687A6889
:10D87000C3F85C217B68BA680021F868FBF79AFD61
:10D88000002318461037BD4680BD80B584B000AF78
:10D89000F860B9607A607B68BA680021F868FBF7C5
:10D8A00089FD002318461037BD4680BD80B582B083
:10D8B00000AF78607B680422C3F894220023002222
:10D8C00000217868FBF755FD002318460837BD4650
:10D8D00080BD80B582B000AF78607B680522C3F858
:10D8E00094220023002200217868FBF763FD0023C7
:10D8F00018460837BD4680BD80B584B000AF78605B
:10D900000B46FB704FF40770FBF788FDF860FB686F
:10D91000002B09D17B68D3F8D4227B68B032002178
:10D9200043F822100223D4E04FF407720021F86874
:10D9300003F0DEFD7B68D3F8D4227B68B032F9684F
:10D9400043F822107B68D3F8D4227B68B03253F8B6
:10D9500022207B68C3F8BC227B681B7C002B38D15B
:10D960005E4B19784FF4007302227868FBF733FCA2
:10D970005A4B1B7803F00F02796813469B0013443F
:10D980009B000B44243301221A80554B19784FF425
:10D99000007302227868FBF71EFC514B1B7803F0E2
:10D9A0000F02796813469B0013449B000B4403F558
:10D9B000B27301221A804B4B1B7803F00F02796877
:10D9C00013469B0013449B000B44263310221A80FD
:10D9D00035E0424B1978402302227868FBF7FBFBC5
:10D9E0003E4B1B7803F00F02796813469B001344EB
:10D9F0009B000B44243301221A80394B19784023B1
:10DA000002227868FBF7E7FB354B1B7803F00F0227
:10DA1000796813469B0013449B000B4403F5B273D3
:10DA200001221A802F4B1B7803F00F0279681346EE
:10DA30009B0013449B000B44263310221A80294B71
:10DA40001978082303227868FBF7C5FB254B1B7860
:10DA500003F00F02796813469B0013449B000B44AC
:10DA6000243301221A80FB680022C3F804227B6859
:10DA7000D3F8D4327A68B0339B0013445B681B68D8
:10DA80009847FB680022C3F81422FB680022C3F801
:10DA90001822FB68D3F80432002B01D1022318E0CE
:10DAA0007B681B7C002B0AD10D4B1978FB68D3F8DF
:10DAB00004224FF400737868FBF77CFC08E0084B05
:10DAC0001978FB68D3F8042240237868FBF772FCCE
:10DAD000002318461037BD4680BD00BF4B01002013
:10DAE0004C0100204D01002080B582B000AF78606D
:10DAF0000B46FB703A4B1B7819467868FBF791FB95
:10DB0000374B1B7803F00F02796813469B001344D0
:10DB10009B000B44243300221A80324B1B78194699
:10DB20007868FBF77EFB2F4B1B7803F00F027968B8
:10DB300013469B0013449B000B4403F5B273002271
:10DB40001A80294B1B7819467868FBF76AFB264B2D
:10DB50001B7803F00F02796813469B0013449B0067
:10DB60000B44243300221A801F4B1B7803F00F0252
:10DB7000796813469B0013449B000B442633002214
:10DB80001A807B68D3F8D4227B68B03253F82230F5
:10DB9000002B1FD07B68D3F8D4327A68B0339B0057
:10DBA00013445B685B6898477B68D3F8D4227B6832
:10DBB000B03253F822301846FBF73EFC7B68D3F8AE
:10DBC000D4227B68B032002143F822107B68002207
:10DBD000C3F8BC22002318460837BD4680BD00BFED
:10DBE0004B0100204C0100204D01002080B586B083
:10DBF00000AF786039607B68D3F8D4227B68B0329C
:10DC000053F822303B6100237B7300237B81002388
:10DC1000FB753B69002B01D10323BFE03B681B78F8
:10DC200003F06003002B50D0202B40F0AF803B6806
:10DC3000DB88002B3AD03B681B785BB2002B1BDAE9
:10DC40007B68D3F8D4327A68B0339B0013445B68A6
:10DC50009B683A68507839693A68D28898473B6837
:10DC6000DB88072B28BF0723FB813B69FA8919460C
:10DC70007868FFF7C1FD90E03B685A783B6983F80C
:10DC800000223B68DB883F2B03D83B68DB88DAB295
:10DC900000E040223B6983F8012239693B6993F82F
:10DCA00001321A467868FFF7D3FD76E07B68D3F837
:10DCB000D4327A68B0339B0013445B689B683A683F
:10DCC000507800223968984767E03B685B780B2BF7
:10DCD00051D801A252F823F009DD000885DD0008C3
:10DCE00077DD000877DD000877DD000877DD0008C4
:10DCF00077DD000877DD000877DD000877DD0008B4
:10DD000033DD00085DDD00087B6893F89C32DBB2F0
:10DD1000032B07D107F10A03022219467868FFF79F
:10DD20006BFD32E039687868FFF7F5FC0323FB757B
:10DD30002BE07B6893F89C32DBB2032B07D107F111
:10DD40000D03012219467868FFF756FD1DE039687A
:10DD50007868FFF7E0FC0323FB7516E07B6893F817
:10DD60009C32DBB2032B0FD039687868FFF7D3FC05
:10DD70000323FB7508E039687868FFF7CCFC0323C0
:10DD8000FB7502E000BF08E000BF06E03968786874
:10DD9000FFF7C1FC0323FB7500BFFB7D1846183756
:10DDA000BD4680BD80B584B000AF78600B46FB7087
:10DDB0007B68D3F8C832FB607B68D3F8D4227B68D9
:10DDC000B03253F82230002B01D1032365E07B6889
:10DDD000D3F8D4227B68B03253F82230BB60FB7892
:10DDE00003F00F02796813469B0013449B000B4419
:10DDF00018331B68002B2FD0FB7803F00F027968D3
:10DE000013469B0013449B000B4418331A68FB789D
:10DE100003F00F01F8680B46DB000B449B00034442
:10DE200048331B68B2FBF3F101FB03F3D31A002B59
:10DE300012D1FB7803F00F02796813469B0013445C
:10DE40009B000B44183300221A60F978002300224B
:10DE50007868FBF78EFA1FE0BB680022C3F8142233
:10DE60007B68D3F8D4327A68B0339B0013445B6884
:10DE70001B69002B10D07B68D3F8D4327A68B0339A
:10DE80009B0013445B681B69BA68D2F80802BA6841
:10DE900002F50471FA789847002318461037BD46FA
:10DEA00080BD80B584B000AF78600B46FB707B68A6
:10DEB000D3F8D4227B68B03253F82230FB607B6801
:10DEC000D3F8D4227B68B03253F82230002B01D132
:10DED00003231AE0FB7819467868FBF78CFA0246B0
:10DEE000FB68C3F80C227B68D3F8D4327A68B0336D
:10DEF0009B0013445B68DB68FA68D2F80402FA6896
:10DF000002F5037211469847002318461037BD46A4
:10DF100080BD80B584B000AF78607B68D3F8D42230
:10DF20007B68B03253F82230FB60FB68002B01D1D4
:10DF3000032325E07B68D3F8D4327A68B0339B00A2
:10DF400013445B68002B1AD0FB6893F80032FF2B58
:10DF500015D07B68D3F8D4327A68B0339B00134471
:10DF60005B689B68FA6892F80002F968FA6892F8B0
:10DF7000012292B29847FB68FF2283F80022002317
:10DF800018461037BD4680BD80B586B000AF7860BA
:10DF900082211848FEF787FD786101211548FEF7B8
:10DFA00082FD386181211348FEF77DFDF8607B69B1
:10DFB000002B02D07B6910229A713B69002B06D09E
:10DFC0003B69002242F040021A7100225A71FB683C
:10DFD000002B06D0FB68002242F040021A7100229A
:10DFE0005A717B6843221A80024B18461837BD4687
:10DFF00080BD00BF0801002080B586B000AF78600A
:10E0000082211848FEF74FFD786101211548FEF77F
:10E010004AFD386181211348FEF745FDF8607B69B0
:10E02000002B02D07B6910229A713B69002B06D02D
:10E030003B6900221A71002242F002025A71FB6809
:10E04000002B06D0FB6800221A71002242F0020267
:10E050005A717B6843221A80024B18461837BD4616
:10E0600080BD00BF0801002080B586B000AF786099
:10E0700082211848FEF717FD786101211548FEF747
:10E0800012FD386181211348FEF70DFDF8607B69B0
:10E09000002B02D07B6910229A713B69002B06D0BD
:10E0A0003B69002242F040021A7100225A71FB685B
:10E0B000002B06D0FB68002242F040021A710022B9
:10E0C0005A717B6843221A80024B18461837BD46A6
:10E0D00080BD00BF0801002080B483B000AF78602D
:10E0E0007B680A221A80034B18460C37BD465DF840
:10E0F000047B7047C400002080B483B000AF786018
:10E1000039603B68002B01D1032309E07B68D3F819
:10E11000D4327A68B0339B0013443A685A600023C3
:10E1200018460C37BD465DF8047B704780B487B055
:10E1300000AFF860B9607A60FB68D3F8D422FB685E
:10E14000B03253F822307B617B69002B01D103236D
:10E1500008E07B69BA68C3F808227B697A68C3F86B
:10E160001022002318461C37BD465DF8047B70471B
:10E1700080B485B000AF786039607B68D3F8D42272
:10E180007B68B03253F82230FB60FB68002B01D172
:10E19000032304E0FB683A68C3F80422002318460E
:10E1A0001437BD465DF8047B7047000080B584B02D
:10E1B00000AF78607B68D3F8D4227B68B03253F824
:10E1C0002230BB600123FB737B68D3F8D4227B68C9
:10E1D000B03253F82230002B01D1032325E0BB6875
:10E1E000D3F81432002B1FD1BB680122C3F81422CC
:10E1F000104B1B7803F00F02BB68D3F8101278683D
:10E2000013469B0013449B00034418331960094BC9
:10E210001978BB68D3F80822BB68D3F81032786845
:10E22000FBF7A7F80023FB73FB7B18461037BD46AE
:10E2300080BD00BF4B01002080B584B000AF786086
:10E240007B68D3F8D4227B68B03253F82230FB606D
:10E250007B68D3F8D4227B68B03253F82230002B8D
:10E2600001D1032318E07B681B7C002B0AD10C4BE7
:10E270001978FB68D3F804224FF400737868FBF731
:10E2800099F808E0064B1978FB68D3F8042240237C
:10E290007868FBF78FF8002318461037BD4680BD1D
:10E2A0004C01002080B588B000AF07F110030022B8
:10E2B0001A605A609A60DA603B1D00221A605A6048
:10E2C0009A60204B204A1A601E4BEF225A601D4B69
:10E2D00000229A601B4B40F2E732DA60194B0022B1
:10E2E0001A61184B00225A61164B80229A61154818
:10E2F000F8F756F90346002B01D0F2F759FA4FF41C
:10E3000080533B6107F1100319460E48F8F746FBAE
:10E310000346002B01D0F2F74BFA00237B60002369
:10E32000BB600023FB603B1D19460648F8F79AFDC9
:10E330000346002B01D0F2F73BFA00BF2037BD4661
:10E3400080BD00BF082000200000014080B584B0DF
:10E3500000AF78607B681B680E4A934216D10E4B63
:10E36000D3F8F0300C4A43F00103C2F8F0300A4B06
:10E37000D3F8F03003F00103FB60FB6800220021BA
:10E380001920F2F794FD1920F2F7ABFD00BF10370A
:10E39000BD4680BD000001400044025880B500AF7A
:10E3A000224B234A1A60214B4FF4E1325A601F4B33
:10E3B00000229A601D4B0022DA601C4B00221A6179
:10E3C0001A4B0C225A61194B00229A61174B0022FA
:10E3D000DA61164B00221A62144B00225A62134B68
:10E3E00000229A62114800F0C3F80346002B01D0C6
:10E3F000F2F7DEF900210D4802F0D7FE0346002BAC
:10E4000001D0F2F7D5F90021084802F00CFF0346CD
:10E41000002B01D0F2F7CCF9044802F08DFE034640
:10E42000002B01D0F2F7C4F900BF80BD54200020BA
:10E430000044004080B5B6B000AF786007F1C40377
:10E4400000221A605A609A60DA601A6107F11003BC
:10E45000B4220021184603F04BF87B681B683F4A42
:10E46000934276D102233B610023C7F8803007F145
:10E4700010031846F3F78AFC0346002B01D0F2F78D
:10E4800097F9374BD3F8E830354A43F40033C2F8F4
:10E49000E830334BD3F8E83003F40033FB60FB681B
:10E4A0002F4BD3F8E0302E4A43F00803C2F8E03097
:10E4B0002B4BD3F8E03003F00803BB60BB6860234C
:10E4C000C7F8C4300223C7F8C8300023C7F8CC30DF
:10E4D0000023C7F8D0300723C7F8D43007F1C403AE
:10E4E00019462048F4F76EFF1F4B204A1A601E4B56
:10E4F0002B225A601C4B00229A601B4B0022DA60D0
:10E50000194B4FF480621A61174B00225A61164B67
:10E5100000229A61144B0022DA61134B00221A6226
:10E52000114B00225A621048F5F7F4F80346002B0D
:10E5300001D0F2F73DF97B680B4ADA670A4A7B683B
:10E540009363002200212620F2F7B1FC2620F2F787
:10E55000C8FC00BFD837BD4680BD00BF00440040A6
:10E5600000440258000C0258E42000201000024031
:10E5700080B582B000AF78607B68002B01D10123A9
:10E5800042E07B68D3F88430002B06D17B68002200
:10E5900083F880207868FFF74DFF7B682422C3F85A
:10E5A00084207B681B681A687B681B6822F0010264
:10E5B0001A60786800F07CFD0346012B01D101232D
:10E5C00022E07B689B6A002B02D0786801F0DCFBBC
:10E5D0007B681B685A687B681B6822F490425A600B
:10E5E0007B681B689A687B681B6822F02A029A6025
:10E5F0007B681B681A687B681B6842F001021A601E
:10E60000786801F063FC034618460837BD4680BDB4
:10E6100080B58AB002AFF860B9603B601346FB80FA
:10E62000FB68D3F88430202B40F08380BB68002B3C
:10E6300002D0FB88002B01D101237BE0FB6893F81B
:10E640008030012B01D1022374E0FB68012283F8A2
:10E650008020FB680022C3F88C20FB682122C3F8CD
:10E660008420F7F76DFF7861FB68FA88A3F85420DF
:10E67000FB68FA88A3F85620FB689B68B3F5805FB7
:10E6800008D1FB681B69002B04D10023FB61BB6828
:10E69000BB6103E0BB68FB610023BB61FB68002238
:10E6A00083F880202CE03B6800937B690022802166
:10E6B000F86801F056FC0346002B01D0032339E033
:10E6C000FB69002B0BD1BB691B881A46FB681B68D2
:10E6D000C2F308029A62BB690233BB6107E0FB69BF
:10E6E0001A78FB681B689A62FB690133FB61FB685F
:10E6F000B3F856309BB2013B9AB2FB68A3F85620A0
:10E70000FB68B3F856309BB2002BCCD13B6800932A
:10E710007B6900224021F86801F023FC0346002BAE
:10E7200001D0032306E0FB682022C3F884200023E5
:10E7300000E0022318462037BD4680BD80B58AB070
:10E7400000AFF860B9601346FB80FB68D3F88830EF
:10E75000202B42D1BB68002B02D0FB88002B01D1BB
:10E7600001233BE0FB6893F88030012B01D10223A9
:10E7700034E0FB68012283F88020FB680022DA661F
:10E78000FB681B68174A93421FD0FB681B685B68D5
:10E7900003F40003002B18D0FB681B687B617B69C6
:10E7A00053E8003F3B613B6943F080637B62FB6859
:10E7B0001B681A467B6A3B62FA61F9693A6A41E86A
:10E7C0000023BB61BB69002BE6D1FB881A46B96800
:10E7D000F86801F08FFC034600E002231846283752
:10E7E000BD4680BD000C005880B59AB000AF78607F
:10E7F0007B681B68BB64BB6C53E8003F7B647B6C2D
:10E8000023F490737B667B681B681A467B6E7B657E
:10E810003A65396D7A6D41E80023FB64FB6C002B8F
:10E82000E6D17B681B6808337B637B6B53E8003F52
:10E830003B633A6B444B13403B667B681B68083371
:10E840003A6E3A64FB63F96B3A6C41E80023BB63B0
:10E85000BB6B002BE5D17B68DB6E012B18D17B688D
:10E860001B683B623B6A53E8003FFB61FB6923F096
:10E870001003FB657B681B681A46FB6DFB62BA627E
:10E88000B96AFA6A41E800237B627B6A002BE6D111
:10E890007B681B689B6803F04003402B37D17B6883
:10E8A0001B680833FB60FB6853E8003FBB60BB6834
:10E8B00023F04003BB657B681B680833BA6DBA61FF
:10E8C0007B617969BA6941E800233B613B69002BB0
:10E8D000E5D17B68DB6F002B19D07B68DB6F0022F2
:10E8E0001A657B68DB6F1846F5F7D8FC0346002BEA
:10E8F0000DD07B68DB6F1846F7F75EF90346202BD7
:10E9000005D17B681022C3F88C20032317E07B68B5
:10E910000022A3F85E207B681B680F221A627B68C6
:10E920001B689A697B681B6842F008029A617B68E1
:10E930002022C3F888207B680022DA66002318466C
:10E940006837BD4680BD00BFFEFFFFEF80B5BAB09F
:10E9500000AF78607B681B68DB69C7F8E4307B68D0
:10E960001B681B68C7F8E0307B681B689B68C7F8AA
:10E97000DC30D7F8E42040F60F031340C7F8D83056
:10E98000D7F8D830002B1BD1D7F8E43003F02003A0
:10E99000002B15D0D7F8E03003F02003002B05D171
:10E9A000D7F8DC3003F08053002B09D07B681B6F55
:10E9B000002B00F05A837B681B6F7868984754E3FC
:10E9C000D7F8D830002B00F01F81D7F8DC208B4B14
:10E9D0001340002B06D1D7F8E020894B1340002BC1
:10E9E00000F01281D7F8E43003F00103002B11D0BE
:10E9F000D7F8E03003F48073002B0BD07B681B68E2
:10EA000001221A627B68D3F88C3043F001027B68E4
:10EA1000C3F88C20D7F8E43003F00203002B11D0A8
:10EA2000D7F8DC3003F00103002B0BD07B681B68A8
:10EA300002221A627B68D3F88C3043F004027B68B0
:10EA4000C3F88C20D7F8E43003F00403002B11D076
:10EA5000D7F8DC3003F00103002B0BD07B681B6878
:10EA600004221A627B68D3F88C3043F002027B6880
:10EA7000C3F88C20D7F8E43003F00803002B17D03C
:10EA8000D7F8E03003F02003002B05D1D7F8DC20C5
:10EA90005A4B1340002B0BD07B681B6808221A626C
:10EAA0007B68D3F88C3043F008027B68C3F88C2075
:10EAB000D7F8E43003F40063002B12D0D7F8E0302D
:10EAC00003F08063002B0CD07B681B684FF400625E
:10EAD0001A627B68D3F88C3043F020027B68C3F85D
:10EAE0008C207B68D3F88C30002B00F0C082D7F8E4
:10EAF000E43003F02003002B13D0D7F8E03003F00C
:10EB00002003002B05D1D7F8DC3003F08053002B15
:10EB100007D07B681B6F002B03D07B681B6F786866
:10EB200098477B68D3F88C30C7F8D4307B681B6873
:10EB30009B6803F04003402B05D0D7F8D43003F096
:10EB40002803002B4FD0786801F0E8FC7B681B6835
:10EB50009B6803F04003402B41D17B681B6808335E
:10EB6000C7F89C30D7F89C3053E8003FC7F898307E
:10EB7000D7F8983023F04003C7F8D0307B681B6883
:10EB80000833D7F8D020C7F8A820C7F8A430D7F8A2
:10EB9000A410D7F8A82041E80023C7F8A030D7F880
:10EBA000A030002BD9D17B68DB6F002B13D07B68A2
:10EBB000DB6F144A1A657B68DB6F1846F5F78CFE2D
:10EBC0000346002B17D07B68DB6F1B6D7A68D26F12
:10EBD000104698470FE07868F1F7E2FF0BE078689D
:10EBE000F1F7DEFF07E07868F1F7DAFF7B680022D3
:10EBF000C3F88C203BE200BF39E200BF01000010E7
:10EC000020010004C30701087B68DB6E012B40F084
:10EC1000CE81D7F8E43003F01003002B00F0C78159
:10EC2000D7F8E03003F01003002B00F0C0817B68C0
:10EC30001B6810221A627B681B689B6803F0400304
:10EC4000402B40F03B817B68DB6F1B688B4A934213
:10EC500059D07B68DB6F1B68894A934253D07B682D
:10EC6000DB6F1B68874A93424DD07B68DB6F1B6864
:10EC7000854A934247D07B68DB6F1B68834A934287
:10EC800041D07B68DB6F1B68814A93423BD07B6835
:10EC9000DB6F1B687F4A934235D07B68DB6F1B6854
:10ECA0007D4A93422FD07B68DB6F1B687B4A93427F
:10ECB00029D07B68DB6F1B68794A934223D07B683D
:10ECC000DB6F1B68774A93421DD07B68DB6F1B6844
:10ECD000754A934217D07B68DB6F1B68734A934277
:10ECE00011D07B68DB6F1B68714A93420BD07B6845
:10ECF000DB6F1B686F4A934205D07B68DB6F1B6834
:10ED00006D4A934205D17B68DB6F1B685B689BB2E1
:10ED100004E07B68DB6F1B685B689BB2A7F8BE30C2
:10ED2000B7F8BE30002B00F0A4817B68B3F85C30EC
:10ED3000B7F8BE209A4280F09C817B68B7F8BE206D
:10ED4000A3F85E207B68DB6FDB69B3F5807F00F0A2
:10ED500086807B681B68C7F88830D7F8883053E80E
:10ED6000003FC7F88430D7F8843023F48073C7F8A5
:10ED7000B8307B681B681A46D7F8B830C7F89430AB
:10ED8000C7F89020D7F89010D7F8942041E80023D6
:10ED9000C7F88C30D7F88C30002BDAD17B681B6831
:10EDA00008337B677B6F53E8003F3B673B6F23F083
:10EDB0000103C7F8B4307B681B680833D7F8B42068
:10EDC000C7F88020FB67F96FD7F8802041E800235F
:10EDD000BB67BB6F002BE1D17B681B6808333B66C8
:10EDE0003B6E53E8003FFB65FB6D23F04003C7F823
:10EDF000B0307B681B680833D7F8B020FA66BB6672
:10EE0000B96EFA6E41E800237B667B6E002BE3D17E
:10EE10007B682022C3F888207B680022DA667B6842
:10EE20001B68FB64FB6C53E8003FBB64BB6C23F0C6
:10EE30001003C7F8AC307B681B681A46D7F8AC30B3
:10EE4000BB657A65796DBA6D41E800233B653B6D22
:10EE5000002BE4D17B68DB6F1846F5F71FFA7B685F
:10EE6000B3F85C207B68B3F85E309BB2D31A9BB2D8
:10EE700019467868F1F7C8FDFBE000BF10000240BA
:10EE8000280002404000024058000240700002404A
:10EE900088000240A0000240B80002401004024076
:10EEA000280402404004024058040240700402401A
:10EEB00088040240A0040240B80402407B68B3F812
:10EEC0005C207B68B3F85E309BB2D31AA7F8CE30D3
:10EED0007B68B3F85E309BB2002B00F0CC80B7F8B3
:10EEE000CE30002B00F0C7807B681B68BB63BB6B18
:10EEF00053E8003F7B637B6B23F49073C7F8C83003
:10EF00007B681B681A46D7F8C8307B643A64396C52
:10EF10007A6C41E80023FB63FB6B002BE4D17B6838
:10EF20001B6808337B627B6A53E8003F3B623A6AA6
:10EF3000544B1340C7F8C4307B681B680833D7F8BC
:10EF4000C4203A63FB62F96A3A6B41E80023BB6272
:10EF5000BB6A002BE3D17B682022C3F888207B6842
:10EF60000022DA667B6800221A677B681B683B61B7
:10EF70003B6953E8003FFB60FB6823F01003C7F8D0
:10EF8000C0307B681B681A46D7F8C030FB61BA6195
:10EF9000B969FA6941E800237B617B69002BE4D100
:10EFA000B7F8CE3019467868F1F72EFD63E0D7F850
:10EFB000E43003F48013002B0ED0D7F8DC3003F4D8
:10EFC0008003002B08D07B681B684FF480121A6204
:10EFD000786802F093F851E0D7F8E43003F080034A
:10EFE000002B14D0D7F8E03003F08003002B05D1BC
:10EFF000D7F8DC3003F40003002B08D07B685B6F8C
:10F00000002B3AD07B685B6F7868984735E0D7F87B
:10F01000E43003F04003002B09D0D7F8E03003F0D0
:10F020004003002B03D0786801F0E1FB26E0D7F81D
:10F03000E43003F40003002B09D0D7F8E03003F0EC
:10F040008043002B03D0786802F06CF816E0D7F804
:10F05000E43003F08073002B10D0D7F8E030002BA1
:10F060000CDA786802F054F808E000BF06E000BF50
:10F0700004E000BF02E000BF00E000BFE837BD468B
:10F0800080BD00BFFEFFFFEF80B483B000AF7860AB
:10F0900000BF0C37BD465DF8047B704780B483B079
:10F0A00000AF786000BF0C37BD465DF8047B704749
:10F0B0002DE9B04F92B000AF7861002387F842305D
:10F0C0007B699A687B691B691A437B695B691A4390
:10F0D0007B69DB6913437B647B691B681A68BE4BE1
:10F0E00013407A691268796C0B4313607B691B6863
:10F0F0005B6823F440517B69DA687B691B680A43CB
:10F100005A607B699B697B647B691B68B34A934245
:10F1100004D07B691B6A7A6C13437B647B691B6830
:10F120009A68AF4B13407A691268796C0B4393600D
:10F130007B691B68DB6A23F00F017B695A6A7B6974
:10F140001B680A43DA627B691B68A64A934277D13F
:10F15000A54B5B6D03F03803282B6DD801A252F844
:10F1600023F000BF09F2000839F2000839F2000864
:10F1700039F2000839F2000839F2000839F20008C3
:10F1800039F2000811F2000839F2000839F20008DB
:10F1900039F2000839F2000839F2000839F20008A3
:10F1A00039F2000819F2000839F2000839F20008B3
:10F1B00039F2000839F2000839F2000839F2000883
:10F1C00039F2000821F2000839F2000839F200088B
:10F1D00039F2000839F2000839F2000839F2000863
:10F1E00039F2000829F2000839F2000839F2000863
:10F1F00039F2000839F2000839F2000839F2000843
:10F2000039F2000831F20008012387F8433026E381
:10F21000042387F8433022E3082387F843301EE3B2
:10F22000102387F843301AE3202387F8433016E38E
:10F23000402387F8433012E3802387F843300EE3FE
:10F240007B691B68694A934230D1674B5B6D03F061
:10F250000703052B26D801A252F823F075F2000807
:10F260007DF2000885F200088DF2000895F2000892
:10F270009DF20008002387F84330F0E2042387F86A
:10F280004330ECE2082387F84330E8E2102387F8A4
:10F290004330E4E2202387F84330E0E2402387F85C
:10F2A0004330DCE2802387F84330D8E27B691B6877
:10F2B0004F4A934230D14C4B5B6D03F00703052B53
:10F2C00026D801A252F823F0E1F20008E9F2000882
:10F2D000F1F20008F9F2000801F3000809F3000850
:10F2E000002387F84330BAE2042387F84330B6E2BC
:10F2F000082387F84330B2E2102387F84330AEE2A8
:10F30000202387F84330AAE2402387F84330A6E25F
:10F31000802387F84330A2E27B691B68354A934219
:10F3200030D1314B5B6D03F00703052B26D801A2CA
:10F3300052F823F04DF3000855F300085DF3000880
:10F3400065F300086DF3000875F30008002387F8E3
:10F35000433084E2042387F8433080E2082387F8AF
:10F3600043307CE2102387F8433078E2202387F88B
:10F37000433074E2402387F8433070E2802387F8FB
:10F3800043306CE27B691B681B4A934242D1164BA7
:10F390005B6D03F00703052B38D801A252F823F068
:10F3A000B9F30008C1F30008C9F30008D1F300085D
:10F3B000FDF3000805F40008002387F843304EE20F
:10F3C000042387F843304AE2082387F8433046E2B3
:10F3D000102387F8433042E2F369FFCF000C005856
:10F3E000FFF4FF11001001400044025800440040A7
:10F3F00000480040004C004000500040202387F8A7
:10F4000043302CE2402387F8433028E2802387F8FA
:10F41000433024E27B691B68B14A934276D1B14BF9
:10F420005B6D03F03803282B6CD801A252F823F04F
:10F43000D5F4000805F5000805F5000805F50008F5
:10F4400005F5000805F5000805F5000805F50008B4
:10F45000DDF4000805F5000805F5000805F50008CD
:10F4600005F5000805F5000805F5000805F5000894
:10F47000E5F4000805F5000805F5000805F50008A5
:10F4800005F5000805F5000805F5000805F5000874
:10F49000EDF4000805F5000805F5000805F500087D
:10F4A00005F5000805F5000805F5000805F5000854
:10F4B000F5F4000805F5000805F5000805F5000855
:10F4C00005F5000805F5000805F5000805F5000834
:10F4D000FDF40008012387F84330C0E1042387F8D6
:10F4E0004330BCE1082387F84330B8E1102387F8A4
:10F4F0004330B4E1202387F84330B0E1402387F85C
:10F500004330ACE1802387F84330A8E17B691B6876
:10F51000754A934230D1734B5B6D03F00703052BA3
:10F5200026D801A252F823F041F5000849F5000859
:10F5300051F5000859F5000861F5000869F5000863
:10F54000002387F843308AE1042387F8433086E1BB
:10F55000082387F8433082E1102387F843307EE1A7
:10F56000202387F843307AE1402387F8433076E15F
:10F57000802387F8433072E17B691B685B4A9342C2
:10F5800030D1584B5B6D03F00703052B26D801A241
:10F5900052F823F0ADF50008B5F50008BDF50008F8
:10F5A000C5F50008CDF50008D5F50008002387F85B
:10F5B000433054E1042387F8433050E1082387F8AF
:10F5C00043304CE1102387F8433048E1202387F88B
:10F5D000433044E1402387F8433040E1802387F8FB
:10F5E00043303CE17B691B68414A934240F0828092
:10F5F0003C4B5B6D03F03803282B6DD801A252F809
:10F6000023F000BFA9F60008D9F60008D9F60008D3
:10F61000D9F60008D9F60008D9F60008D9F600088E
:10F62000D9F60008B1F60008D9F60008D9F60008A6
:10F63000D9F60008D9F60008D9F60008D9F600086E
:10F64000D9F60008B9F60008D9F60008D9F600087E
:10F65000D9F60008D9F60008D9F60008D9F600084E
:10F66000D9F60008C1F60008D9F60008D9F6000856
:10F67000D9F60008D9F60008D9F60008D9F600082E
:10F68000D9F60008C9F60008D9F60008D9F600082E
:10F69000D9F60008D9F60008D9F60008D9F600080E
:10F6A000D9F60008D1F60008012387F84330D6E0E8
:10F6B000042387F84330D2E0082387F84330CEE0B4
:10F6C000102387F84330CAE0202387F84330C6E090
:10F6D000402387F84330C2E0802387F84330BEE000
:10F6E000001401400044025800780040007C0040B3
:10F6F000001801407B691B68AD4A934276D1AD4B3F
:10F700005B6D03F03803282B6CD801A252F823F06C
:10F71000B5F70008E5F70008E5F70008E5F7000889
:10F72000E5F70008E5F70008E5F70008E5F7000849
:10F73000BDF70008E5F70008E5F70008E5F7000861
:10F74000E5F70008E5F70008E5F70008E5F7000829
:10F75000C5F70008E5F70008E5F70008E5F7000839
:10F76000E5F70008E5F70008E5F70008E5F7000809
:10F77000CDF70008E5F70008E5F70008E5F7000811
:10F78000E5F70008E5F70008E5F70008E5F70008E9
:10F79000D5F70008E5F70008E5F70008E5F70008E9
:10F7A000E5F70008E5F70008E5F70008E5F70008C9
:10F7B000DDF70008012387F8433050E0042387F881
:10F7C00043304CE0082387F8433048E0102387F8A3
:10F7D000433044E0202387F8433040E0402387F85B
:10F7E00043303CE0802387F8433038E07B691B6876
:10F7F000714A934230D16F4B9B6D03F00703052B89
:10F8000026D801A252F823F021F8000829F80008B0
:10F8100031F8000839F8000841F8000849F80008F4
:10F82000022387F843301AE0042387F8433016E0B8
:10F83000082387F8433012E0102387F843300EE0A6
:10F84000202387F843300AE0402387F8433006E05E
:10F85000802387F8433002E0802387F843307B69B8
:10F860001B68554A934240F0F88097F84330202BAC
:10F8700046DC022B75DB023B1E2B72D801A252F82C
:10F8800023F000BF07F9000863F900080FF900082A
:10F8900063F9000863F9000863F900081FF900081C
:10F8A00063F9000863F9000863F9000863F90008C8
:10F8B00063F9000863F9000863F900082FF90008EC
:10F8C00063F9000863F9000863F9000863F90008A8
:10F8D00063F9000863F9000863F9000863F9000898
:10F8E00063F9000863F9000863F9000863F9000888
:10F8F00063F9000863F9000863F9000855F9000886
:10F90000402B2AD02DE0F3F73BF9F8632FE007F105
:10F9100024031846F3F74AF9BB6AFB6327E007F1B3
:10F9200018031846F3F796FAFB69FB631FE0214BB7
:10F930001B6803F02003002B09D01E4B1B68DB085B
:10F9400003F003031D4A22FA03F3FB630FE01B4B92
:10F95000FB630CE01A4BFB6309E04FF40043FB63CD
:10F9600005E00023FB63012387F8423000BFFB6BF7
:10F97000002B00F0EE817B695B6A124A32F813308B
:10F980001A46FB6BB3FBF2F33B637B695A68134681
:10F990005B0013443A6B9A4205D37B695B681B0397
:10F9A0003A6B9A4210D9012387F84230D1E100BF67
:10F9B000001C014000440258000C00580090D00385
:10F9C00000093D0034280108FB6B0022BB60FA608F
:10F9D0007B695B6AC04A32F813309BB200223B60FD
:10F9E0007A60D7E90023D7E90201F0F791FC0246DB
:10F9F0000B46104619464FF000024FF000030B0271
:10FA000043EA1063020279694968490800200C46FC
:10FA1000054612EB040843EB05097B695B6800228D
:10FA20009A46934652465B4640464946F0F770FC7C
:10FA300002460B461346BB63BB6BB3F5407F08D34E
:10FA4000BB6BB3F5801F04D27B691B68BA6BDA60AD
:10FA50007FE1012387F842307BE17B69DB69B3F505
:10FA6000004F40F0BD8097F84330202B48DC002B3E
:10FA70007BDB202B79D801A252F823F007FB00088A
:10FA80000FFB00086BFB00086BFB000817FB00086E
:10FA90006BFB00086BFB00086BFB000827FB0008F2
:10FAA0006BFB00086BFB00086BFB00086BFB00089E
:10FAB0006BFB00086BFB00086BFB000837FB0008C2
:10FAC0006BFB00086BFB00086BFB00086BFB00087E
:10FAD0006BFB00086BFB00086BFB00086BFB00086E
:10FAE0006BFB00086BFB00086BFB00086BFB00085E
:10FAF0006BFB00086BFB00086BFB00085DFB00085C
:10FB0000402B2ED031E0F2F715F9F86333E0F2F72D
:10FB100027F9F8632FE007F124031846F3F746F8B6
:10FB2000BB6AFB6327E007F118031846F3F792F965
:10FB3000FB69FB631FE0694B1B6803F02003002B8C
:10FB400009D0664B1B68DB0803F00303644A22FA02
:10FB500003F3FB630FE0624BFB630CE0614BFB6361
:10FB600009E04FF40043FB6305E00023FB6301233E
:10FB700087F8423000BFFB6B002B00F0EA807B6906
:10FB80005B6A554A32F813301A46FB6BB3FBF2F34B
:10FB90005A007B695B685B081A447B695B68B2FB4F
:10FBA000F3F3BB63BB6B0F2B16D9BB6BB3F5803F75
:10FBB00012D2BB6B9BB223F00F03FB86BB6B5B08BF
:10FBC0009BB203F007039AB2FB8E1343FB867B695B
:10FBD0001B68FA8EDA60BCE0012387F84230B8E097
:10FBE00097F84330202B4BDC002BC0F28780202B72
:10FBF00000F2848001A252F823F000BF87FC0008C5
:10FC00008FFC0008FDFC0008FDFC000897FC0008C4
:10FC1000FDFC0008FDFC0008FDFC0008A7FC000836
:10FC2000FDFC0008FDFC0008FDFC0008FDFC0008D0
:10FC3000FDFC0008FDFC0008FDFC0008B7FC000806
:10FC4000FDFC0008FDFC0008FDFC0008FDFC0008B0
:10FC5000FDFC0008FDFC0008FDFC0008FDFC0008A0
:10FC6000FDFC0008FDFC0008FDFC0008FDFC000890
:10FC7000FDFC0008FDFC0008FDFC0008EFFC00088E
:10FC8000402B37D03AE0F2F755F8F8633CE0F2F752
:10FC900067F8F86338E007F124031846F2F786FFA7
:10FCA000BB6AFB6330E007F118031846F3F7D2F89C
:10FCB000FB69FB6328E0094B1B6803F02003002B62
:10FCC00012D0064B1B68DB0803F00303044A22FA38
:10FCD00003F3FB6318E000BF342801080044025816
:10FCE0000090D00300093D00244BFB630CE0244B43
:10FCF000FB6309E04FF40043FB6305E00023FB6373
:10FD0000012387F8423000BFFB6B002B21D07B69B9
:10FD10005B6A1C4A32F813301A46FB6BB3FBF2F2F3
:10FD20007B695B685B081A447B695B68B2FBF3F331
:10FD3000BB63BB6B0F2B09D9BB6BB3F5803F05D2FF
:10FD4000BB6B9AB27B691B68DA6002E0012387F81B
:10FD500042307B690122A3F86A207B690122A3F863
:10FD600068207B6900221A677B6900225A6797F82E
:10FD7000423018464837BD46BDE8B08F0090D003EA
:10FD800000093D003428010880B483B000AF7860DA
:10FD90007B689B6A03F00103002B0AD07B681B6819
:10FDA0005B6823F400317B68DA6A7B681B680A436E
:10FDB0005A607B689B6A03F00203002B0AD07B68C1
:10FDC0001B685B6823F480317B681A6B7B681B6857
:10FDD0000A435A607B689B6A03F00403002B0AD035
:10FDE0007B681B685B6823F480217B685A6B7B68A7
:10FDF0001B680A435A607B689B6A03F00803002B68
:10FE00000AD07B681B685B6823F400417B689A6BAF
:10FE10007B681B680A435A607B689B6A03F0100387
:10FE2000002B0AD07B681B689B6823F480517B6899
:10FE3000DA6B7B681B680A439A607B689B6A03F0F5
:10FE40002003002B0AD07B681B689B6823F40051B9
:10FE50007B681A6C7B681B680A439A607B689B6AA4
:10FE600003F04003002B1AD07B681B685B6823F407
:10FE700080117B685A6C7B681B680A435A607B68F8
:10FE80005B6CB3F5801F0AD17B681B685B6823F449
:10FE9000C0017B689A6C7B681B680A435A607B6868
:10FEA0009B6A03F08003002B0AD07B681B685B68A9
:10FEB00023F400217B68DA6C7B681B680A435A6074
:10FEC00000BF0C37BD465DF8047B704780B586B037
:10FED00002AF78607B680022C3F88C20F6F730FB15
:10FEE000F8607B681B681B6803F00803082B0ED1C1
:10FEF0006FF07E430093FB6800224FF40011786896
:10FF000000F02FF80346002B01D0032325E07B6887
:10FF10001B681B6803F00403042B0ED16FF07E43B3
:10FF20000093FB6800224FF48001786800F019F814
:10FF30000346002B01D003230FE07B682022C3F887
:10FF400084207B682022C3F888207B680022DA6640
:10FF50007B68002283F88020002318461037BD46B6
:10FF600080BD80B59CB000AFF860B9603B601346BF
:10FF7000FB71A9E0BB6FB3F1FF3F00F0A580F6F77E
:10FF8000DFFA02463B68D31ABA6F9A4202D3BB6FBC
:10FF9000002B40D1FB681B683B653B6D53E8003F7D
:10FFA000FB64FB6C23F4D0737B66FB681B681A460A
:10FFB0007B6EFB65BA65B96DFA6D41E800237B6520
:10FFC0007B6D002BE6D1FB681B680833FB63FB6B82
:10FFD00053E8003FBB63BB6B23F001033B66FB6848
:10FFE0001B6808333A6EBA647B64796CBA6C41E87A
:10FFF00000233B643B6C002BE5D1FB682022C3F857
:020000040801F1
:100000008420FB682022C3F88820FB68002283F844
:100010008020032369E0FB681B681B6803F004036E
:10002000002B51D0FB681B68DB6903F40063B3F558
:10003000006F49D1FB681B684FF400621A62FB68CD
:100040001B68BB62BB6A53E8003F7B627B6A23F498
:10005000D073FB66FB681B681A46FB6E7B633A63D2
:10006000396B7A6B41E80023FB62FB6A002BE6D117
:10007000FB681B6808337B617B6953E8003F3B6189
:100080003B6923F00103BB66FB681B680833BA6E4B
:100090003A62FB61F9693A6A41E80023BB61BB69D6
:1000A000002BE5D1FB682022C3F88420FB682022C6
:1000B000C3F88820FB682022C3F88C20FB6800224C
:1000C00083F88020032310E0FB681B68DA69BB68B3
:1000D0001340BA689A420CBF01230023DBB21A46D0
:1000E000FB799A423FF446AF002318467037BD466D
:1000F00080BD000080B4A3B000AFF860B9601346C3
:10010000FB80FB68BA689A65FB68FA88A3F85C20F4
:10011000FB68FA88A3F85E20FB6800221A67FB6878
:100120009B68B3F5805F0ED1FB681B69002B05D17E
:10013000FB6840F2FF12A3F860202DE0FB68FF226D
:10014000A3F8602028E0FB689B68002B0DD1FB68BA
:100150001B69002B04D1FB68FF22A3F860201BE081
:10016000FB687F22A3F8602016E0FB689B68B3F170
:10017000805F0DD1FB681B69002B04D1FB687F22D7
:10018000A3F8602008E0FB683F22A3F8602003E0AA
:10019000FB680022A3F86020FB680022C3F88C20D3
:1001A000FB682222C3F88820FB681B6808337B6643
:1001B0007B6E53E8003F3B663B6E43F00103C7F89C
:1001C0008430FB681B680833D7F884203A67FB66E5
:1001D000F96E3A6F41E80023BB66BB6E002BE3D19A
:1001E000FB685B6EB3F1005F53D1FB68B3F8683016
:1001F000FA889A424DD3FB689B68B3F5805F07D1BC
:10020000FB681B69002B03D1FB684B4A1A6702E0AD
:10021000FB684A4A1A67FB68002283F88020FB6863
:100220001B69002B1AD0FB681B683B653B6D53E8CC
:10023000003FFB64FB6C43F48073C7F88030FB68BD
:100240001B681A46D7F88030FB65BA65B96DFA6D40
:1002500041E800237B657B6D002BE4D1FB681B68C4
:100260000833FB63FB6B53E8003FBB63BB6B43F09E
:100270008053FB67FB681B680833FA6FBA647B64C2
:10028000796CBA6C41E800233B643B6C002BE5D1F0
:100290004AE0FB689B68B3F5805F07D1FB681B6988
:1002A000002B03D1FB68264A1A6702E0FB68254A47
:1002B0001A67FB68002283F88020FB681B69002B0B
:1002C00019D0FB681B68BB62BB6A53E8003F7B62C6
:1002D0007B6A43F490737B67FB681B681A467B6FED
:1002E0007B633A63396B7A6B41E80023FB62FB6AFC
:1002F000002BE6D118E0FB681B687B617B6953E843
:10030000003F3B613B6943F02003BB67FB681B6810
:100310001A46BB6F3B62FA61F9693A6A41E8002309
:10032000BB61BB69002BE6D1002318468C37BD4664
:100330005DF8047B704700BFFD0D0108050B010847
:10034000A50901084508010880B596B000AFF8601E
:10035000B9601346FB80FB68BA689A65FB68FA8847
:10036000A3F85C20FB680022C3F88C20FB682222E3
:10037000C3F88820FB68DB6F002B2CD0FB68DB6F99
:10038000424ADA63FB68DB6F414A1A64FB68DB6F41
:10039000404ADA64FB68DB6F00221A65FB68D86F9D
:1003A000FB681B6824331946FB689B6D1A46FB8863
:1003B000F3F70AFD0346002B0DD0FB681022C3F8AB
:1003C0008C20FB68002283F88020FB682022C3F881
:1003D0008820012355E0FB68002283F88020FB6819
:1003E0001B69002B18D0FB681B68FB63FB6B53E891
:1003F000003FBB63BB6B43F480737B65FB681B688A
:100400001A467B6DBB647A64796CBA6C41E8002350
:100410003B643B6C002BE6D1FB681B680833BB6276
:10042000BB6A53E8003F7B627B6A43F001033B6594
:10043000FB681B6808333A6D7A633B63396B7A6BF0
:1004400041E80023FB62FB6A002BE5D1FB681B68D7
:1004500008337B617B6953E8003F3B613B6943F0B4
:100460004003FB64FB681B680833FA6C3A62FB616B
:10047000F9693A6A41E80023BB61BB69002BE5D109
:10048000002318465837BD4680BD00BFE905010866
:100490000B0701084307010880B48FB000AF7860F4
:1004A0007B681B683B623B6A53E8003FFB61FB696A
:1004B00023F0C0037B637B681B681A467B6BFB627F
:1004C000BA62B96AFA6A41E800237B627B6A002B50
:1004D000E6D17B681B680833FB60FB6853E8003F8C
:1004E000BB60BB6823F400033B637B681B68083375
:1004F0003A6BBA617B617969BA6941E800233B6173
:100500003B69002BE5D17B682022C3F8842000BF23
:100510003C37BD465DF8047B7047000080B495B061
:1005200000AF78607B681B687B637B6B53E8003FA0
:100530003B633B6B23F49073FB647B681B681A4638
:10054000FB6C3B64FA63F96B3A6C41E80023BB63D4
:10055000BB6B002BE6D17B681B6808333B623B6AB0
:1005600053E8003FFB61FA691E4B1340BB647B6894
:100570001B680833BA6CFA62BB62B96AFA6A41E86E
:1005800000237B627B6A002BE5D17B68DB6E012B4D
:1005900018D17B681B68FB60FB6853E8003FBB60B9
:1005A000BB6823F010037B647B681B681A467B6C76
:1005B000BB617A617969BA6941E800233B613B69B3
:1005C000002BE6D17B682022C3F888207B680022BC
:1005D000DA667B6800221A6700BF5437BD465DF8B3
:1005E000047B7047FEFFFFEF80B59CB000AF7860E2
:1005F0007B689B6BFB667B68DB69B3F5807F71D0A2
:10060000FB6E0022A3F85E20FB6E1B68FB64FB6C94
:1006100053E8003FBB64BB6C23F48073BB66FB6E86
:100620001B681A46BB6EBB657A65796DBA6D41E889
:1006300000233B653B6D002BE6D1FB6E1B68083346
:10064000BB63BB6B53E8003F7B637B6B23F0010311
:100650007B66FB6E1B6808337A6E7A643B64396C88
:100660007A6C41E80023FB63FB6B002BE5D1FB6E4A
:100670001B6808337B627B6A53E8003F3B623B6A3E
:1006800023F040033B66FB6E1B6808333A6E3A6307
:10069000FB62F96A3A6B41E80023BB62BB6A002B3C
:1006A000E5D1FB6E2022C3F88820FB6EDB6E012BA8
:1006B00018D1FB6E1B683B613B6953E8003FFB6050
:1006C000FB6823F01003FB65FB6E1B681A46FB6D8D
:1006D000FB61BA61B969FA6941E800237B617B6912
:1006E000002BE6D1FB6EDB6E012B07D1FB6EB3F85E
:1006F0005C301946F86EF0F787F902E0F86EF0F713
:10070000ABF900BF7037BD4680BD80B584B000AF87
:1007100078607B689B6BFB60FB68DB6E012B09D10B
:10072000FB68B3F85C305B089BB21946F868F0F7D9
:100730006BF902E0F868FEF7B1FC00BF1037BD4668
:1007400080BD80B586B000AF78607B689B6B7B61B5
:100750007B69D3F884303B617B69D3F88830FB60D8
:100760007B691B689B6803F08003802B09D13B6980
:10077000212B06D17B690022A3F856207869FFF768
:100780008BFE7B691B689B6803F04003402B09D1FB
:10079000FB68222B06D17B690022A3F85E207869D2
:1007A000FFF7BCFE7B69D3F88C3043F010027B6905
:1007B000C3F88C207869F0F7F3F900BF1837BD460D
:1007C00080BD80B584B000AF78607B689B6BFB60B8
:1007D000FB680022A3F85E20FB680022A3F85620E5
:1007E000F868F0F7DDF900BF1037BD4680BD80B571
:1007F00088B000AF78607B681B68FB60FB6853E8DB
:10080000003FBB60BB6823F04003FB617B681B6853
:100810001A46FB69BB617A617969BA6941E80023CC
:100820003B613B69002BE6D17B682022C3F8842022
:100830007B6800225A677868FEF726FC00BF2037E5
:10084000BD4680BD80B596B000AF78607B68B3F8D8
:100850006030A7F856307B68D3F88830222B40F000
:1008600095807B681B685B6AA7F85430B7F85430F2
:10087000D9B2B7F85630DAB27B689B6D0A40D2B273
:100880001A707B689B6D5A1C7B689A657B68B3F80D
:100890005E309BB2013B9AB27B68A3F85E207B6816
:1008A000B3F85E309BB2002B78D17B681B68BB63CA
:1008B000BB6B53E8003F7B637B6B23F490733B651A
:1008C0007B681B681A463B6D7B643A64396C7A6CB2
:1008D00041E80023FB63FB6B002BE6D17B681B68C0
:1008E00008337B627B6A53E8003F3B623B6A23F03C
:1008F0000103FB647B681B680833FA6C3A63FB6294
:10090000F96A3A6B41E80023BB62BB6A002BE5D170
:100910007B682022C3F888207B6800221A677B68E6
:10092000DB6E012B2ED17B680022DA667B681B68A8
:100930003B613B6953E8003FFB60FB6823F0100319
:10094000BB647B681B681A46BB6CFB61BA61B96902
:10095000FA6941E800237B617B69002BE6D17B6863
:100960001B68DB6903F01003102B03D17B681B6845
:1009700010221A627B68B3F85C3019467868F0F789
:1009800043F80BE07868F0F767F807E07B681B68CE
:100990009A697B681B6842F008029A6100BF583769
:1009A000BD4680BD80B596B000AF78607B68B3F877
:1009B0006030A7F856307B68D3F88830222B40F09F
:1009C00095807B681B685B6AA7F854307B689B6DD9
:1009D0003B65B7F85420B7F8563013409AB23B6DD8
:1009E0001A807B689B6D9A1C7B689A657B68B3F85C
:1009F0005E309BB2013B9AB27B68A3F85E207B68B5
:100A0000B3F85E309BB2002B78D17B681B687B63A8
:100A10007B6B53E8003F3B633B6B23F49073FB64B9
:100A20007B681B681A46FB6C3B64FA63F96B3A6C93
:100A300041E80023BB63BB6B002BE6D17B681B68DE
:100A400008333B623B6A53E8003FFB61FB6923F0DC
:100A50000103BB647B681B680833BA6CFA62BB6233
:100A6000B96AFA6A41E800237B627B6A002BE5D110
:100A70007B682022C3F888207B6800221A677B6885
:100A8000DB6E012B2ED17B680022DA667B681B6847
:100A9000FB60FB6853E8003FBB60BB6823F01003BA
:100AA0007B647B681B681A467B6CBB617A617969E1
:100AB000BA6941E800233B613B69002BE6D17B68C2
:100AC0001B68DB6903F01003102B03D17B681B68E4
:100AD00010221A627B68B3F85C3019467868EFF729
:100AE00093FF0BE07868EFF7B7FF07E07B681B68C0
:100AF0009A697B681B6842F008029A6100BF583708
:100B0000BD4680BD80B5A6B000AF78607B68B3F805
:100B10006030A7F892307B681B68DB69C7F89430B7
:100B20007B681B681B68C7F88C307B681B689B68F8
:100B3000C7F888307B68D3F88830222B40F04D818D
:100B40007B68B3F86830A7F88630F4E07B681B68F0
:100B50005B6AA7F88430B7F88430D9B2B7F892301E
:100B6000DAB27B689B6D0A40D2B21A707B689B6DCB
:100B70005A1C7B689A657B68B3F85E309BB2013B78
:100B80009AB27B68A3F85E207B681B68DB69C7F8B4
:100B90009430D7F8943003F00703002B53D0D7F8E4
:100BA000943003F00103002B11D0D7F88C3003F4FC
:100BB0008073002B0BD07B681B6801221A627B6854
:100BC000D3F88C3043F001027B68C3F88C20D7F84F
:100BD000943003F00203002B11D0D7F8883003F0D3
:100BE0000103002B0BD07B681B6802221A627B6812
:100BF000D3F88C3043F004027B68C3F88C20D7F81C
:100C0000943003F00403002B11D0D7F8883003F0A0
:100C10000103002B0BD07B681B6804221A627B68DF
:100C2000D3F88C3043F002027B68C3F88C207B68D9
:100C3000D3F88C30002B06D07868EFF7B1FF7B68D3
:100C40000022C3F88C207B68B3F85E309BB2002B87
:100C500071D17B681B68FB65FB6D53E8003FBB658A
:100C6000BB6D23F48073C7F880307B681B681A461D
:100C7000D7F88030BB667A66796EBA6E41E8002399
:100C80003B663B6E002BE4D17B681B680833BB647A
:100C9000BB6C53E8003F7B647A6C564B1340FB6798
:100CA0007B681B680833FA6F7A653B65396D7A6D2E
:100CB00041E80023FB64FB6C002BE5D17B6820221C
:100CC000C3F888207B6800221A677B68DB6E012BE3
:100CD0002ED17B680022DA667B681B687B637B6BA6
:100CE00053E8003F3B633B6B23F01003BB677B681B
:100CF0001B681A46BB6F3B64FA63F96B3A6C41E8B8
:100D00000023BB63BB6B002BE6D17B681B68DB69F0
:100D100003F01003102B03D17B681B6810221A62AA
:100D20007B68B3F85C3019467868EFF76DFE02E037
:100D30007868EFF791FEB7F88630002B06D0D7F829
:100D4000943003F02003002B7FF400AF7B68B3F8EE
:100D50005E30A7F87630B7F87630002B45D07B6848
:100D6000B3F86830B7F876209A423ED27B681B68A9
:100D700008333B623B6A53E8003FFB61FB6923F0A9
:100D800080533B677B681B6808333A6FFA62BB622B
:100D9000B96AFA6A41E800237B627B6A002BE5D1DD
:100DA0007B68154A1A677B681B68FB60FB6853E821
:100DB000003FBB60BB6843F02003FB667B681B6899
:100DC0001A46FB6EBB617A617969BA6941E8002312
:100DD0003B613B69002BE6D107E07B681B689A69A1
:100DE0007B681B6842F008029A6100BF9837BD46D5
:100DF00080BD00BFFEFFFFEF4508010880B5A8B029
:100E000000AF78607B68B3F86030A7F89A307B68F1
:100E10001B68DB69C7F89C307B681B681B68C7F8D8
:100E200094307B681B689B68C7F890307B68D3F868
:100E30008830222B40F051817B68B3F86830A7F8E6
:100E40008E30F8E07B681B685B6AA7F88C307B68A3
:100E50009B6DC7F88830B7F88C20B7F89A301340EC
:100E60009AB2D7F888301A807B689B6D9A1C7B6891
:100E70009A657B68B3F85E309BB2013B9AB27B689F
:100E8000A3F85E207B681B68DB69C7F89C30D7F845
:100E90009C3003F00703002B53D0D7F89C3003F0AD
:100EA0000103002B11D0D7F8943003F48073002B8A
:100EB0000BD07B681B6801221A627B68D3F88C30E8
:100EC00043F001027B68C3F88C20D7F89C3003F014
:100ED0000203002B11D0D7F8903003F00103002B50
:100EE0000BD07B681B6802221A627B68D3F88C30B7
:100EF00043F004027B68C3F88C20D7F89C3003F0E1
:100F00000403002B11D0D7F8903003F00103002B1D
:100F10000BD07B681B6804221A627B68D3F88C3084
:100F200043F002027B68C3F88C207B68D3F88C30D6
:100F3000002B06D07868EFF733FE7B680022C3F8F9
:100F40008C207B68B3F85E309BB2002B73D17B683A
:100F50001B683B663B6E53E8003FFB65FB6D23F46B
:100F60008073C7F884307B681B681A46D7F88430D2
:100F7000FB66BA66B96EFA6E41E800237B667B6E4B
:100F8000002BE4D17B681B680833FB64FB6C53E8DF
:100F9000003FBB64BA6C574B1340C7F880307B6886
:100FA0001B680833D7F88020BA657B65796DBA6D08
:100FB00041E800233B653B6D002BE3D17B68202299
:100FC000C3F888207B6800221A677B68DB6E012BE0
:100FD0002ED17B680022DA667B681B68BB63BB6B23
:100FE00053E8003F7B637B6B23F01003FB677B6858
:100FF0001B681A46FB6F7B643A64396C7A6C41E873
:101000000023FB63FB6B002BE6D17B681B68DB696D
:1010100003F01003102B03D17B681B6810221A62A7
:101020007B68B3F85C3019467868EFF7EDFC02E0B6
:101030007868EFF711FDB7F88E30002B06D0D7F89F
:101040009C3003F02003002B7FF4FCAE7B68B3F8E8
:101050005E30A7F87A30B7F87A30002B45D07B683D
:10106000B3F86830B7F87A209A423ED27B681B68A2
:1010700008337B627B6A53E8003F3B623B6A23F0A4
:1010800080537B677B681B6808337A6F3A63FB6227
:10109000F96A3A6B41E80023BB62BB6A002BE5D1D9
:1010A0007B68154A1A677B681B683B613B6953E89C
:1010B000003FFB60FB6843F020033B677B681B68D5
:1010C0001A463B6FFB61BA61B969FA6941E80023CE
:1010D0007B617B69002BE6D107E07B681B689A691E
:1010E0007B681B6842F008029A6100BFA037BD46CA
:1010F00080BD00BFFEFFFFEFA509010880B483B0EB
:1011000000AF786000BF0C37BD465DF8047B7047C8
:1011100080B483B000AF786000BF0C37BD465DF887
:10112000047B704780B483B000AF786000BF0C3799
:10113000BD465DF8047B704780B485B000AF786031
:101140007B6893F88030012B01D1022327E07B6874
:10115000012283F880207B682422C3F884207B68E6
:101160001B681B68FB607B681B681A687B681B68D0
:1011700022F001021A60FB6823F00053FB607B68D9
:1011800000225A667B681B68FA681A607B68202216
:10119000C3F884207B68002283F88020002318464F
:1011A0001437BD465DF8047B704780B584B000AF4E
:1011B000786039607B6893F88030012B01D102237D
:1011C0002DE07B68012283F880207B682422C3F80D
:1011D00084207B681B681B68FB607B681B681A683F
:1011E0007B681B6822F001021A607B681B689B68A1
:1011F00023F060417B681B683A680A439A6078680C
:1012000000F0ACF87B681B68FA681A607B682022E3
:10121000C3F884207B68002283F8802000231846CE
:101220001037BD4680BD80B584B000AF78603960AE
:101230007B6893F88030012B01D102232DE07B687D
:10124000012283F880207B682422C3F884207B68F5
:101250001B681B68FB607B681B681A687B681B68DF
:1012600022F001021A607B681B689B6823F06061B2
:101270007B681B683A680A439A60786800F06EF8E9
:101280007B681B68FA681A607B682022C3F8842098
:101290007B68002283F88020002318461037BD4663
:1012A00080BD80B58CB000AFF860B9601346FB809C
:1012B000FB68D3F88830202B4AD1BB68002B02D0C2
:1012C000FB88002B01D1012343E0FB6893F88030B9
:1012D000012B01D102233CE0FB68012283F880202E
:1012E000FB680122DA66FB881A46B968F868FFF7DE
:1012F0002BF8034687F82F3097F82F30002B24D196
:10130000FB68DB6E012B1DD1FB681B6810221A6283
:10131000FB681B68BB61BB6953E8003F7B617B696D
:1013200043F01003BB62FB681B681A46BB6A7B6212
:101330003A62396A7A6A41E80023FB61FB69002B53
:10134000E6D102E0012387F82F3097F82F3000E034
:10135000022318463037BD4680BD000080B485B0FA
:1013600000AF78607B685B6E002B08D17B68012240
:10137000A3F86A207B680122A3F8682031E01023DB
:10138000FB731023BB737B681B689B685B0EDBB22F
:1013900003F007037B737B681B689B685B0FDBB202
:1013A00003F007033B73BB7B3A7B11498A5C02FB6A
:1013B00003F33A7B0F498A5C93FBF2F39AB27B68A2
:1013C000A3F86A20FB7B7A7B09498A5C02FB03F362
:1013D0007A7B08498A5C93FBF2F39AB27B68A3F8A4
:1013E000682000BF1437BD465DF8047B704700BF1E
:1013F0004C2801085428010880B582B000AF0D4B7D
:10140000D3F8D8300B4A43F00103C2F8D830094B67
:10141000D3F8D83003F001037B607B680022002101
:101420000B20EFF744FD0B20EFF75BFD00BF083703
:10143000BD4680BD00440258DFF834D0EFF7E4FB2E
:101440000C480D490D4A002302E0D458C45004331F
:10145000C4188C42F9D30A4A0A4C002301E01360F5
:101460000432A242FBD300F011F8EFF7D3F8704733
:101470000000022000000020B4010020B82A01086A
:10148000F40100205C210020FEE7000070B50D4D46
:101490000D4C641BA4100026A64209D10B4D0C4C28
:1014A00001F05EF9641BA4100026A64205D170BDB0
:1014B00055F8043B98470136EEE755F8043B98474A
:1014C0000136F2E7B02A0108B02A0108B02A010863
:1014D000B42A01080A44914200F1FF3300D1704759
:1014E00010B511F8014B03F8014F9142F9D110BD2D
:1014F00002440346934200D1704703F8011BF9E709
:10150000B0EE407B17EE903A1B4A23F00043934223
:101510001BDD1A4A934202DD30EE400B704700B5E6
:1015200085B0684600F064F900F0030001289DEDE5
:10153000021B9DED000B0CD0022812D070B10120CF
:1015400000F096FE05B05DF804FB9FED091B00F06E
:101550009FBA00F08DFEB1EE400BF3E700F098FA71
:10156000F0E700F095FAB1EE400BEBE7AFF3008047
:101570000000000000000000FB21E93FFFFFEF7FBB
:10158000B0EE407B17EE903A1B4A23F000439342A3
:101590001CDD1A4A934202DD30EE400B704700B565
:1015A00085B0684600F024F900F0030001289DEDA5
:1015B000021B9DED000B0ED0022813D070B100F07D
:1015C00067FAB1EE400B05B05DF804FB9FED081B18
:1015D000002000F04DBE00F05BFAF4E7012000F0BF
:1015E00047FEF0E7012000F043FEB1EE400BEAE7D2
:1015F0000000000000000000FB21E93FFFFFEF7F3B
:1016000000F026B80000000008B52DED048BB0EE08
:10161000408B00F037FAB4EE488BF1EE10FA06D6A4
:101620009FED099BB4EEC98BF1EE10FA02D4BDEC2C
:10163000048B08BD01F08EF889EE090BBDEC048B1C
:101640002123036008BD00BF00000000000000006F
:101650002DE9F04151EC110B4342614C21F0004E59
:1016600003434EEAD37382B0A3428DED000B39D809
:10167000DDE900677342334327F0004848EAD3733B
:10168000A3422FD801F1404303F5801303433ED01A
:101690008D1705F0020558EA060345EAD7752AD0EA
:1016A0005EEA000338D0A64544D0A04534D0A8EB6C
:1016B0000E0EBEF1747F4FEA2E5338DA002945DA58
:1016C0003C3343DA9FED380B012D53D0022D48D027
:1016D00075B19FED376B9FED387B30EE460B30EEEA
:1016E000470B05E09DED006B41EC170B37EE060B49
:1016F00002B0BDE8F081022D16D09DED007B9FED7C
:10170000300B032D00FE070B02B0BDE8F08102B0E4
:10171000BDE8F04100F004BE9FED2B0B9FED2C7B4C
:10172000002F20FE070BE3E79FED230BE0E79FED83
:10173000260BC9E7F04505F1FF3524D0022D2AD844
:10174000284B03EBC50595ED000BD1E79DED007B24
:1017500041EC160B87EE060B00F0E8FE00F0E0FD12
:10176000B2E79FED136B9FED147B30EE460B37EE27
:10177000400BBDE710EE901A53EC102B01F1004323
:1017800043EC102BB4E7022D08D8174B03EBC5052B
:1017900095ED000BACE79FED040BA9E79FED0E0B59
:1017A000A6E700BFAFF300800000000000000000CB
:1017B000075C143326A6A13C182D4454FB21094094
:1017C000182D4454FB2109C0182D4454FB21F93F26
:1017D000182D4454FB21F9BF182D4454FB21E93F37
:1017E0000000F07F78280108602801080000000050
:1017F00070B553EC102B9C4923F000458D4288B006
:1018000004466ADD99498D421E461BDC002B9FED84
:10181000867B40F3EC8030EE477BA1F51B21A1F5E0
:10182000F0618D426AD09FED826B012037EE465BFE
:1018300037EE457B84ED005B37EE467B84ED027B23
:1018400008B070BD8A498D4260DD8A498D424DDC09
:101850002A1510EE100AA2F21642A5EB025141EC35
:10186000170B9FED755BBDEEC76BB8EEC66B37EE21
:10187000467B27EE057BFDEEC74B8DED026BB8EE88
:10188000E46B37EE467B27EE057BB5EE407BF1EE51
:1018900010FA8DED046B8DED067B40F0978014EE11
:1018A000903A002B0CBF01230223734901910221BE
:1018B000009102A8214600F083F9002EC0DA94EDD1
:1018C000006B94ED027BB1EE466BB1EE477B84ED8D
:1018D000006B84ED027B4042B2E700200021C4E9A6
:1018E0000201002084ED000B08B070BD30EE407B9B
:1018F000002084ED027B84ED007BA1E79FED505B2F
:101900009FED516B37EE457B01208FE700F00EFE17
:10191000B6EE007B9FED4E5BA0EE057BFDEEC77B38
:101920009FED413B17EE900A9FED416B1F28B8EEEB
:10193000E75BB1EE454BA5EE430B25EE067B1CDCC9
:101940004E4B421E53F82230AB4216D030EE476B5E
:1019500084ED006B30EE460B30EE470B002E84ED2D
:10196000020BBFF66DAFB1EE466BB1EE400B84EDEE
:10197000006B84ED020B404262E730EE476B16EEDF
:10198000903AC3F30A532A15C3EB1555102DDFDD2A
:10199000B0EE403B9FED2A7B9FED2B6BA4EE073B07
:1019A00030EE430BA4EE070BB0EE407B95EE067BCA
:1019B00033EE476B16EE903AC3F30A53D21A312A2C
:1019C00006DCB0EE430B84ED006BC3E703236CE74A
:1019D0009FED216BB0EE430B9FED212BA4EE060B88
:1019E00033EE407BA4EE067B95EE027BAEE7244906
:1019F00030EE077B8D420ED09FED0D6B4FF0FF3028
:101A000037EE065B37EE457B84ED005B37EE067BF9
:101A100084ED027B14E79FED0A5B9FED0B6B37EEC5
:101A2000057B4FF0FF30EBE700004054FB21F93F0E
:101A30003163621A61B4D03D0000000000007041C3
:101A40000000601A61B4D03D7370032E8A19A33B65
:101A500083C8C96D305FE43F0000002E8A19A33BA4
:101A6000C14920259A837B39FB21E93F7BD902407C
:101A7000FB213941FFFFEF7F102901089028010861
:101A8000FB21F93FB1EEC00B704700BF0000000022
:101A900010EE903A23F00043B3F1795F2DED028B05
:101AA0002EDAFDEEC07B17EE903A002B65D020EECB
:101AB000004B9FED358B9FED362B9FED373BA4EE12
:101AC000082B9FED375BA4EE023B9FED376BA4EE36
:101AD000035B9FED377BA4EE056BA4EE067B24EE43
:101AE000077B21EE400BB6EE006BA4EE070BBDECBE
:101AF000028BB7EE007B94EE060B37EE400B70477F
:101B00009FED218B20EE004B9FED212B9FED223B83
:101B1000A4EE082B9FED225BA2EE043B9FED226B0F
:101B2000A3EE045B9FED227BA5EE046B224AA6EE9A
:101B3000047B934227EE047BD3DD204A934217DCDB
:101B4000B7EE006B0020A3F5001141EC150B36EE4B
:101B5000456BB6EE003B21EE400B94EE035BA4EE2A
:101B6000070BBDEC028B35EE400B36EE400B704799
:101B7000B6EE076BB5EE025BEBE7B7EE000BBDEC24
:101B8000028B7047AFF30080D43888BEE9FAA8BD55
:101B9000C4B1B4BD9EEE213EAD529C804F7E92BE3C
:101BA0009015CB19A001FA3E7751C1166CC156BFF2
:101BB0004C5555555555A53F3233D33F0000E93FAD
:101BC0002DE9F04F2DED088BADF5157D1C460493E6
:101BD0000791AD4BA69912F1140F53F8215082468C
:101BE00004F1FF38C0F2A682A849D31E81FB03018D
:101BF000DB17C3EBA10303930133A3EB8303DB00E8
:101C0000D3180693039B15EB0801A3EB08031AD422
:101C100001319FED976BA79819441CAA0AE050F870
:101C2000234007EE904A0133B8EEE77B8B42A2ECEB
:101C3000027B08D0002BF2DAB0EE467B01338B42F8
:101C4000A2EC027BF6D1002DC0F2D482049B1CAA28
:101C500002EBC3046CAE4FEAC30C4046EF180AEB2C
:101C6000C301B8F1000F9FED827B09DB224653468A
:101C7000B3EC025B32ED026B8B42A5EE067BF7D133
:101C80000130B842A6EC027B04F10804E9D107ABAD
:101C900008AF03EB85099FED789B07EB85039FED6C
:101CA000788B083BDDF818B005930AEB0C046CAE9A
:101CB0002946019594AB03EBC103002913ED280BD2
:101CC00016DD06EBC1033A4620EE097B33ED025BDD
:101CD000B0EE406BBDEEC77BB342B8EEC77BA7EE5C
:101CE000486BBDEEC66B37EE050BA2EC016AEBD17B
:101CF0005846029100F0A8FCB0EE40ABB4EE000BE9
:101D00002AEE000B00F01CFCB2EE007BA0EE47AB0D
:101D1000BDEECABBBBF1000FB8EECB7B02993AEE29
:101D200047AB75DD01F1FF3CCBF1180357F82C20D0
:101D300042FA03F000FA03F3D31ACBF117051BEEB6
:101D4000102A43FA05F50244002D47F82C300BEE1B
:101D5000102A65DCB5EE40ABF1EE10FA40F0C7801A
:101D6000019B01F1FF3C63450EDC01F18042013A29
:101D700007EB8202002052F804394A4540EA03008A
:101D8000F9D1002840F0F580019B013B57F8233042
:101D9000002B40F0E980059B012553F8042901350B
:101DA000002AFAD001F1010E0D447046049B19443B
:101DB000039B03EB0E0C0CF1804CA79B0CF1FF3C3A
:101DC00003EB8C0C1CAB06EBCE0E03EBC1019CEDC0
:101DD000017AB8EEC77BB8F1000F81ED007B0CF102
:101DE000040C0A469FED226B01F1080109DB534602
:101DF00001E032ED027BB3EC025BA342A5EE076B80
:101E0000F7D10130A842AEEC026BE0DD294651E784
:101E100040F0A0804B1E57F82350ED15002D99DDA2
:101E20001BEE103A002903F101030BEE103A40F3C8
:101E300097813A68002A40F0858001292FD03B46DF
:101E4000012053F8042F002A7FD0431CC2F1807276
:101E5000994247F8202021DD57F8232007EB810C19
:101E600007EB83036FF07F4013E000BFAFF3008008
:101E70000000000000000000000000000000703EB4
:101E80000000000000007041582A0108ABAAAA2AED
:101E90001A68821A43F8042B6345F9D10122BBF179
:101EA000000F0DDDBBF1010F00F03C81BBF1020F13
:101EB00006D1481E57F82030C3F3150347F82030E9
:101EC000022D7FF447AFB7EE000B30EE4AAB002A8D
:101ED0003FF440AF5846029100F0B6FB3AEE40ABFB
:101EE000B5EE40ABF1EE10FA02993FF439AF069C23
:101EF000B0EE4A0B604202958B46019D00F0A4FBB8
:101F00009FEDBF6BB4EEC60BF1EE10FA029AC0F271
:101F10004D819FEDBD7B20EE077BBDEEC77B0BF1B6
:101F20000103B8EEC75BA5EE460BBDEEC00B18343F
:101F300010EE101A47F82B1017EE101A069447F8F7
:101F400023102DE00123002080E7013088427FF438
:101F500078AFA4E7B6EE007BB4EEC7ABF1EE10FAB3
:101F600080F2ED800025F5E601F1010E7046754620
:101F70001CE78B460699A1F1180057F82C10069023
:101F80002A466346019D59B90BF18041023907EB9E
:101F9000810151F80449013B1838002CF9D0069012
:101FA0000698B7EE000BCDE9012300F04DFB029B34
:101FB000019A002BC0F236816CA99FED936B01EB67
:101FC000C30403F1010E07EB8E014FEAC30C04F1C9
:101FD000080031ED017AB942B8EEC77B27EE007BED
:101FE00020EE060B20ED027BF3D19FED894B2746B7
:101FF00000260DF58878002D9FED877B10DBB0EE75
:10200000446B874C3846002103E08E4208DBB4EC79
:10201000026BB0EC025B01318D42A5EE067BF4DA77
:1020200008EBC601B34281ED007BA7F1080706F17A
:10203000010101D00E46DEE7A69902291EDC002927
:1020400000F3908010D19FED747B0CF108034344A2
:1020500033ED026B984537EE067BF9D10AB1B1EE4C
:10206000477B079B83ED007B1BEE103A03F00700D4
:102070000DF5157DBDEC088BBDE8F08FA699032901
:10208000F2D1002B00F0EB8008EB0C0191ED006B1E
:1020900008EBC30131ED027BB0EE465B884536EEBE
:1020A000076B37EE467B81ED006B37EE057B81EDEC
:1020B000027BEFD1012B40F3D28003F10053C444E3
:1020C000013BDB009CED006B03F10801414446A895
:1020D00031ED027BB0EE465B884236EE076B37EEA1
:1020E000467B81ED006B37EE057B81ED027BEFD106
:1020F0009FED497B1033434408F1100133ED026B2F
:10210000994237EE067BF9D1002A57D1D8E9000170
:10211000D8E90223079C84ED047BC4E90001C4E9EB
:102120000223A1E7481E57F82030C3F3160347F8EF
:102130002030C5E600216FF01703039160E51BEE28
:10214000103A002903F101030BEE103AC8BF022533
:102150003FF76FAEB7EE007B37EE4AAB0225F9E5ED
:1021600000229CE69FED2C7B08EBCE0E3EED026B31
:10217000F04537EE067BF9D198ED006B82BB0799ED
:10218000002B81ED007B36EE477B0BDD46A801215D
:10219000B0EC026B01318B4237EE067BF8DA0AB104
:1021A000B1EE477B079B83ED027B5DE7BDEEC00B85
:1021B00010EE103A47F82B305B46F1E698ED005BE5
:1021C000B1EE477B98ED026BB1EE455B079BB1EE3C
:1021D000466B83ED005B83ED026B83ED047B43E78D
:1021E0000799B1EE475B002B81ED005B36EE477B34
:1021F000CCDCD5E7049B4FEAC30C48E5AFF3008085
:102200000000000000007041000000000000703E6F
:1022100000000040FB21F93F00000000000000002A
:10222000202A0108A699022909DC002912DC7FF482
:102230001BAF9FED0D7B002A3FF413AF0FE7A69B6A
:10224000032B7FF411AF9FED087B0DF58878002AF2
:10225000B4D15BE79FED047B0DF588788CE79FEDAB
:10226000027B002AAAD151E7000000000000000014
:1022700010EE903A23F00043B3F1795F04DAFDEEFB
:10228000C07B17EE903A5BB320EE007B9FED162BE0
:102290009FED173B9FED184BA7EE023B9FED185BA0
:1022A000A3EE074B9FED186BA4EE075BA5EE076B43
:1022B00020EE075B30B99FED164BA7EE064BA4EE60
:1022C000050B70479FED144B26EE456BB6EE003BB9
:1022D000A1EE036B96EE071BA5EE041B30EE410B3F
:1022E000704700BFAFF300807CD5CF5A3AD9E53DA7
:1022F000EB9C2B8AE6E55ABE7DFEB157E31DC73E37
:10230000D561C119A0012ABFA6F810111111813F92
:10231000495555555555C5BF495555555555C53F51
:1023200038B5B0EE407B17EE905A794B25F000445B
:102330009C422DED0C8B16DD764B9C420EDC09D0B9
:102340009FED577B9FED580B002D37FE000BBDEC2A
:102350000C8B38BD10EE103A002BF1D037EE070B86
:10236000BDEC0C8B38BD6C4B9C425CDCA3F1DE7386
:102370009C424CDD4FF0FF339FED4DAB27EE075BEA
:1023800025EE056B9FED4C8B9FED4D1BA6EE0A8B4A
:102390009FED4D3BA8EE061B9FED4DBBA1EE063B0E
:1023A0009FED4DDBA3EE06BB9FED4D9BABEE06DB39
:1023B0002DEE05DB9FED4C0B9FED4D2BA6EE090B93
:1023C0009FED4D4BA0EE062B9FED4DCBA2EE064BA5
:1023D0005A1CA4EE06CB2CEE06CB39D03DEE0CDB1E
:1023E0004E494F4A01EBC30102EBC30391ED000BD1
:1023F00093ED006B9DEE070B30EE470B002D36EE94
:10240000400BA4DAB1EE400BBDEC0C8B38BD9FED58
:102410003E6BB7EE005B30EE066BB4EEC56BF1EED3
:1024200010FAA7DD93E700F081F83E4B9C4218DCE0
:10243000A3F550239C4229DCB0EE007BBFEE006B7D
:1024400030EE075BA0EE076B002386EE057B93E77B
:102450003DEE0CDBADEE477BBDEC0C8BB0EE470BDD
:1024600038BD314B9C420BDAB7EE087BB7EE006B00
:1024700030EE475BA0EE076B022385EE067B7BE721
:10248000BFEE006B032386EE007B75E7B7EE007BA3
:10249000012330EE476B30EE070B86EE007B6BE7D7
:1024A000182D4454FB21F93F182D4454FB21F9BF4A
:1024B00011DA22E33AAD903FEB0D76244B7BA93F36
:1024C000513DD0A0660DB13F6E204CC5CD45B73F04
:1024D000FF8300922449C23F0D5555555555D53FB0
:1024E0002F6C6A2C44B4A2BF9AFDDE522DDEADBF24
:1024F0006D9A74AFF2B0B3BF711623FEC671BCBF44
:10250000C4EB98999999C9BF9C7500883CE4377EC3
:10251000FFFF0F440000F07FFFFFDB3F882A010828
:10252000682A0108FFFFF23F0080034051EC100BC6
:1025300010EE102A21F0004343EC102B704700BF2F
:1025400082B08DED000B01990098C1F30A52A2F2FE
:10255000FF33132B31DC002B21DB394A1A4101EA0E
:10256000020C5CEA000C2DD09FED337B9DED006BDF
:1025700036EE077BB5EEC07BF1EE10FA09DD0029DF
:1025800004DA4FF4801040FA03F3194421EA0201FF
:1025900000200B46024643EC102B02B070479FED23
:1025A000267B30EE077BB5EEC07BF1EE10FAF0DD56
:1025B000002928DB00200146EBE7332B06DDB3F5CD
:1025C000806F1BD09DED000B02B07047A2F213424A
:1025D0004FF0FF3C2CFA02F20242F3D09FED167B43
:1025E0009DED006B36EE077BB5EEC07BF1EE10FA89
:1025F000CFDD002910DB20EA0200CAE79DED007B59
:1026000037EE070BE0E721F000430E4A184300289D
:1026100018BF11460020BCE7142B09D04FF0010C65
:10262000C3F134030CFA03F3181828BF6144E2E73E
:102630000131E0E7AFF300809C7500883CE4377E11
:10264000FFFF0F000000F0BF53EC102BC3F30A5143
:1026500000B59C4671BB10EE101A23F0004C5CEAEA
:10266000010125D09FED2E7B394920EE077B884262
:1026700053EC172B4CDBC3F30A519C46363901440B
:1026800040F2FE7E71451DDC002937DC11F1350F6B
:1026900025DA4CF25031884214DC9FED230B9FED7C
:1026A000246BB0EE407B002B20FE060B20EE070BC8
:1026B0005DF804FB40F2FF7E7145E0D130EE000B87
:1026C0005DF804FB9FED1C0B9FED1D6BB0EE407B96
:1026D000002B20FE060B20EE070B5DF804FB2CF010
:1026E000FF4C36312CF4E00C9FED177B4CEA015384
:1026F00043EC102B20EE070B5DF804FB2CF0FF4C95
:102700002CF4E00C4CEA015343EC102B5DF804FB75
:102710009FED050B27EE000B5DF804FBAFF3008087
:10272000000000000000504359F3F8C21F6EA501DD
:1027300059F3F8C21F6EA5819C7500883CE4377E72
:102740009C7500883CE437FE000000000000903CCF
:10275000B03CFFFF014B1868704700BF50010020DC
:10276000F8B500BFF8BC08BC9E467047F8B500BF7E
:08277000F8BC08BC9E4670474E
:102778000000000000000000000000000000000051
:10278800000000000100000002000000030000003B
:102798000400000000000000050000000000000028
:1027A800000000000000000006000000000000001B
:1027B80000000000000000000700000053544D33E3
:1027C80032205669727475616C20436F6D506F7258
:1027D8007400000053544D6963726F656C656374CF
:1027E800726F6E696373000043444320436F6E66E3
:1027F8006967000043444320496E746572666163EB
:102808006500000000000000010203040102030447
:102818000607080900061016000610160001020334
:1028280004050607080C10141820304001000200A7
:102838000400060008000A000C00100020004000F8
:1028480080000001010101030701000008040204DF
:102858000801010100000000182D4454FB21E9BFC4
:10286800D221337F7CD90240D221337F7CD902C068
:102878000000000000000080182D4454FB2109408E
:10288800182D4454FB2109C0FB21F93FFB210940C5
:102898007CD91240FB2119407A6A1F407CD922401A
:1028A800BBFD2540FB2129403A462C407A6A2F403F
:1028B8005C4731407CD932409C6B3440BBFD35408D
:1028C800DB8F3740FB2139401BB43A403A463C4045
:1028D8005AD83D407A6A3F404C7E40405C47414070
:1028E8006C1042407CD942408CA243409C6B4440CF
:1028F800AC344540BBFD4540CBC64640DB8F474026
:10290800EB584840FB21494083F9A200444E6E0031
:10291800FC291500D1572700DD34F50062DBC00023
:102928003C999500419043006351FE00BBDEAB002B
:10293800B761C5003A6E2400D24D42004906E00056
:1029480009EA2E001C92D100EB1DFE0029B11C00E3
:10295800E83EA700F535820044BB2E009CE98400C0
:10296800B4267000417E5F00D69139005383390048
:102978009CF439008B5F840028F9BD00F81F3B00E8
:10298800DEFF97000F980500112FEF000A5A8B0001
:102998006D1F6D00CF7E360009CB2700464FB7006C
:1029A8009E663F002DEA5F00BA277500E5EBC70079
:1029B8003D7BF100F739070092528A00FB6BEA0071
:1029C8001FB15F00085D8D00300356007BFC460098
:1029D800F0AB6B0020BCCF0036F49A00E3A91D00D1
:1029E8005E619100081BE60085996500A0145F00F0
:1029F8008D40680080D8FF0027734D00060631001F
:102A0800CA561500C9A873007BE260006B8CC00031
:102A180000000040FB21F93F000000002D44743EF7
:102A2800000000809846F83C0000006051CC783BDC
:102A380000000080831BF0390000004020257A3810
:102A4800000000802282E336000000001DF3693593
:102A5800020000000300000004000000060000005F
:102A68004FBB610567ACDD3F182D4454FB21E93F9E
:102A78009BF681D20B73EF3F182D4454FB21F93F8D
:102A8800E2652F227F2B7A3C075C143326A6813C13
:102A9800BDCBF07A8807703C075C143326A6913CBE
:082AA80098D8FE7F0100000038
:042AB000F502000823
:042AB400D102000843
:102AB8000090D0030090D003100000000100000037
:102AC800FFFFFFFFFFFFFFFD0506070801020304E4
:102AD800DB0FC93FDB0FC93FDB0FC93FDB0FC93F26
:102AE800DB0FC93F9A99993E0000003F000080BF64
:102AF8000000803F0000803F000080BF0000803F52
:102B08000000803F000080BF000080BF000103027A
:102B1800DD8A0008018B0008618B0008258B0008FE
:102B2800898B0008AD8B0008E98B000812010002B0
:102B38000202004083044057000201020301000022
:102B4800040309041A03000000000000000000004C
:102B5800000000000000000000000000000000006D
:102B6800FD8C0008258D0008358D0008F18D0008C2
:102B7800718E00080A0600020000004001000000F3
:102B8800F9D80008E9DA0008EDDB000800000000C9
:102B980013DF0008A5DD0008A3DE00080000000020
:102BA8000000000000000000F9DF000889DF0008CD
:102BB80069E00008D9E0000809024300020100C0EA
:102BC8003209040000010202010005240010010579
:102BD80024010001042402020524060001070582DD
:102BE8000308001009040100020A0000000705019B
:102BF80002400000070581024000008101820000B8
:102C08005401002000000000000000000000000047
:102C180000000000000000000000000000000000AC
:102C2800000000000000000000000000000000009C
:102C3800000000000000000000000000000000008C
:102C4800000000000000000000000000000000007C
:102C5800000000000000000000000000000000006C
:042C68000000000068
:102C6C000000000000000000000000000000000058
:102C7C000000000000000000000000000000000048
:102C8C000000000000000000000000000000000038
:102C9C000000000000000000000000000000000028
:0400000508011439A1
:00000001FF
